origin,destination,fare,f
Mundalama,Vennappuwa,360.0,"[:Fare {fare: 360.0, route_id: route_cb15d6ac_109_1767932250, route_type: Katunayake Expressway, fare_type: AC}]"
Mundalama,Vennappuwa,360.0,"[:Fare {fare: 360.0, route_id: route_db78ea66_304_1767932356, route_type: Normal Route, fare_type: AC}]"
Mundalama,Panadura,780.0,"[:Fare {fare: 780.0, route_id: route_db78ea66_339_1767932356, route_type: Normal Route, fare_type: AC}]"
Mundalama,Marawila,315.0,"[:Fare {fare: 315.0, route_id: route_db78ea66_243_1767932356, route_type: Normal Route, fare_type: AC}]"
Mundalama,Marawila,315.0,"[:Fare {fare: 315.0, route_id: route_cb15d6ac_110_1767932250, route_type: Katunayake Expressway, fare_type: AC}]"
Mundalama,Chilaw,225.0,"[:Fare {fare: 225.0, route_id: route_db78ea66_60_1767932356, route_type: Normal Route, fare_type: AC}]"
Mundalama,Ja Ela,550.0,"[:Fare {fare: 550.0, route_id: route_db78ea66_240_1767932356, route_type: Normal Route, fare_type: AC}]"
Mundalama,Ja Ela,550.0,"[:Fare {fare: 550.0, route_id: route_db78ea66_267_1767932356, route_type: Normal Route, fare_type: AC}]"
Mundalama,Wattala,600.0,"[:Fare {fare: 600.0, route_id: route_db78ea66_301_1767932356, route_type: Normal Route, fare_type: AC}]"
Mundalama,Negambo,460.0,"[:Fare {fare: 460.0, route_id: route_db78ea66_134_1767932356, route_type: Normal Route, fare_type: AC}]"
Mundalama,Katunayake,490.0,"[:Fare {fare: 490.0, route_id: route_cb15d6ac_7_1767932250, route_type: Katunayake Expressway, fare_type: AC}]"
Mundalama,Thelwatta,460.0,"[:Fare {fare: 460.0, route_id: route_db78ea66_59_1767932356, route_type: Normal Route, fare_type: AC}]"
Mundalama,Thelwatta,460.0,"[:Fare {fare: 460.0, route_id: route_cb15d6ac_8_1767932250, route_type: Katunayake Expressway, fare_type: AC}]"
Mundalama,Narahenpita,660.0,"[:Fare {fare: 660.0, route_id: route_db78ea66_341_1767932356, route_type: Normal Route, fare_type: AC}]"
Mundalama,Moratuwa,745.0,"[:Fare {fare: 745.0, route_id: route_db78ea66_233_1767932356, route_type: Normal Route, fare_type: AC}]"
Mundalama,Dehiwala,690.0,"[:Fare {fare: 690.0, route_id: route_db78ea66_340_1767932356, route_type: Normal Route, fare_type: AC}]"
Mundalama,18 Kanuwa,490.0,"[:Fare {fare: 490.0, route_id: route_db78ea66_342_1767932356, route_type: Normal Route, fare_type: AC}]"
Nochchiyagama,Mundalama,490.0,"[:Fare {fare: 490.0, route_id: route_cb15d6ac_19_1767932250, route_type: Katunayake Expressway, fare_type: AC}]"
Nochchiyagama,Mundalama,490.0,"[:Fare {fare: 490.0, route_id: route_db78ea66_186_1767932356, route_type: Normal Route, fare_type: AC}]"
Nochchiyagama,Vennappuwa,765.0,"[:Fare {fare: 765.0, route_id: route_cb15d6ac_130_1767932250, route_type: Katunayake Expressway, fare_type: AC}]"
Nochchiyagama,Vennappuwa,765.0,"[:Fare {fare: 765.0, route_id: route_db78ea66_263_1767932356, route_type: Normal Route, fare_type: AC}]"
Nochchiyagama,Madurankuliya,425.0,"[:Fare {fare: 425.0, route_id: route_cb15d6ac_134_1767932250, route_type: Katunayake Expressway, fare_type: AC}]"
Nochchiyagama,Madurankuliya,425.0,"[:Fare {fare: 425.0, route_id: route_db78ea66_267_1767932356, route_type: Normal Route, fare_type: AC}]"
Nochchiyagama,Kalaoya,165.0,"[:Fare {fare: 165.0, route_id: route_db78ea66_327_1767932356, route_type: Normal Route, fare_type: AC}]"
Nochchiyagama,Kalaoya,165.0,"[:Fare {fare: 165.0, route_id: route_cb15d6ac_260_1767932250, route_type: Katunayake Expressway, fare_type: AC}]"
Nochchiyagama,Panadura,1180.0,"[:Fare {fare: 1180.0, route_id: route_db78ea66_373_1767932356, route_type: Normal Route, fare_type: AC}]"
Nochchiyagama,Marawila,725.0,"[:Fare {fare: 725.0, route_id: route_db78ea66_264_1767932356, route_type: Normal Route, fare_type: AC}]"
Nochchiyagama,Marawila,725.0,"[:Fare {fare: 725.0, route_id: route_cb15d6ac_131_1767932250, route_type: Katunayake Expressway, fare_type: AC}]"
Nochchiyagama,Chilaw,635.0,"[:Fare {fare: 635.0, route_id: route_db78ea66_67_1767932356, route_type: Normal Route, fare_type: AC}]"
Nochchiyagama,Ja Ela,950.0,"[:Fare {fare: 950.0, route_id: route_db78ea66_261_1767932356, route_type: Normal Route, fare_type: AC}]"
Nochchiyagama,Negambo,865.0,"[:Fare {fare: 865.0, route_id: route_db78ea66_139_1767932356, route_type: Normal Route, fare_type: AC}]"
Nochchiyagama,Katunayake,900.0,"[:Fare {fare: 900.0, route_id: route_cb15d6ac_16_1767932250, route_type: Katunayake Expressway, fare_type: AC}]"
Nochchiyagama,Thelwatta,865.0,"[:Fare {fare: 865.0, route_id: route_db78ea66_66_1767932356, route_type: Normal Route, fare_type: AC}]"
Nochchiyagama,Thelwatta,865.0,"[:Fare {fare: 865.0, route_id: route_cb15d6ac_17_1767932250, route_type: Katunayake Expressway, fare_type: AC}]"
Nochchiyagama,Puttalam,345.0,"[:Fare {fare: 345.0, route_id: route_db78ea66_69_1767932356, route_type: Normal Route, fare_type: AC}]"
Nochchiyagama,Norochchole,480.0,"[:Fare {fare: 480.0, route_id: route_db78ea66_4_1767932356, route_type: Normal Route, fare_type: AC}]"
Nochchiyagama,Kalpitiya,615.0,"[:Fare {fare: 615.0, route_id: route_db78ea66_3_1767932356, route_type: Normal Route, fare_type: AC}]"
Nochchiyagama,Palawiya,380.0,"[:Fare {fare: 380.0, route_id: route_db78ea66_5_1767932356, route_type: Normal Route, fare_type: AC}]"
Nochchiyagama,Narahenpita,1060.0,"[:Fare {fare: 1060.0, route_id: route_db78ea66_375_1767932356, route_type: Normal Route, fare_type: AC}]"
Nochchiyagama,Moratuwa,1150.0,"[:Fare {fare: 1150.0, route_id: route_db78ea66_263_1767932356, route_type: Normal Route, fare_type: AC}]"
Nochchiyagama,Dehiwala,1100.0,"[:Fare {fare: 1100.0, route_id: route_db78ea66_374_1767932356, route_type: Normal Route, fare_type: AC}]"
Nochchiyagama,18 Kanuwa,900.0,"[:Fare {fare: 900.0, route_id: route_db78ea66_376_1767932356, route_type: Normal Route, fare_type: AC}]"
Nochchiyagama,Karuwalagaswawe,270.0,"[:Fare {fare: 270.0, route_id: route_db78ea66_382_1767932356, route_type: Normal Route, fare_type: AC}]"
Anuradhapura,Mundalama,620.0,"[:Fare {fare: 620.0, route_id: route_cb15d6ac_25_1767932250, route_type: Katunayake Expressway, fare_type: AC}]"
Anuradhapura,Mundalama,620.0,"[:Fare {fare: 620.0, route_id: route_db78ea66_73_1767932356, route_type: Normal Route, fare_type: AC}]"
Anuradhapura,Mundalama,615.0,"[:Fare {fare: 615.0, route_id: route_db78ea66_145_1767932356, route_type: Normal Route, fare_type: AC}]"
Anuradhapura,Nochchiyagama,210.0,"[:Fare {fare: 210.0, route_id: route_cb15d6ac_27_1767932250, route_type: Katunayake Expressway, fare_type: AC}]"
Anuradhapura,Nochchiyagama,210.0,"[:Fare {fare: 210.0, route_id: route_db78ea66_75_1767932356, route_type: Normal Route, fare_type: AC}]"
Anuradhapura,Nochchiyagama,200.0,"[:Fare {fare: 200.0, route_id: route_db78ea66_147_1767932356, route_type: Normal Route, fare_type: AC}]"
Anuradhapura,Vennappuwa,900.0,"[:Fare {fare: 900.0, route_id: route_cb15d6ac_139_1767932250, route_type: Katunayake Expressway, fare_type: AC}]"
Anuradhapura,Vennappuwa,900.0,"[:Fare {fare: 900.0, route_id: route_db78ea66_272_1767932356, route_type: Normal Route, fare_type: AC}]"
Anuradhapura,Vennappuwa,940.0,"[:Fare {fare: 940.0, route_id: route_db78ea66_464_1767932356, route_type: Normal Route, fare_type: AC}]"
Anuradhapura,Madurankuliya,555.0,"[:Fare {fare: 555.0, route_id: route_cb15d6ac_143_1767932250, route_type: Katunayake Expressway, fare_type: AC}]"
Anuradhapura,Madurankuliya,555.0,"[:Fare {fare: 555.0, route_id: route_db78ea66_276_1767932356, route_type: Normal Route, fare_type: AC}]"
Anuradhapura,Pallama,700.0,"[:Fare {fare: 700.0, route_id: route_db78ea66_467_1767932356, route_type: Normal Route, fare_type: AC}]"
Anuradhapura,Adigama,635.0,"[:Fare {fare: 635.0, route_id: route_db78ea66_468_1767932356, route_type: Normal Route, fare_type: AC}]"
Anuradhapura,Anamaduwa,555.0,"[:Fare {fare: 555.0, route_id: route_db78ea66_469_1767932356, route_type: Normal Route, fare_type: AC}]"
Anuradhapura,Kalaoya,300.0,"[:Fare {fare: 300.0, route_id: route_cb15d6ac_267_1767932250, route_type: Katunayake Expressway, fare_type: AC}]"
Anuradhapura,Kalaoya,300.0,"[:Fare {fare: 300.0, route_id: route_db78ea66_333_1767932356, route_type: Normal Route, fare_type: AC}]"
Anuradhapura,Panadura,1315.0,"[:Fare {fare: 1315.0, route_id: route_db78ea66_384_1767932356, route_type: Normal Route, fare_type: AC}]"
Anuradhapura,Matale,755.0,"[:Fare {fare: 755.0, route_id: route_db78ea66_318_1767932356, route_type: Normal Route, fare_type: AC}]"
Anuradhapura,Matale,715.0,"[:Fare {fare: 715.0, route_id: route_db78ea66_376_1767932356, route_type: Normal Route, fare_type: AC}]"
Anuradhapura,Nawula,615.0,"[:Fare {fare: 615.0, route_id: route_db78ea66_320_1767932356, route_type: Normal Route, fare_type: AC}]"
Anuradhapura,Nawula,570.0,"[:Fare {fare: 570.0, route_id: route_db78ea66_378_1767932356, route_type: Normal Route, fare_type: AC}]"
Anuradhapura,Dambulla,470.0,"[:Fare {fare: 470.0, route_id: route_db78ea66_44_1767932356, route_type: Normal Route, fare_type: AC}]"
Anuradhapura,Dambulla,500.0,"[:Fare {fare: 500.0, route_id: route_db78ea66_255_1767932356, route_type: Normal Route, fare_type: AC}]"
Anuradhapura,Dambulla,510.0,"[:Fare {fare: 510.0, route_id: route_db78ea66_453_1767932356, route_type: Normal Route, fare_type: AC}]"
Anuradhapura,Kakirawa,345.0,"[:Fare {fare: 345.0, route_id: route_db78ea66_45_1767932356, route_type: Normal Route, fare_type: AC}]"
Anuradhapura,Kakirawa,390.0,"[:Fare {fare: 390.0, route_id: route_db78ea66_322_1767932356, route_type: Normal Route, fare_type: AC}]"
Anuradhapura,Kakirawa,380.0,"[:Fare {fare: 380.0, route_id: route_db78ea66_256_1767932356, route_type: Normal Route, fare_type: AC}]"
Anuradhapura,Kakirawa,390.0,"[:Fare {fare: 390.0, route_id: route_db78ea66_454_1767932356, route_type: Normal Route, fare_type: AC}]"
Anuradhapura,Marawila,855.0,"[:Fare {fare: 855.0, route_id: route_cb15d6ac_140_1767932250, route_type: Katunayake Expressway, fare_type: AC}]"
Anuradhapura,Marawila,855.0,"[:Fare {fare: 855.0, route_id: route_db78ea66_273_1767932356, route_type: Normal Route, fare_type: AC}]"
Anuradhapura,Marawila,900.0,"[:Fare {fare: 900.0, route_id: route_db78ea66_465_1767932356, route_type: Normal Route, fare_type: AC}]"
Anuradhapura,Chilaw,765.0,"[:Fare {fare: 765.0, route_id: route_db78ea66_72_1767932356, route_type: Normal Route, fare_type: AC}]"
Anuradhapura,Chilaw,755.0,"[:Fare {fare: 755.0, route_id: route_db78ea66_144_1767932356, route_type: Normal Route, fare_type: AC}]"
Anuradhapura,Chilaw,810.0,"[:Fare {fare: 810.0, route_id: route_db78ea66_466_1767932356, route_type: Normal Route, fare_type: AC}]"
Anuradhapura,Ja Ela,1085.0,"[:Fare {fare: 1085.0, route_id: route_db78ea66_270_1767932356, route_type: Normal Route, fare_type: AC}]"
Anuradhapura,Ja Ela,1130.0,"[:Fare {fare: 1130.0, route_id: route_db78ea66_462_1767932356, route_type: Normal Route, fare_type: AC}]"
Anuradhapura,Wattala,1180.0,"[:Fare {fare: 1180.0, route_id: route_db78ea66_461_1767932356, route_type: Normal Route, fare_type: AC}]"
Anuradhapura,Negambo,985.0,"[:Fare {fare: 985.0, route_id: route_db78ea66_143_1767932356, route_type: Normal Route, fare_type: AC}]"
Anuradhapura,Katunayake,1030.0,"[:Fare {fare: 1030.0, route_id: route_cb15d6ac_22_1767932250, route_type: Katunayake Expressway, fare_type: AC}]"
Anuradhapura,Thelwatta,995.0,"[:Fare {fare: 995.0, route_id: route_db78ea66_71_1767932356, route_type: Normal Route, fare_type: AC}]"
Anuradhapura,Thelwatta,1040.0,"[:Fare {fare: 1040.0, route_id: route_db78ea66_463_1767932356, route_type: Normal Route, fare_type: AC}]"
Anuradhapura,Thelwatta,995.0,"[:Fare {fare: 995.0, route_id: route_cb15d6ac_23_1767932250, route_type: Katunayake Expressway, fare_type: AC}]"
Anuradhapura,Puttalam,470.0,"[:Fare {fare: 470.0, route_id: route_db78ea66_146_1767932356, route_type: Normal Route, fare_type: AC}]"
Anuradhapura,Puttalam,480.0,"[:Fare {fare: 480.0, route_id: route_db78ea66_74_1767932356, route_type: Normal Route, fare_type: AC}]"
Anuradhapura,Navagaththegama,460.0,"[:Fare {fare: 460.0, route_id: route_db78ea66_470_1767932356, route_type: Normal Route, fare_type: AC}]"
Anuradhapura,Galigamuwa,320.0,"[:Fare {fare: 320.0, route_id: route_db78ea66_193_1767932356, route_type: Normal Route, fare_type: AC}]"
Anuradhapura,Galigamuwa,335.0,"[:Fare {fare: 335.0, route_id: route_db78ea66_471_1767932356, route_type: Normal Route, fare_type: AC}]"
Anuradhapura,Thabuththegama,240.0,"[:Fare {fare: 240.0, route_id: route_db78ea66_472_1767932356, route_type: Normal Route, fare_type: AC}]"
Anuradhapura,Thabuththegama,225.0,"[:Fare {fare: 225.0, route_id: route_db78ea66_194_1767932356, route_type: Normal Route, fare_type: AC}]"
Anuradhapura,Thalawa,165.0,"[:Fare {fare: 165.0, route_id: route_db78ea66_324_1767932356, route_type: Normal Route, fare_type: AC}]"
Anuradhapura,Nittabuwa,1130.0,"[:Fare {fare: 1130.0, route_id: route_db78ea66_446_1767932356, route_type: Normal Route, fare_type: AC}]"
Anuradhapura,Nittabuwa,995.0,"[:Fare {fare: 995.0, route_id: route_db78ea66_253_1767932356, route_type: Normal Route, fare_type: AC}]"
Anuradhapura,Nittabuwa,1120.0,"[:Fare {fare: 1120.0, route_id: route_db78ea66_248_1767932356, route_type: Normal Route, fare_type: AC}]"
Anuradhapura,Nittabuwa,1085.0,"[:Fare {fare: 1085.0, route_id: route_db78ea66_37_1767932356, route_type: Normal Route, fare_type: AC}]"
Anuradhapura,Norochchole,600.0,"[:Fare {fare: 600.0, route_id: route_db78ea66_8_1767932356, route_type: Normal Route, fare_type: AC}]"
Anuradhapura,Kalpitiya,735.0,"[:Fare {fare: 735.0, route_id: route_db78ea66_7_1767932356, route_type: Normal Route, fare_type: AC}]"
Anuradhapura,Kiribathgoda,1285.0,"[:Fare {fare: 1285.0, route_id: route_db78ea66_444_1767932356, route_type: Normal Route, fare_type: AC}]"
Anuradhapura,Kiribathgoda,1150.0,"[:Fare {fare: 1150.0, route_id: route_db78ea66_251_1767932356, route_type: Normal Route, fare_type: AC}]"
Anuradhapura,Kiribathgoda,1270.0,"[:Fare {fare: 1270.0, route_id: route_db78ea66_246_1767932356, route_type: Normal Route, fare_type: AC}]"
Anuradhapura,Kiribathgoda,1240.0,"[:Fare {fare: 1240.0, route_id: route_db78ea66_35_1767932356, route_type: Normal Route, fare_type: AC}]"
Anuradhapura,Yakkala,1175.0,"[:Fare {fare: 1175.0, route_id: route_db78ea66_247_1767932356, route_type: Normal Route, fare_type: AC}]"
Anuradhapura,Yakkala,1140.0,"[:Fare {fare: 1140.0, route_id: route_db78ea66_36_1767932356, route_type: Normal Route, fare_type: AC}]"
Anuradhapura,Yakkala,1180.0,"[:Fare {fare: 1180.0, route_id: route_db78ea66_445_1767932356, route_type: Normal Route, fare_type: AC}]"
Anuradhapura,Yakkala,1050.0,"[:Fare {fare: 1050.0, route_id: route_db78ea66_252_1767932356, route_type: Normal Route, fare_type: AC}]"
Anuradhapura,Warakapola,1040.0,"[:Fare {fare: 1040.0, route_id: route_db78ea66_447_1767932356, route_type: Normal Route, fare_type: AC}]"
Anuradhapura,Warakapola,910.0,"[:Fare {fare: 910.0, route_id: route_db78ea66_254_1767932356, route_type: Normal Route, fare_type: AC}]"
Anuradhapura,Warakapola,1030.0,"[:Fare {fare: 1030.0, route_id: route_db78ea66_249_1767932356, route_type: Normal Route, fare_type: AC}]"
Anuradhapura,Warakapola,995.0,"[:Fare {fare: 995.0, route_id: route_db78ea66_38_1767932356, route_type: Normal Route, fare_type: AC}]"
Anuradhapura,Polgahawela,940.0,"[:Fare {fare: 940.0, route_id: route_db78ea66_448_1767932356, route_type: Normal Route, fare_type: AC}]"
Anuradhapura,Polgahawela,900.0,"[:Fare {fare: 900.0, route_id: route_db78ea66_39_1767932356, route_type: Normal Route, fare_type: AC}]"
Anuradhapura,Polgahawela,930.0,"[:Fare {fare: 930.0, route_id: route_db78ea66_250_1767932356, route_type: Normal Route, fare_type: AC}]"
Anuradhapura,Polgahawela,810.0,"[:Fare {fare: 810.0, route_id: route_db78ea66_255_1767932356, route_type: Normal Route, fare_type: AC}]"
Anuradhapura,Palawiya,500.0,"[:Fare {fare: 500.0, route_id: route_db78ea66_9_1767932356, route_type: Normal Route, fare_type: AC}]"
Anuradhapura,Akurana,845.0,"[:Fare {fare: 845.0, route_id: route_db78ea66_317_1767932356, route_type: Normal Route, fare_type: AC}]"
Anuradhapura,Akurana,800.0,"[:Fare {fare: 800.0, route_id: route_db78ea66_375_1767932356, route_type: Normal Route, fare_type: AC}]"
Anuradhapura,Ibbagamuwa,700.0,"[:Fare {fare: 700.0, route_id: route_db78ea66_41_1767932356, route_type: Normal Route, fare_type: AC}]"
Anuradhapura,Ibbagamuwa,735.0,"[:Fare {fare: 735.0, route_id: route_db78ea66_252_1767932356, route_type: Normal Route, fare_type: AC}]"
Anuradhapura,Ibbagamuwa,745.0,"[:Fare {fare: 745.0, route_id: route_db78ea66_450_1767932356, route_type: Normal Route, fare_type: AC}]"
Anuradhapura,Malsiripura,680.0,"[:Fare {fare: 680.0, route_id: route_db78ea66_451_1767932356, route_type: Normal Route, fare_type: AC}]"
Anuradhapura,Malsiripura,635.0,"[:Fare {fare: 635.0, route_id: route_db78ea66_42_1767932356, route_type: Normal Route, fare_type: AC}]"
Anuradhapura,Malsiripura,670.0,"[:Fare {fare: 670.0, route_id: route_db78ea66_253_1767932356, route_type: Normal Route, fare_type: AC}]"
Anuradhapura,Galewela,590.0,"[:Fare {fare: 590.0, route_id: route_db78ea66_254_1767932356, route_type: Normal Route, fare_type: AC}]"
Anuradhapura,Galewela,600.0,"[:Fare {fare: 600.0, route_id: route_db78ea66_452_1767932356, route_type: Normal Route, fare_type: AC}]"
Anuradhapura,Galewela,555.0,"[:Fare {fare: 555.0, route_id: route_db78ea66_43_1767932356, route_type: Normal Route, fare_type: AC}]"
Anuradhapura,Eppawala,245.0,"[:Fare {fare: 245.0, route_id: route_db78ea66_455_1767932356, route_type: Normal Route, fare_type: AC}]"
Anuradhapura,Eppawala,240.0,"[:Fare {fare: 240.0, route_id: route_db78ea66_257_1767932356, route_type: Normal Route, fare_type: AC}]"
Anuradhapura,Galkulama,180.0,"[:Fare {fare: 180.0, route_id: route_db78ea66_46_1767932356, route_type: Normal Route, fare_type: AC}]"
Anuradhapura,Narahenpita,1195.0,"[:Fare {fare: 1195.0, route_id: route_db78ea66_386_1767932356, route_type: Normal Route, fare_type: AC}]"
Anuradhapura,Moratuwa,1285.0,"[:Fare {fare: 1285.0, route_id: route_db78ea66_273_1767932356, route_type: Normal Route, fare_type: AC}]"
Anuradhapura,Madawalaulpatha,680.0,"[:Fare {fare: 680.0, route_id: route_db78ea66_319_1767932356, route_type: Normal Route, fare_type: AC}]"
Anuradhapura,Madawalaulpatha,635.0,"[:Fare {fare: 635.0, route_id: route_db78ea66_377_1767932356, route_type: Normal Route, fare_type: AC}]"
Anuradhapura,Wariyapola,590.0,"[:Fare {fare: 590.0, route_id: route_db78ea66_191_1767932356, route_type: Normal Route, fare_type: AC}]"
Anuradhapura,Dhaladagama,460.0,"[:Fare {fare: 460.0, route_id: route_db78ea66_192_1767932356, route_type: Normal Route, fare_type: AC}]"
Anuradhapura,Dehiwala,1225.0,"[:Fare {fare: 1225.0, route_id: route_db78ea66_385_1767932356, route_type: Normal Route, fare_type: AC}]"
Anuradhapura,18 Kanuwa,1030.0,"[:Fare {fare: 1030.0, route_id: route_db78ea66_387_1767932356, route_type: Normal Route, fare_type: AC}]"
Anuradhapura,Karuwalagaswawe,400.0,"[:Fare {fare: 400.0, route_id: route_db78ea66_393_1767932356, route_type: Normal Route, fare_type: AC}]"
Medawachchiya,Mundalama,780.0,"[:Fare {fare: 780.0, route_id: route_cb15d6ac_32_1767932250, route_type: Katunayake Expressway, fare_type: AC}]"
Medawachchiya,Mundalama,780.0,"[:Fare {fare: 780.0, route_id: route_db78ea66_338_1767932356, route_type: Normal Route, fare_type: AC}]"
Medawachchiya,Nochchiyagama,365.0,"[:Fare {fare: 365.0, route_id: route_cb15d6ac_34_1767932250, route_type: Katunayake Expressway, fare_type: AC}]"
Medawachchiya,Nochchiyagama,365.0,"[:Fare {fare: 365.0, route_id: route_db78ea66_341_1767932356, route_type: Normal Route, fare_type: AC}]"
Medawachchiya,Anuradhapura,240.0,"[:Fare {fare: 240.0, route_id: route_cb15d6ac_35_1767932250, route_type: Katunayake Expressway, fare_type: AC}]"
Medawachchiya,Anuradhapura,240.0,"[:Fare {fare: 240.0, route_id: route_db78ea66_82_1767932356, route_type: Normal Route, fare_type: AC}]"
Medawachchiya,Anuradhapura,245.0,"[:Fare {fare: 245.0, route_id: route_db78ea66_153_1767932356, route_type: Normal Route, fare_type: AC}]"
Medawachchiya,Kalaoya,460.0,"[:Fare {fare: 460.0, route_id: route_cb15d6ac_275_1767932250, route_type: Katunayake Expressway, fare_type: AC}]"
Medawachchiya,Kalaoya,460.0,"[:Fare {fare: 460.0, route_id: route_db78ea66_340_1767932356, route_type: Normal Route, fare_type: AC}]"
Medawachchiya,Panadura,1470.0,"[:Fare {fare: 1470.0, route_id: route_db78ea66_396_1767932356, route_type: Normal Route, fare_type: AC}]"
Medawachchiya,Brukside Junction,1460.0,"[:Fare {fare: 1460.0, route_id: route_db78ea66_163_1767932356, route_type: Normal Route, fare_type: AC}]"
Medawachchiya,Walapane,1350.0,"[:Fare {fare: 1350.0, route_id: route_db78ea66_164_1767932356, route_type: Normal Route, fare_type: AC}]"
Medawachchiya,Padiyapalalla,1220.0,"[:Fare {fare: 1220.0, route_id: route_db78ea66_165_1767932356, route_type: Normal Route, fare_type: AC}]"
Medawachchiya,Haguranketha,1130.0,"[:Fare {fare: 1130.0, route_id: route_db78ea66_166_1767932356, route_type: Normal Route, fare_type: AC}]"
Medawachchiya,Matale,790.0,"[:Fare {fare: 790.0, route_id: route_db78ea66_168_1767932356, route_type: Normal Route, fare_type: AC}]"
Medawachchiya,Nawula,645.0,"[:Fare {fare: 645.0, route_id: route_db78ea66_169_1767932356, route_type: Normal Route, fare_type: AC}]"
Medawachchiya,Dambulla,550.0,"[:Fare {fare: 550.0, route_id: route_db78ea66_170_1767932356, route_type: Normal Route, fare_type: AC}]"
Medawachchiya,Dambulla,670.0,"[:Fare {fare: 670.0, route_id: route_db78ea66_268_1767932356, route_type: Normal Route, fare_type: AC}]"
Medawachchiya,Kakirawa,425.0,"[:Fare {fare: 425.0, route_id: route_db78ea66_171_1767932356, route_type: Normal Route, fare_type: AC}]"
Medawachchiya,Kakirawa,550.0,"[:Fare {fare: 550.0, route_id: route_db78ea66_269_1767932356, route_type: Normal Route, fare_type: AC}]"
Medawachchiya,Mihintale,200.0,"[:Fare {fare: 200.0, route_id: route_db78ea66_172_1767932356, route_type: Normal Route, fare_type: AC}]"
Medawachchiya,Mihintale,200.0,"[:Fare {fare: 200.0, route_id: route_db78ea66_426_1767932356, route_type: Normal Route, fare_type: AC}]"
Medawachchiya,Marawila,1010.0,"[:Fare {fare: 1010.0, route_id: route_db78ea66_401_1767932356, route_type: Normal Route, fare_type: AC}]"
Medawachchiya,Chilaw,920.0,"[:Fare {fare: 920.0, route_id: route_db78ea66_78_1767932356, route_type: Normal Route, fare_type: AC}]"
Medawachchiya,Nuwaraeliya,1570.0,"[:Fare {fare: 1570.0, route_id: route_db78ea66_162_1767932356, route_type: Normal Route, fare_type: AC}]"
Medawachchiya,Negambo,1150.0,"[:Fare {fare: 1150.0, route_id: route_db78ea66_148_1767932356, route_type: Normal Route, fare_type: AC}]"
Medawachchiya,Katunayake,1180.0,"[:Fare {fare: 1180.0, route_id: route_cb15d6ac_29_1767932250, route_type: Katunayake Expressway, fare_type: AC}]"
Medawachchiya,Kaduwela,780.0,"[:Fare {fare: 780.0, route_id: route_db78ea66_79_1767932356, route_type: Normal Route, fare_type: AC}]"
Medawachchiya,Awissawella,1315.0,"[:Fare {fare: 1315.0, route_id: route_db78ea66_15_1767932356, route_type: Normal Route, fare_type: AC}]"
Medawachchiya,Ahaliyagoda,1390.0,"[:Fare {fare: 1390.0, route_id: route_db78ea66_14_1767932356, route_type: Normal Route, fare_type: AC}]"
Medawachchiya,Ratnapura,1570.0,"[:Fare {fare: 1570.0, route_id: route_db78ea66_13_1767932356, route_type: Normal Route, fare_type: AC}]"
Medawachchiya,Palmadulla,1680.0,"[:Fare {fare: 1680.0, route_id: route_db78ea66_12_1767932356, route_type: Normal Route, fare_type: AC}]"
Medawachchiya,Godakawela,1810.0,"[:Fare {fare: 1810.0, route_id: route_db78ea66_11_1767932356, route_type: Normal Route, fare_type: AC}]"
Medawachchiya,Ambilipitiya,2000.0,"[:Fare {fare: 2000.0, route_id: route_db78ea66_10_1767932356, route_type: Normal Route, fare_type: AC}]"
Medawachchiya,Thelwatta,1150.0,"[:Fare {fare: 1150.0, route_id: route_db78ea66_77_1767932356, route_type: Normal Route, fare_type: AC}]"
Medawachchiya,Thelwatta,1150.0,"[:Fare {fare: 1150.0, route_id: route_cb15d6ac_30_1767932250, route_type: Katunayake Expressway, fare_type: AC}]"
Medawachchiya,Puttalam,635.0,"[:Fare {fare: 635.0, route_id: route_db78ea66_80_1767932356, route_type: Normal Route, fare_type: AC}]"
Medawachchiya,Galigamuwa,490.0,"[:Fare {fare: 490.0, route_id: route_db78ea66_270_1767932356, route_type: Normal Route, fare_type: AC}]"
Medawachchiya,Galigamuwa,1060.0,"[:Fare {fare: 1060.0, route_id: route_db78ea66_17_1767932356, route_type: Normal Route, fare_type: AC}]"
Medawachchiya,Thabuththegama,390.0,"[:Fare {fare: 390.0, route_id: route_db78ea66_271_1767932356, route_type: Normal Route, fare_type: AC}]"
Medawachchiya,Nittabuwa,1160.0,"[:Fare {fare: 1160.0, route_id: route_db78ea66_264_1767932356, route_type: Normal Route, fare_type: AC}]"
Medawachchiya,Nittabuwa,1285.0,"[:Fare {fare: 1285.0, route_id: route_db78ea66_261_1767932356, route_type: Normal Route, fare_type: AC}]"
Medawachchiya,Maradankadawala,365.0,"[:Fare {fare: 365.0, route_id: route_db78ea66_24_1767932356, route_type: Normal Route, fare_type: AC}]"
Medawachchiya,Habarana,510.0,"[:Fare {fare: 510.0, route_id: route_db78ea66_81_1767932356, route_type: Normal Route, fare_type: AC}]"
Medawachchiya,Minneriya,660.0,"[:Fare {fare: 660.0, route_id: route_db78ea66_80_1767932356, route_type: Normal Route, fare_type: AC}]"
Medawachchiya,Welikanda,910.0,"[:Fare {fare: 910.0, route_id: route_db78ea66_78_1767932356, route_type: Normal Route, fare_type: AC}]"
Medawachchiya,Walachchena,1105.0,"[:Fare {fare: 1105.0, route_id: route_db78ea66_77_1767932356, route_type: Normal Route, fare_type: AC}]"
Medawachchiya,Eravur,1205.0,"[:Fare {fare: 1205.0, route_id: route_db78ea66_76_1767932356, route_type: Normal Route, fare_type: AC}]"
Medawachchiya,Kaththankudi,1330.0,"[:Fare {fare: 1330.0, route_id: route_db78ea66_74_1767932356, route_type: Normal Route, fare_type: AC}]"
Medawachchiya,Kalawanchikudi,1435.0,"[:Fare {fare: 1435.0, route_id: route_db78ea66_73_1767932356, route_type: Normal Route, fare_type: AC}]"
Medawachchiya,Kalmunai,1500.0,"[:Fare {fare: 1500.0, route_id: route_db78ea66_72_1767932356, route_type: Normal Route, fare_type: AC}]"
Medawachchiya,Akkareipaththu,1620.0,"[:Fare {fare: 1620.0, route_id: route_db78ea66_69_1767932356, route_type: Normal Route, fare_type: AC}]"
Medawachchiya,Kiribathgoda,1315.0,"[:Fare {fare: 1315.0, route_id: route_db78ea66_262_1767932356, route_type: Normal Route, fare_type: AC}]"
Medawachchiya,Kiribathgoda,1435.0,"[:Fare {fare: 1435.0, route_id: route_db78ea66_259_1767932356, route_type: Normal Route, fare_type: AC}]"
Medawachchiya,Yakkala,1220.0,"[:Fare {fare: 1220.0, route_id: route_db78ea66_263_1767932356, route_type: Normal Route, fare_type: AC}]"
Medawachchiya,Yakkala,1340.0,"[:Fare {fare: 1340.0, route_id: route_db78ea66_260_1767932356, route_type: Normal Route, fare_type: AC}]"
Medawachchiya,Yakkala,1220.0,"[:Fare {fare: 1220.0, route_id: route_db78ea66_140_1767932356, route_type: Normal Route, fare_type: AC}]"
Medawachchiya,Warakapola,1075.0,"[:Fare {fare: 1075.0, route_id: route_db78ea66_265_1767932356, route_type: Normal Route, fare_type: AC}]"
Medawachchiya,Warakapola,1195.0,"[:Fare {fare: 1195.0, route_id: route_db78ea66_262_1767932356, route_type: Normal Route, fare_type: AC}]"
Medawachchiya,Polgahawela,975.0,"[:Fare {fare: 975.0, route_id: route_db78ea66_143_1767932356, route_type: Normal Route, fare_type: AC}]"
Medawachchiya,Polgahawela,1100.0,"[:Fare {fare: 1100.0, route_id: route_db78ea66_263_1767932356, route_type: Normal Route, fare_type: AC}]"
Medawachchiya,Akurana,875.0,"[:Fare {fare: 875.0, route_id: route_db78ea66_419_1767932356, route_type: Normal Route, fare_type: AC}]"
Medawachchiya,Ibbagamuwa,780.0,"[:Fare {fare: 780.0, route_id: route_db78ea66_145_1767932356, route_type: Normal Route, fare_type: AC}]"
Medawachchiya,Ibbagamuwa,900.0,"[:Fare {fare: 900.0, route_id: route_db78ea66_265_1767932356, route_type: Normal Route, fare_type: AC}]"
Medawachchiya,Malsiripura,715.0,"[:Fare {fare: 715.0, route_id: route_db78ea66_146_1767932356, route_type: Normal Route, fare_type: AC}]"
Medawachchiya,Malsiripura,830.0,"[:Fare {fare: 830.0, route_id: route_db78ea66_266_1767932356, route_type: Normal Route, fare_type: AC}]"
Medawachchiya,Galewela,635.0,"[:Fare {fare: 635.0, route_id: route_db78ea66_147_1767932356, route_type: Normal Route, fare_type: AC}]"
Medawachchiya,Galewela,755.0,"[:Fare {fare: 755.0, route_id: route_db78ea66_267_1767932356, route_type: Normal Route, fare_type: AC}]"
Medawachchiya,Eppawala,400.0,"[:Fare {fare: 400.0, route_id: route_db78ea66_270_1767932356, route_type: Normal Route, fare_type: AC}]"
Medawachchiya,Galkulama,255.0,"[:Fare {fare: 255.0, route_id: route_db78ea66_150_1767932356, route_type: Normal Route, fare_type: AC}]"
Medawachchiya,Narahenpita,1390.0,"[:Fare {fare: 1390.0, route_id: route_db78ea66_445_1767932356, route_type: Normal Route, fare_type: AC}]"
Medawachchiya,Narahenpita,1350.0,"[:Fare {fare: 1350.0, route_id: route_db78ea66_398_1767932356, route_type: Normal Route, fare_type: AC}]"
Medawachchiya,Moratuwa,1470.0,"[:Fare {fare: 1470.0, route_id: route_db78ea66_444_1767932356, route_type: Normal Route, fare_type: AC}]"
Medawachchiya,Moratuwa,1435.0,"[:Fare {fare: 1435.0, route_id: route_db78ea66_284_1767932356, route_type: Normal Route, fare_type: AC}]"
Medawachchiya,Mahiyanganaya,1120.0,"[:Fare {fare: 1120.0, route_id: route_db78ea66_18_1767932356, route_type: Normal Route, fare_type: AC}]"
Medawachchiya,Nindawur,1535.0,"[:Fare {fare: 1535.0, route_id: route_db78ea66_71_1767932356, route_type: Normal Route, fare_type: AC}]"
Medawachchiya,Madawalaulpatha,715.0,"[:Fare {fare: 715.0, route_id: route_db78ea66_421_1767932356, route_type: Normal Route, fare_type: AC}]"
Medawachchiya,Thirappane,300.0,"[:Fare {fare: 300.0, route_id: route_db78ea66_425_1767932356, route_type: Normal Route, fare_type: AC}]"
Medawachchiya,Batticaloa,1285.0,"[:Fare {fare: 1285.0, route_id: route_db78ea66_75_1767932356, route_type: Normal Route, fare_type: AC}]"
Medawachchiya,Oluwil,1570.0,"[:Fare {fare: 1570.0, route_id: route_db78ea66_70_1767932356, route_type: Normal Route, fare_type: AC}]"
Medawachchiya,Wariyapola,755.0,"[:Fare {fare: 755.0, route_id: route_db78ea66_268_1767932356, route_type: Normal Route, fare_type: AC}]"
Medawachchiya,Dhaladagama,620.0,"[:Fare {fare: 620.0, route_id: route_db78ea66_269_1767932356, route_type: Normal Route, fare_type: AC}]"
Medawachchiya,Aguruwalla,1195.0,"[:Fare {fare: 1195.0, route_id: route_db78ea66_16_1767932356, route_type: Normal Route, fare_type: AC}]"
Medawachchiya,Dehiwala,1380.0,"[:Fare {fare: 1380.0, route_id: route_db78ea66_397_1767932356, route_type: Normal Route, fare_type: AC}]"
Medawachchiya,18 Kanuwa,1180.0,"[:Fare {fare: 1180.0, route_id: route_db78ea66_399_1767932356, route_type: Normal Route, fare_type: AC}]"
Medawachchiya,Karuwalagaswawe,555.0,"[:Fare {fare: 555.0, route_id: route_db78ea66_405_1767932356, route_type: Normal Route, fare_type: AC}]"
Medawachchiya,Badulla,1535.0,"[:Fare {fare: 1535.0, route_id: route_db78ea66_13_1767932356, route_type: Normal Route, fare_type: AC}]"
Medawachchiya,Meegahakiwla,1370.0,"[:Fare {fare: 1370.0, route_id: route_db78ea66_15_1767932356, route_type: Normal Route, fare_type: AC}]"
Medawachchiya,Thaldena,1450.0,"[:Fare {fare: 1450.0, route_id: route_db78ea66_14_1767932356, route_type: Normal Route, fare_type: AC}]"
Medawachchiya,Buddankotte,1295.0,"[:Fare {fare: 1295.0, route_id: route_db78ea66_16_1767932356, route_type: Normal Route, fare_type: AC}]"
Medawachchiya,17 junction,1180.0,"[:Fare {fare: 1180.0, route_id: route_db78ea66_17_1767932356, route_type: Normal Route, fare_type: AC}]"
Medawachchiya,Hebarawa,985.0,"[:Fare {fare: 985.0, route_id: route_db78ea66_19_1767932356, route_type: Normal Route, fare_type: AC}]"
Medawachchiya,Hettipola,940.0,"[:Fare {fare: 940.0, route_id: route_db78ea66_20_1767932356, route_type: Normal Route, fare_type: AC}]"
Medawachchiya,Laggala,855.0,"[:Fare {fare: 855.0, route_id: route_db78ea66_21_1767932356, route_type: Normal Route, fare_type: AC}]"
Medawachchiya,Bakamuna,690.0,"[:Fare {fare: 690.0, route_id: route_db78ea66_22_1767932356, route_type: Normal Route, fare_type: AC}]"
Colombo,Kandy,250.0,"[:Fare {fare: 250.0, route_id: C001}]"
Colombo,Kandy,250.0,"[:Fare {fare: 250.0, route_id: C001}]"
Colombo,Galle,180.0,"[:Fare {fare: 180.0, route_id: C002}]"
Colombo,Galle,180.0,"[:Fare {fare: 180.0, route_id: C002}]"
Colombo,Negombo,120.0,"[:Fare {fare: 120.0, route_id: C003}]"
Colombo,Negombo,120.0,"[:Fare {fare: 120.0, route_id: C003}]"
Parayanaran kulam,Mundalama,1010.0,"[:Fare {fare: 1010.0, route_id: route_cb15d6ac_49_1767932250, route_type: Katunayake Expressway, fare_type: AC}]"
Parayanaran kulam,Nochchiyagama,600.0,"[:Fare {fare: 600.0, route_id: route_cb15d6ac_51_1767932250, route_type: Katunayake Expressway, fare_type: AC}]"
Parayanaran kulam,Anuradhapura,470.0,"[:Fare {fare: 470.0, route_id: route_cb15d6ac_52_1767932250, route_type: Katunayake Expressway, fare_type: AC}]"
Parayanaran kulam,Medawachchiya,315.0,"[:Fare {fare: 315.0, route_id: route_cb15d6ac_53_1767932250, route_type: Katunayake Expressway, fare_type: AC}]"
Parayanaran kulam,Katunayake,1415.0,"[:Fare {fare: 1415.0, route_id: route_cb15d6ac_46_1767932250, route_type: Katunayake Expressway, fare_type: AC}]"
Parayanaran kulam,Thelwatta,1380.0,"[:Fare {fare: 1380.0, route_id: route_cb15d6ac_47_1767932250, route_type: Katunayake Expressway, fare_type: AC}]"
Parayanaran kulam,Thanthirimale Junction,200.0,"[:Fare {fare: 200.0, route_id: route_cb15d6ac_54_1767932250, route_type: Katunayake Expressway, fare_type: AC}]"
Murunkan,Mundalama,1100.0,"[:Fare {fare: 1100.0, route_id: route_cb15d6ac_59_1767932250, route_type: Katunayake Expressway, fare_type: AC}]"
Murunkan,Mundalama,1100.0,"[:Fare {fare: 1100.0, route_id: route_db78ea66_103_1767932356, route_type: Normal Route, fare_type: AC}]"
Murunkan,Nochchiyagama,690.0,"[:Fare {fare: 690.0, route_id: route_cb15d6ac_61_1767932250, route_type: Katunayake Expressway, fare_type: AC}]"
Murunkan,Nochchiyagama,690.0,"[:Fare {fare: 690.0, route_id: route_db78ea66_105_1767932356, route_type: Normal Route, fare_type: AC}]"
Murunkan,Anuradhapura,555.0,"[:Fare {fare: 555.0, route_id: route_cb15d6ac_62_1767932250, route_type: Katunayake Expressway, fare_type: AC}]"
Murunkan,Anuradhapura,555.0,"[:Fare {fare: 555.0, route_id: route_db78ea66_106_1767932356, route_type: Normal Route, fare_type: AC}]"
Murunkan,Anuradhapura,570.0,"[:Fare {fare: 570.0, route_id: route_db78ea66_174_1767932356, route_type: Normal Route, fare_type: AC}]"
Murunkan,Medawachchiya,400.0,"[:Fare {fare: 400.0, route_id: route_cb15d6ac_63_1767932250, route_type: Katunayake Expressway, fare_type: AC}]"
Murunkan,Medawachchiya,400.0,"[:Fare {fare: 400.0, route_id: route_db78ea66_107_1767932356, route_type: Normal Route, fare_type: AC}]"
Murunkan,Parayanaran kulam,165.0,"[:Fare {fare: 165.0, route_id: route_cb15d6ac_65_1767932250, route_type: Katunayake Expressway, fare_type: AC}]"
Murunkan,Chilaw,1240.0,"[:Fare {fare: 1240.0, route_id: route_db78ea66_102_1767932356, route_type: Normal Route, fare_type: AC}]"
Murunkan,Negambo,1470.0,"[:Fare {fare: 1470.0, route_id: route_db78ea66_169_1767932356, route_type: Normal Route, fare_type: AC}]"
Murunkan,Katunayake,1500.0,"[:Fare {fare: 1500.0, route_id: route_cb15d6ac_56_1767932250, route_type: Katunayake Expressway, fare_type: AC}]"
Murunkan,Thelwatta,1470.0,"[:Fare {fare: 1470.0, route_id: route_db78ea66_101_1767932356, route_type: Normal Route, fare_type: AC}]"
Murunkan,Thelwatta,1470.0,"[:Fare {fare: 1470.0, route_id: route_cb15d6ac_57_1767932250, route_type: Katunayake Expressway, fare_type: AC}]"
Murunkan,Puttalam,950.0,"[:Fare {fare: 950.0, route_id: route_db78ea66_104_1767932356, route_type: Normal Route, fare_type: AC}]"
Murunkan,Thanthirimale Junction,290.0,"[:Fare {fare: 290.0, route_id: route_db78ea66_108_1767932356, route_type: Normal Route, fare_type: AC}]"
Murunkan,Thanthirimale Junction,290.0,"[:Fare {fare: 290.0, route_id: route_cb15d6ac_64_1767932250, route_type: Katunayake Expressway, fare_type: AC}]"
Murunkan,Prayanarankulam,165.0,"[:Fare {fare: 165.0, route_id: route_db78ea66_109_1767932356, route_type: Normal Route, fare_type: AC}]"
Uilankulam,Mundalama,1150.0,"[:Fare {fare: 1150.0, route_id: route_cb15d6ac_70_1767932250, route_type: Katunayake Expressway, fare_type: AC}]"
Uilankulam,Mundalama,1150.0,"[:Fare {fare: 1150.0, route_id: route_db78ea66_113_1767932356, route_type: Normal Route, fare_type: AC}]"
Uilankulam,Nochchiyagama,745.0,"[:Fare {fare: 745.0, route_id: route_cb15d6ac_72_1767932250, route_type: Katunayake Expressway, fare_type: AC}]"
Uilankulam,Nochchiyagama,745.0,"[:Fare {fare: 745.0, route_id: route_db78ea66_115_1767932356, route_type: Normal Route, fare_type: AC}]"
Uilankulam,Anuradhapura,615.0,"[:Fare {fare: 615.0, route_id: route_cb15d6ac_73_1767932250, route_type: Katunayake Expressway, fare_type: AC}]"
Uilankulam,Anuradhapura,620.0,"[:Fare {fare: 620.0, route_id: route_db78ea66_183_1767932356, route_type: Normal Route, fare_type: AC}]"
Uilankulam,Anuradhapura,615.0,"[:Fare {fare: 615.0, route_id: route_db78ea66_116_1767932356, route_type: Normal Route, fare_type: AC}]"
Uilankulam,Medawachchiya,460.0,"[:Fare {fare: 460.0, route_id: route_cb15d6ac_74_1767932250, route_type: Katunayake Expressway, fare_type: AC}]"
Uilankulam,Medawachchiya,460.0,"[:Fare {fare: 460.0, route_id: route_db78ea66_117_1767932356, route_type: Normal Route, fare_type: AC}]"
Uilankulam,Parayanaran kulam,225.0,"[:Fare {fare: 225.0, route_id: route_cb15d6ac_76_1767932250, route_type: Katunayake Expressway, fare_type: AC}]"
Uilankulam,Murunkan,120.0,"[:Fare {fare: 120.0, route_id: route_cb15d6ac_77_1767932250, route_type: Katunayake Expressway, fare_type: AC}]"
Uilankulam,Murunkan,120.0,"[:Fare {fare: 120.0, route_id: route_db78ea66_120_1767932356, route_type: Normal Route, fare_type: AC}]"
Uilankulam,Chilaw,1295.0,"[:Fare {fare: 1295.0, route_id: route_db78ea66_112_1767932356, route_type: Normal Route, fare_type: AC}]"
Uilankulam,Negambo,1525.0,"[:Fare {fare: 1525.0, route_id: route_db78ea66_178_1767932356, route_type: Normal Route, fare_type: AC}]"
Uilankulam,Katunayake,1560.0,"[:Fare {fare: 1560.0, route_id: route_cb15d6ac_67_1767932250, route_type: Katunayake Expressway, fare_type: AC}]"
Uilankulam,Thelwatta,1525.0,"[:Fare {fare: 1525.0, route_id: route_db78ea66_111_1767932356, route_type: Normal Route, fare_type: AC}]"
Uilankulam,Thelwatta,1525.0,"[:Fare {fare: 1525.0, route_id: route_cb15d6ac_68_1767932250, route_type: Katunayake Expressway, fare_type: AC}]"
Uilankulam,Puttalam,1010.0,"[:Fare {fare: 1010.0, route_id: route_db78ea66_114_1767932356, route_type: Normal Route, fare_type: AC}]"
Uilankulam,Thanthirimale Junction,345.0,"[:Fare {fare: 345.0, route_id: route_db78ea66_118_1767932356, route_type: Normal Route, fare_type: AC}]"
Uilankulam,Thanthirimale Junction,345.0,"[:Fare {fare: 345.0, route_id: route_cb15d6ac_75_1767932250, route_type: Katunayake Expressway, fare_type: AC}]"
Uilankulam,Prayanarankulam,225.0,"[:Fare {fare: 225.0, route_id: route_db78ea66_119_1767932356, route_type: Normal Route, fare_type: AC}]"
Mannar,Mundalama,1240.0,"[:Fare {fare: 1240.0, route_id: route_cb15d6ac_82_1767932250, route_type: Katunayake Expressway, fare_type: AC}]"
Mannar,Mundalama,1240.0,"[:Fare {fare: 1240.0, route_id: route_db78ea66_124_1767932356, route_type: Normal Route, fare_type: AC}]"
Mannar,Nochchiyagama,830.0,"[:Fare {fare: 830.0, route_id: route_cb15d6ac_84_1767932250, route_type: Katunayake Expressway, fare_type: AC}]"
Mannar,Nochchiyagama,830.0,"[:Fare {fare: 830.0, route_id: route_db78ea66_126_1767932356, route_type: Normal Route, fare_type: AC}]"
Mannar,Anuradhapura,700.0,"[:Fare {fare: 700.0, route_id: route_cb15d6ac_85_1767932250, route_type: Katunayake Expressway, fare_type: AC}]"
Mannar,Anuradhapura,700.0,"[:Fare {fare: 700.0, route_id: route_db78ea66_127_1767932356, route_type: Normal Route, fare_type: AC}]"
Mannar,Anuradhapura,715.0,"[:Fare {fare: 715.0, route_id: route_db78ea66_193_1767932356, route_type: Normal Route, fare_type: AC}]"
Mannar,Medawachchiya,550.0,"[:Fare {fare: 550.0, route_id: route_cb15d6ac_86_1767932250, route_type: Katunayake Expressway, fare_type: AC}]"
Mannar,Medawachchiya,550.0,"[:Fare {fare: 550.0, route_id: route_db78ea66_128_1767932356, route_type: Normal Route, fare_type: AC}]"
Mannar,Parayanaran kulam,315.0,"[:Fare {fare: 315.0, route_id: route_cb15d6ac_88_1767932250, route_type: Katunayake Expressway, fare_type: AC}]"
Mannar,Murunkan,225.0,"[:Fare {fare: 225.0, route_id: route_cb15d6ac_89_1767932250, route_type: Katunayake Expressway, fare_type: AC}]"
Mannar,Murunkan,225.0,"[:Fare {fare: 225.0, route_id: route_db78ea66_131_1767932356, route_type: Normal Route, fare_type: AC}]"
Mannar,Uilankulam,165.0,"[:Fare {fare: 165.0, route_id: route_cb15d6ac_90_1767932250, route_type: Katunayake Expressway, fare_type: AC}]"
Mannar,Uilankulam,165.0,"[:Fare {fare: 165.0, route_id: route_db78ea66_132_1767932356, route_type: Normal Route, fare_type: AC}]"
Mannar,Chilaw,1380.0,"[:Fare {fare: 1380.0, route_id: route_db78ea66_123_1767932356, route_type: Normal Route, fare_type: AC}]"
Mannar,Negambo,1610.0,"[:Fare {fare: 1610.0, route_id: route_db78ea66_188_1767932356, route_type: Normal Route, fare_type: AC}]"
Mannar,Katunayake,1645.0,"[:Fare {fare: 1645.0, route_id: route_cb15d6ac_79_1767932250, route_type: Katunayake Expressway, fare_type: AC}]"
Mannar,Thelwatta,1610.0,"[:Fare {fare: 1610.0, route_id: route_db78ea66_122_1767932356, route_type: Normal Route, fare_type: AC}]"
Mannar,Thelwatta,1610.0,"[:Fare {fare: 1610.0, route_id: route_cb15d6ac_80_1767932250, route_type: Katunayake Expressway, fare_type: AC}]"
Mannar,Puttalam,1100.0,"[:Fare {fare: 1100.0, route_id: route_db78ea66_125_1767932356, route_type: Normal Route, fare_type: AC}]"
Mannar,Thanthirimale Junction,435.0,"[:Fare {fare: 435.0, route_id: route_db78ea66_129_1767932356, route_type: Normal Route, fare_type: AC}]"
Mannar,Thanthirimale Junction,435.0,"[:Fare {fare: 435.0, route_id: route_cb15d6ac_87_1767932250, route_type: Katunayake Expressway, fare_type: AC}]"
Mannar,Prayanarankulam,315.0,"[:Fare {fare: 315.0, route_id: route_db78ea66_130_1767932356, route_type: Normal Route, fare_type: AC}]"
Vennappuwa,Ja Ela,270.0,"[:Fare {fare: 270.0, route_id: route_db78ea66_332_1767932356, route_type: Normal Route, fare_type: AC}]"
Vennappuwa,Ja Ela,270.0,"[:Fare {fare: 270.0, route_id: route_db78ea66_228_1767932356, route_type: Normal Route, fare_type: AC}]"
Vennappuwa,Wattala,320.0,"[:Fare {fare: 320.0, route_id: route_db78ea66_286_1767932356, route_type: Normal Route, fare_type: AC}]"
Vennappuwa,Katunayake,210.0,"[:Fare {fare: 210.0, route_id: route_cb15d6ac_95_1767932250, route_type: Katunayake Expressway, fare_type: AC}]"
Vennappuwa,Thelwatta,180.0,"[:Fare {fare: 180.0, route_id: route_db78ea66_229_1767932356, route_type: Normal Route, fare_type: AC}]"
Vennappuwa,Thelwatta,180.0,"[:Fare {fare: 180.0, route_id: route_cb15d6ac_96_1767932250, route_type: Katunayake Expressway, fare_type: AC}]"
Madurankuliya,Mundalama,140.0,"[:Fare {fare: 140.0, route_id: route_cb15d6ac_118_1767932250, route_type: Katunayake Expressway, fare_type: AC}]"
Madurankuliya,Mundalama,140.0,"[:Fare {fare: 140.0, route_id: route_db78ea66_251_1767932356, route_type: Normal Route, fare_type: AC}]"
Madurankuliya,Vennappuwa,425.0,"[:Fare {fare: 425.0, route_id: route_cb15d6ac_115_1767932250, route_type: Katunayake Expressway, fare_type: AC}]"
Madurankuliya,Vennappuwa,425.0,"[:Fare {fare: 425.0, route_id: route_db78ea66_248_1767932356, route_type: Normal Route, fare_type: AC}]"
Madurankuliya,Marawila,380.0,"[:Fare {fare: 380.0, route_id: route_db78ea66_249_1767932356, route_type: Normal Route, fare_type: AC}]"
Madurankuliya,Marawila,380.0,"[:Fare {fare: 380.0, route_id: route_cb15d6ac_116_1767932250, route_type: Katunayake Expressway, fare_type: AC}]"
Madurankuliya,Chilaw,290.0,"[:Fare {fare: 290.0, route_id: route_db78ea66_250_1767932356, route_type: Normal Route, fare_type: AC}]"
Madurankuliya,Ja Ela,615.0,"[:Fare {fare: 615.0, route_id: route_db78ea66_246_1767932356, route_type: Normal Route, fare_type: AC}]"
Madurankuliya,Wattala,670.0,"[:Fare {fare: 670.0, route_id: route_db78ea66_308_1767932356, route_type: Normal Route, fare_type: AC}]"
Madurankuliya,Katunayake,555.0,"[:Fare {fare: 555.0, route_id: route_cb15d6ac_113_1767932250, route_type: Katunayake Expressway, fare_type: AC}]"
Madurankuliya,Thelwatta,525.0,"[:Fare {fare: 525.0, route_id: route_db78ea66_247_1767932356, route_type: Normal Route, fare_type: AC}]"
Madurankuliya,Thelwatta,525.0,"[:Fare {fare: 525.0, route_id: route_cb15d6ac_114_1767932250, route_type: Katunayake Expressway, fare_type: AC}]"
Pallama,Vennappuwa,320.0,"[:Fare {fare: 320.0, route_id: route_cb15d6ac_200_1767932250, route_type: Katunayake Expressway, fare_type: AC}]"
Pallama,Vennappuwa,320.0,"[:Fare {fare: 320.0, route_id: route_db78ea66_349_1767932356, route_type: Normal Route, fare_type: AC}]"
Pallama,Marawila,280.0,"[:Fare {fare: 280.0, route_id: route_db78ea66_350_1767932356, route_type: Normal Route, fare_type: AC}]"
Pallama,Marawila,280.0,"[:Fare {fare: 280.0, route_id: route_cb15d6ac_201_1767932250, route_type: Katunayake Expressway, fare_type: AC}]"
Pallama,Chilaw,190.0,"[:Fare {fare: 190.0, route_id: route_db78ea66_351_1767932356, route_type: Normal Route, fare_type: AC}]"
Pallama,Ja Ela,510.0,"[:Fare {fare: 510.0, route_id: route_db78ea66_347_1767932356, route_type: Normal Route, fare_type: AC}]"
Pallama,Wattala,570.0,"[:Fare {fare: 570.0, route_id: route_db78ea66_346_1767932356, route_type: Normal Route, fare_type: AC}]"
Pallama,Katunayake,460.0,"[:Fare {fare: 460.0, route_id: route_cb15d6ac_198_1767932250, route_type: Katunayake Expressway, fare_type: AC}]"
Pallama,Thelwatta,425.0,"[:Fare {fare: 425.0, route_id: route_db78ea66_348_1767932356, route_type: Normal Route, fare_type: AC}]"
Pallama,Thelwatta,425.0,"[:Fare {fare: 425.0, route_id: route_cb15d6ac_199_1767932250, route_type: Katunayake Expressway, fare_type: AC}]"
Adigama,Vennappuwa,390.0,"[:Fare {fare: 390.0, route_id: route_cb15d6ac_206_1767932250, route_type: Katunayake Expressway, fare_type: AC}]"
Adigama,Vennappuwa,390.0,"[:Fare {fare: 390.0, route_id: route_db78ea66_356_1767932356, route_type: Normal Route, fare_type: AC}]"
Adigama,Pallama,140.0,"[:Fare {fare: 140.0, route_id: route_cb15d6ac_209_1767932250, route_type: Katunayake Expressway, fare_type: AC}]"
Adigama,Pallama,140.0,"[:Fare {fare: 140.0, route_id: route_db78ea66_359_1767932356, route_type: Normal Route, fare_type: AC}]"
Adigama,Marawila,345.0,"[:Fare {fare: 345.0, route_id: route_db78ea66_357_1767932356, route_type: Normal Route, fare_type: AC}]"
Adigama,Marawila,345.0,"[:Fare {fare: 345.0, route_id: route_cb15d6ac_207_1767932250, route_type: Katunayake Expressway, fare_type: AC}]"
Adigama,Chilaw,255.0,"[:Fare {fare: 255.0, route_id: route_db78ea66_358_1767932356, route_type: Normal Route, fare_type: AC}]"
Adigama,Ja Ela,580.0,"[:Fare {fare: 580.0, route_id: route_db78ea66_354_1767932356, route_type: Normal Route, fare_type: AC}]"
Adigama,Wattala,635.0,"[:Fare {fare: 635.0, route_id: route_db78ea66_353_1767932356, route_type: Normal Route, fare_type: AC}]"
Adigama,Katunayake,525.0,"[:Fare {fare: 525.0, route_id: route_cb15d6ac_204_1767932250, route_type: Katunayake Expressway, fare_type: AC}]"
Adigama,Thelwatta,490.0,"[:Fare {fare: 490.0, route_id: route_db78ea66_355_1767932356, route_type: Normal Route, fare_type: AC}]"
Adigama,Thelwatta,490.0,"[:Fare {fare: 490.0, route_id: route_cb15d6ac_205_1767932250, route_type: Katunayake Expressway, fare_type: AC}]"
Anamaduwa,Vennappuwa,470.0,"[:Fare {fare: 470.0, route_id: route_cb15d6ac_213_1767932250, route_type: Katunayake Expressway, fare_type: AC}]"
Anamaduwa,Vennappuwa,470.0,"[:Fare {fare: 470.0, route_id: route_db78ea66_364_1767932356, route_type: Normal Route, fare_type: AC}]"
Anamaduwa,Pallama,225.0,"[:Fare {fare: 225.0, route_id: route_cb15d6ac_216_1767932250, route_type: Katunayake Expressway, fare_type: AC}]"
Anamaduwa,Pallama,225.0,"[:Fare {fare: 225.0, route_id: route_db78ea66_367_1767932356, route_type: Normal Route, fare_type: AC}]"
Anamaduwa,Adigama,160.0,"[:Fare {fare: 160.0, route_id: route_cb15d6ac_217_1767932250, route_type: Katunayake Expressway, fare_type: AC}]"
Anamaduwa,Adigama,160.0,"[:Fare {fare: 160.0, route_id: route_db78ea66_368_1767932356, route_type: Normal Route, fare_type: AC}]"
Anamaduwa,Marawila,425.0,"[:Fare {fare: 425.0, route_id: route_db78ea66_365_1767932356, route_type: Normal Route, fare_type: AC}]"
Anamaduwa,Marawila,425.0,"[:Fare {fare: 425.0, route_id: route_cb15d6ac_214_1767932250, route_type: Katunayake Expressway, fare_type: AC}]"
Anamaduwa,Chilaw,335.0,"[:Fare {fare: 335.0, route_id: route_db78ea66_366_1767932356, route_type: Normal Route, fare_type: AC}]"
Anamaduwa,Ja Ela,660.0,"[:Fare {fare: 660.0, route_id: route_db78ea66_362_1767932356, route_type: Normal Route, fare_type: AC}]"
Anamaduwa,Wattala,715.0,"[:Fare {fare: 715.0, route_id: route_db78ea66_361_1767932356, route_type: Normal Route, fare_type: AC}]"
Anamaduwa,Katunayake,600.0,"[:Fare {fare: 600.0, route_id: route_cb15d6ac_211_1767932250, route_type: Katunayake Expressway, fare_type: AC}]"
Anamaduwa,Thelwatta,570.0,"[:Fare {fare: 570.0, route_id: route_db78ea66_363_1767932356, route_type: Normal Route, fare_type: AC}]"
Anamaduwa,Thelwatta,570.0,"[:Fare {fare: 570.0, route_id: route_cb15d6ac_212_1767932250, route_type: Katunayake Expressway, fare_type: AC}]"
Kalaoya,Mundalama,400.0,"[:Fare {fare: 400.0, route_id: route_cb15d6ac_252_1767932250, route_type: Katunayake Expressway, fare_type: AC}]"
Kalaoya,Mundalama,400.0,"[:Fare {fare: 400.0, route_id: route_db78ea66_320_1767932356, route_type: Normal Route, fare_type: AC}]"
Kalaoya,Panadura,1100.0,"[:Fare {fare: 1100.0, route_id: route_db78ea66_363_1767932356, route_type: Normal Route, fare_type: AC}]"
Kalaoya,Marawila,635.0,"[:Fare {fare: 635.0, route_id: route_db78ea66_368_1767932356, route_type: Normal Route, fare_type: AC}]"
Kalaoya,Chilaw,550.0,"[:Fare {fare: 550.0, route_id: route_db78ea66_319_1767932356, route_type: Normal Route, fare_type: AC}]"
Kalaoya,Katunayake,810.0,"[:Fare {fare: 810.0, route_id: route_cb15d6ac_249_1767932250, route_type: Katunayake Expressway, fare_type: AC}]"
Kalaoya,Thelwatta,780.0,"[:Fare {fare: 780.0, route_id: route_db78ea66_318_1767932356, route_type: Normal Route, fare_type: AC}]"
Kalaoya,Thelwatta,780.0,"[:Fare {fare: 780.0, route_id: route_cb15d6ac_250_1767932250, route_type: Katunayake Expressway, fare_type: AC}]"
Kalaoya,Puttalam,255.0,"[:Fare {fare: 255.0, route_id: route_db78ea66_321_1767932356, route_type: Normal Route, fare_type: AC}]"
Kalaoya,Narahenpita,975.0,"[:Fare {fare: 975.0, route_id: route_db78ea66_365_1767932356, route_type: Normal Route, fare_type: AC}]"
Kalaoya,Moratuwa,1060.0,"[:Fare {fare: 1060.0, route_id: route_db78ea66_254_1767932356, route_type: Normal Route, fare_type: AC}]"
Kalaoya,Dehiwala,1010.0,"[:Fare {fare: 1010.0, route_id: route_db78ea66_364_1767932356, route_type: Normal Route, fare_type: AC}]"
Kalaoya,18 Kanuwa,810.0,"[:Fare {fare: 810.0, route_id: route_db78ea66_366_1767932356, route_type: Normal Route, fare_type: AC}]"
Kalaoya,Karuwalagaswawe,180.0,"[:Fare {fare: 180.0, route_id: route_db78ea66_372_1767932356, route_type: Normal Route, fare_type: AC}]"
Vavuniya,Mundalama,910.0,"[:Fare {fare: 910.0, route_id: route_cb15d6ac_282_1767932250, route_type: Katunayake Expressway, fare_type: AC}]"
Vavuniya,Mundalama,910.0,"[:Fare {fare: 910.0, route_id: route_db78ea66_346_1767932356, route_type: Normal Route, fare_type: AC}]"
Vavuniya,Nochchiyagama,500.0,"[:Fare {fare: 500.0, route_id: route_cb15d6ac_285_1767932250, route_type: Katunayake Expressway, fare_type: AC}]"
Vavuniya,Nochchiyagama,500.0,"[:Fare {fare: 500.0, route_id: route_db78ea66_349_1767932356, route_type: Normal Route, fare_type: AC}]"
Vavuniya,Anuradhapura,365.0,"[:Fare {fare: 365.0, route_id: route_cb15d6ac_286_1767932250, route_type: Katunayake Expressway, fare_type: AC}]"
Vavuniya,Anuradhapura,380.0,"[:Fare {fare: 380.0, route_id: route_db78ea66_284_1767932356, route_type: Normal Route, fare_type: AC}]"
Vavuniya,Anuradhapura,365.0,"[:Fare {fare: 365.0, route_id: route_db78ea66_350_1767932356, route_type: Normal Route, fare_type: AC}]"
Vavuniya,Medawachchiya,210.0,"[:Fare {fare: 210.0, route_id: route_cb15d6ac_287_1767932250, route_type: Katunayake Expressway, fare_type: AC}]"
Vavuniya,Medawachchiya,210.0,"[:Fare {fare: 210.0, route_id: route_db78ea66_184_1767932356, route_type: Normal Route, fare_type: AC}]"
Vavuniya,Kalaoya,590.0,"[:Fare {fare: 590.0, route_id: route_cb15d6ac_284_1767932250, route_type: Katunayake Expressway, fare_type: AC}]"
Vavuniya,Kalaoya,590.0,"[:Fare {fare: 590.0, route_id: route_db78ea66_348_1767932356, route_type: Normal Route, fare_type: AC}]"
Vavuniya,Panadura,1605.0,"[:Fare {fare: 1605.0, route_id: route_db78ea66_409_1767932356, route_type: Normal Route, fare_type: AC}]"
Vavuniya,Brukside Junction,1590.0,"[:Fare {fare: 1590.0, route_id: route_db78ea66_174_1767932356, route_type: Normal Route, fare_type: AC}]"
Vavuniya,Walapane,1480.0,"[:Fare {fare: 1480.0, route_id: route_db78ea66_175_1767932356, route_type: Normal Route, fare_type: AC}]"
Vavuniya,Padiyapalalla,1350.0,"[:Fare {fare: 1350.0, route_id: route_db78ea66_176_1767932356, route_type: Normal Route, fare_type: AC}]"
Vavuniya,Haguranketha,1260.0,"[:Fare {fare: 1260.0, route_id: route_db78ea66_177_1767932356, route_type: Normal Route, fare_type: AC}]"
Vavuniya,Matale,920.0,"[:Fare {fare: 920.0, route_id: route_db78ea66_179_1767932356, route_type: Normal Route, fare_type: AC}]"
Vavuniya,Nawula,780.0,"[:Fare {fare: 780.0, route_id: route_db78ea66_180_1767932356, route_type: Normal Route, fare_type: AC}]"
Vavuniya,Dambulla,680.0,"[:Fare {fare: 680.0, route_id: route_db78ea66_181_1767932356, route_type: Normal Route, fare_type: AC}]"
Vavuniya,Kakirawa,555.0,"[:Fare {fare: 555.0, route_id: route_db78ea66_182_1767932356, route_type: Normal Route, fare_type: AC}]"
Vavuniya,Mihintale,335.0,"[:Fare {fare: 335.0, route_id: route_db78ea66_183_1767932356, route_type: Normal Route, fare_type: AC}]"
Vavuniya,Mihintale,335.0,"[:Fare {fare: 335.0, route_id: route_db78ea66_435_1767932356, route_type: Normal Route, fare_type: AC}]"
Vavuniya,Marawila,1140.0,"[:Fare {fare: 1140.0, route_id: route_db78ea66_414_1767932356, route_type: Normal Route, fare_type: AC}]"
Vavuniya,Chilaw,1050.0,"[:Fare {fare: 1050.0, route_id: route_db78ea66_345_1767932356, route_type: Normal Route, fare_type: AC}]"
Vavuniya,Nuwaraeliya,1700.0,"[:Fare {fare: 1700.0, route_id: route_db78ea66_173_1767932356, route_type: Normal Route, fare_type: AC}]"
Vavuniya,Katunayake,1315.0,"[:Fare {fare: 1315.0, route_id: route_cb15d6ac_279_1767932250, route_type: Katunayake Expressway, fare_type: AC}]"
Vavuniya,Kaduwela,910.0,"[:Fare {fare: 910.0, route_id: route_db78ea66_93_1767932356, route_type: Normal Route, fare_type: AC}]"
Vavuniya,Awissawella,1450.0,"[:Fare {fare: 1450.0, route_id: route_db78ea66_29_1767932356, route_type: Normal Route, fare_type: AC}]"
Vavuniya,Ahaliyagoda,1525.0,"[:Fare {fare: 1525.0, route_id: route_db78ea66_28_1767932356, route_type: Normal Route, fare_type: AC}]"
Vavuniya,Ratnapura,1700.0,"[:Fare {fare: 1700.0, route_id: route_db78ea66_27_1767932356, route_type: Normal Route, fare_type: AC}]"
Vavuniya,Palmadulla,1810.0,"[:Fare {fare: 1810.0, route_id: route_db78ea66_26_1767932356, route_type: Normal Route, fare_type: AC}]"
Vavuniya,Godakawela,1940.0,"[:Fare {fare: 1940.0, route_id: route_db78ea66_25_1767932356, route_type: Normal Route, fare_type: AC}]"
Vavuniya,Ambilipitiya,2130.0,"[:Fare {fare: 2130.0, route_id: route_db78ea66_24_1767932356, route_type: Normal Route, fare_type: AC}]"
Vavuniya,Thelwatta,1285.0,"[:Fare {fare: 1285.0, route_id: route_cb15d6ac_280_1767932250, route_type: Katunayake Expressway, fare_type: AC}]"
Vavuniya,Thelwatta,1285.0,"[:Fare {fare: 1285.0, route_id: route_db78ea66_344_1767932356, route_type: Normal Route, fare_type: AC}]"
Vavuniya,Puttalam,765.0,"[:Fare {fare: 765.0, route_id: route_db78ea66_347_1767932356, route_type: Normal Route, fare_type: AC}]"
Vavuniya,Galigamuwa,620.0,"[:Fare {fare: 620.0, route_id: route_db78ea66_282_1767932356, route_type: Normal Route, fare_type: AC}]"
Vavuniya,Galigamuwa,1195.0,"[:Fare {fare: 1195.0, route_id: route_db78ea66_31_1767932356, route_type: Normal Route, fare_type: AC}]"
Vavuniya,Thabuththegama,525.0,"[:Fare {fare: 525.0, route_id: route_db78ea66_283_1767932356, route_type: Normal Route, fare_type: AC}]"
Vavuniya,Nittabuwa,1295.0,"[:Fare {fare: 1295.0, route_id: route_db78ea66_155_1767932356, route_type: Normal Route, fare_type: AC}]"
Vavuniya,Maradankadawala,500.0,"[:Fare {fare: 500.0, route_id: route_db78ea66_37_1767932356, route_type: Normal Route, fare_type: AC}]"
Vavuniya,Habarana,645.0,"[:Fare {fare: 645.0, route_id: route_db78ea66_95_1767932356, route_type: Normal Route, fare_type: AC}]"
Vavuniya,Minneriya,790.0,"[:Fare {fare: 790.0, route_id: route_db78ea66_94_1767932356, route_type: Normal Route, fare_type: AC}]"
Vavuniya,Welikanda,1040.0,"[:Fare {fare: 1040.0, route_id: route_db78ea66_92_1767932356, route_type: Normal Route, fare_type: AC}]"
Vavuniya,Walachchena,1240.0,"[:Fare {fare: 1240.0, route_id: route_db78ea66_91_1767932356, route_type: Normal Route, fare_type: AC}]"
Vavuniya,Eravur,1340.0,"[:Fare {fare: 1340.0, route_id: route_db78ea66_90_1767932356, route_type: Normal Route, fare_type: AC}]"
Vavuniya,Kaththankudi,1460.0,"[:Fare {fare: 1460.0, route_id: route_db78ea66_88_1767932356, route_type: Normal Route, fare_type: AC}]"
Vavuniya,Kalawanchikudi,1570.0,"[:Fare {fare: 1570.0, route_id: route_db78ea66_87_1767932356, route_type: Normal Route, fare_type: AC}]"
Vavuniya,Kalmunai,1635.0,"[:Fare {fare: 1635.0, route_id: route_db78ea66_86_1767932356, route_type: Normal Route, fare_type: AC}]"
Vavuniya,Akkareipaththu,1755.0,"[:Fare {fare: 1755.0, route_id: route_db78ea66_83_1767932356, route_type: Normal Route, fare_type: AC}]"
Vavuniya,Kiribathgoda,1450.0,"[:Fare {fare: 1450.0, route_id: route_db78ea66_153_1767932356, route_type: Normal Route, fare_type: AC}]"
Vavuniya,Yakkala,1350.0,"[:Fare {fare: 1350.0, route_id: route_db78ea66_275_1767932356, route_type: Normal Route, fare_type: AC}]"
Vavuniya,Yakkala,1350.0,"[:Fare {fare: 1350.0, route_id: route_db78ea66_154_1767932356, route_type: Normal Route, fare_type: AC}]"
Vavuniya,Warakapola,1205.0,"[:Fare {fare: 1205.0, route_id: route_db78ea66_156_1767932356, route_type: Normal Route, fare_type: AC}]"
Vavuniya,Polgahawela,1105.0,"[:Fare {fare: 1105.0, route_id: route_db78ea66_157_1767932356, route_type: Normal Route, fare_type: AC}]"
Vavuniya,Akurana,1010.0,"[:Fare {fare: 1010.0, route_id: route_db78ea66_428_1767932356, route_type: Normal Route, fare_type: AC}]"
Vavuniya,Ibbagamuwa,910.0,"[:Fare {fare: 910.0, route_id: route_db78ea66_159_1767932356, route_type: Normal Route, fare_type: AC}]"
Vavuniya,Malsiripura,845.0,"[:Fare {fare: 845.0, route_id: route_db78ea66_160_1767932356, route_type: Normal Route, fare_type: AC}]"
Vavuniya,Galewela,765.0,"[:Fare {fare: 765.0, route_id: route_db78ea66_161_1767932356, route_type: Normal Route, fare_type: AC}]"
Vavuniya,Galkulama,390.0,"[:Fare {fare: 390.0, route_id: route_db78ea66_164_1767932356, route_type: Normal Route, fare_type: AC}]"
Vavuniya,Kabithigollawa,225.0,"[:Fare {fare: 225.0, route_id: route_db78ea66_437_1767932356, route_type: Normal Route, fare_type: AC}]"
Vavuniya,Narahenpita,1480.0,"[:Fare {fare: 1480.0, route_id: route_db78ea66_411_1767932356, route_type: Normal Route, fare_type: AC}]"
Vavuniya,Narahenpita,1525.0,"[:Fare {fare: 1525.0, route_id: route_db78ea66_457_1767932356, route_type: Normal Route, fare_type: AC}]"
Vavuniya,Moratuwa,1570.0,"[:Fare {fare: 1570.0, route_id: route_db78ea66_296_1767932356, route_type: Normal Route, fare_type: AC}]"
Vavuniya,Moratuwa,1605.0,"[:Fare {fare: 1605.0, route_id: route_db78ea66_456_1767932356, route_type: Normal Route, fare_type: AC}]"
Vavuniya,Mahiyanganaya,1250.0,"[:Fare {fare: 1250.0, route_id: route_db78ea66_31_1767932356, route_type: Normal Route, fare_type: AC}]"
Vavuniya,Nindawur,1665.0,"[:Fare {fare: 1665.0, route_id: route_db78ea66_85_1767932356, route_type: Normal Route, fare_type: AC}]"
Vavuniya,Madawalaulpatha,845.0,"[:Fare {fare: 845.0, route_id: route_db78ea66_430_1767932356, route_type: Normal Route, fare_type: AC}]"
Vavuniya,Thirappane,435.0,"[:Fare {fare: 435.0, route_id: route_db78ea66_434_1767932356, route_type: Normal Route, fare_type: AC}]"
Vavuniya,Trincomalee,645.0,"[:Fare {fare: 645.0, route_id: route_db78ea66_434_1767932356, route_type: Normal Route, fare_type: AC}]"
Vavuniya,Batticaloa,1415.0,"[:Fare {fare: 1415.0, route_id: route_db78ea66_89_1767932356, route_type: Normal Route, fare_type: AC}]"
Vavuniya,Oluwil,1700.0,"[:Fare {fare: 1700.0, route_id: route_db78ea66_84_1767932356, route_type: Normal Route, fare_type: AC}]"
Vavuniya,Wariyapola,890.0,"[:Fare {fare: 890.0, route_id: route_db78ea66_280_1767932356, route_type: Normal Route, fare_type: AC}]"
Vavuniya,Dhaladagama,755.0,"[:Fare {fare: 755.0, route_id: route_db78ea66_281_1767932356, route_type: Normal Route, fare_type: AC}]"
Vavuniya,Aguruwalla,1330.0,"[:Fare {fare: 1330.0, route_id: route_db78ea66_30_1767932356, route_type: Normal Route, fare_type: AC}]"
Vavuniya,Dehiwala,1515.0,"[:Fare {fare: 1515.0, route_id: route_db78ea66_410_1767932356, route_type: Normal Route, fare_type: AC}]"
Vavuniya,18 Kanuwa,1315.0,"[:Fare {fare: 1315.0, route_id: route_db78ea66_412_1767932356, route_type: Normal Route, fare_type: AC}]"
Vavuniya,Karuwalagaswawe,690.0,"[:Fare {fare: 690.0, route_id: route_db78ea66_418_1767932356, route_type: Normal Route, fare_type: AC}]"
Vavuniya,Thririyaya Junction,510.0,"[:Fare {fare: 510.0, route_id: route_db78ea66_435_1767932356, route_type: Normal Route, fare_type: AC}]"
Vavuniya,Horowpathana,360.0,"[:Fare {fare: 360.0, route_id: route_db78ea66_436_1767932356, route_type: Normal Route, fare_type: AC}]"
Vavuniya,Badulla,1665.0,"[:Fare {fare: 1665.0, route_id: route_db78ea66_26_1767932356, route_type: Normal Route, fare_type: AC}]"
Vavuniya,Meegahakiwla,1500.0,"[:Fare {fare: 1500.0, route_id: route_db78ea66_28_1767932356, route_type: Normal Route, fare_type: AC}]"
Vavuniya,Thaldena,1580.0,"[:Fare {fare: 1580.0, route_id: route_db78ea66_27_1767932356, route_type: Normal Route, fare_type: AC}]"
Vavuniya,Buddankotte,1425.0,"[:Fare {fare: 1425.0, route_id: route_db78ea66_29_1767932356, route_type: Normal Route, fare_type: AC}]"
Vavuniya,17 junction,1315.0,"[:Fare {fare: 1315.0, route_id: route_db78ea66_30_1767932356, route_type: Normal Route, fare_type: AC}]"
Vavuniya,Hebarawa,1120.0,"[:Fare {fare: 1120.0, route_id: route_db78ea66_32_1767932356, route_type: Normal Route, fare_type: AC}]"
Vavuniya,Hettipola,1075.0,"[:Fare {fare: 1075.0, route_id: route_db78ea66_33_1767932356, route_type: Normal Route, fare_type: AC}]"
Vavuniya,Laggala,985.0,"[:Fare {fare: 985.0, route_id: route_db78ea66_34_1767932356, route_type: Normal Route, fare_type: AC}]"
Vavuniya,Bakamuna,820.0,"[:Fare {fare: 820.0, route_id: route_db78ea66_35_1767932356, route_type: Normal Route, fare_type: AC}]"
Omanthe,Mundalama,985.0,"[:Fare {fare: 985.0, route_id: route_cb15d6ac_292_1767932250, route_type: Katunayake Expressway, fare_type: AC}]"
Omanthe,Mundalama,985.0,"[:Fare {fare: 985.0, route_id: route_db78ea66_355_1767932356, route_type: Normal Route, fare_type: AC}]"
Omanthe,Mundalama,995.0,"[:Fare {fare: 995.0, route_id: route_db78ea66_430_1767932356, route_type: Normal Route, fare_type: AC}]"
Omanthe,Nochchiyagama,580.0,"[:Fare {fare: 580.0, route_id: route_cb15d6ac_295_1767932250, route_type: Katunayake Expressway, fare_type: AC}]"
Omanthe,Nochchiyagama,580.0,"[:Fare {fare: 580.0, route_id: route_db78ea66_219_1767932356, route_type: Normal Route, fare_type: AC}]"
Omanthe,Nochchiyagama,590.0,"[:Fare {fare: 590.0, route_id: route_db78ea66_434_1767932356, route_type: Normal Route, fare_type: AC}]"
Omanthe,Anuradhapura,445.0,"[:Fare {fare: 445.0, route_id: route_cb15d6ac_296_1767932250, route_type: Katunayake Expressway, fare_type: AC}]"
Omanthe,Anuradhapura,445.0,"[:Fare {fare: 445.0, route_id: route_db78ea66_220_1767932356, route_type: Normal Route, fare_type: AC}]"
Omanthe,Anuradhapura,460.0,"[:Fare {fare: 460.0, route_id: route_db78ea66_435_1767932356, route_type: Normal Route, fare_type: AC}]"
Omanthe,Medawachchiya,290.0,"[:Fare {fare: 290.0, route_id: route_cb15d6ac_297_1767932250, route_type: Katunayake Expressway, fare_type: AC}]"
Omanthe,Medawachchiya,300.0,"[:Fare {fare: 300.0, route_id: route_db78ea66_196_1767932356, route_type: Normal Route, fare_type: AC}]"
Omanthe,Medawachchiya,290.0,"[:Fare {fare: 290.0, route_id: route_db78ea66_360_1767932356, route_type: Normal Route, fare_type: AC}]"
Omanthe,Kalaoya,670.0,"[:Fare {fare: 670.0, route_id: route_cb15d6ac_294_1767932250, route_type: Katunayake Expressway, fare_type: AC}]"
Omanthe,Kalaoya,670.0,"[:Fare {fare: 670.0, route_id: route_db78ea66_357_1767932356, route_type: Normal Route, fare_type: AC}]"
Omanthe,Kalaoya,680.0,"[:Fare {fare: 680.0, route_id: route_db78ea66_433_1767932356, route_type: Normal Route, fare_type: AC}]"
Omanthe,Vavuniya,160.0,"[:Fare {fare: 160.0, route_id: route_cb15d6ac_298_1767932250, route_type: Katunayake Expressway, fare_type: AC}]"
Omanthe,Vavuniya,165.0,"[:Fare {fare: 165.0, route_id: route_db78ea66_197_1767932356, route_type: Normal Route, fare_type: AC}]"
Omanthe,Vavuniya,160.0,"[:Fare {fare: 160.0, route_id: route_db78ea66_361_1767932356, route_type: Normal Route, fare_type: AC}]"
Omanthe,Panadura,1690.0,"[:Fare {fare: 1690.0, route_id: route_db78ea66_423_1767932356, route_type: Normal Route, fare_type: AC}]"
Omanthe,Brukside Junction,1680.0,"[:Fare {fare: 1680.0, route_id: route_db78ea66_186_1767932356, route_type: Normal Route, fare_type: AC}]"
Omanthe,Walapane,1570.0,"[:Fare {fare: 1570.0, route_id: route_db78ea66_187_1767932356, route_type: Normal Route, fare_type: AC}]"
Omanthe,Padiyapalalla,1435.0,"[:Fare {fare: 1435.0, route_id: route_db78ea66_188_1767932356, route_type: Normal Route, fare_type: AC}]"
Omanthe,Haguranketha,1350.0,"[:Fare {fare: 1350.0, route_id: route_db78ea66_189_1767932356, route_type: Normal Route, fare_type: AC}]"
Omanthe,Matale,1010.0,"[:Fare {fare: 1010.0, route_id: route_db78ea66_191_1767932356, route_type: Normal Route, fare_type: AC}]"
Omanthe,Nawula,865.0,"[:Fare {fare: 865.0, route_id: route_db78ea66_192_1767932356, route_type: Normal Route, fare_type: AC}]"
Omanthe,Dambulla,765.0,"[:Fare {fare: 765.0, route_id: route_db78ea66_193_1767932356, route_type: Normal Route, fare_type: AC}]"
Omanthe,Dambulla,755.0,"[:Fare {fare: 755.0, route_id: route_db78ea66_182_1767932356, route_type: Normal Route, fare_type: AC}]"
Omanthe,Kakirawa,645.0,"[:Fare {fare: 645.0, route_id: route_db78ea66_194_1767932356, route_type: Normal Route, fare_type: AC}]"
Omanthe,Kakirawa,635.0,"[:Fare {fare: 635.0, route_id: route_db78ea66_183_1767932356, route_type: Normal Route, fare_type: AC}]"
Omanthe,Mihintale,425.0,"[:Fare {fare: 425.0, route_id: route_db78ea66_195_1767932356, route_type: Normal Route, fare_type: AC}]"
Omanthe,Mihintale,415.0,"[:Fare {fare: 415.0, route_id: route_db78ea66_184_1767932356, route_type: Normal Route, fare_type: AC}]"
Omanthe,Mihintale,425.0,"[:Fare {fare: 425.0, route_id: route_db78ea66_445_1767932356, route_type: Normal Route, fare_type: AC}]"
Omanthe,Marawila,1225.0,"[:Fare {fare: 1225.0, route_id: route_db78ea66_428_1767932356, route_type: Normal Route, fare_type: AC}]"
Omanthe,Chilaw,1130.0,"[:Fare {fare: 1130.0, route_id: route_db78ea66_354_1767932356, route_type: Normal Route, fare_type: AC}]"
Omanthe,Chilaw,1140.0,"[:Fare {fare: 1140.0, route_id: route_db78ea66_429_1767932356, route_type: Normal Route, fare_type: AC}]"
Omanthe,Nuwaraeliya,1790.0,"[:Fare {fare: 1790.0, route_id: route_db78ea66_185_1767932356, route_type: Normal Route, fare_type: AC}]"
Omanthe,Katunayake,1390.0,"[:Fare {fare: 1390.0, route_id: route_cb15d6ac_289_1767932250, route_type: Katunayake Expressway, fare_type: AC}]"
Omanthe,Kaduwela,995.0,"[:Fare {fare: 995.0, route_id: route_db78ea66_108_1767932356, route_type: Normal Route, fare_type: AC}]"
Omanthe,Awissawella,1535.0,"[:Fare {fare: 1535.0, route_id: route_db78ea66_44_1767932356, route_type: Normal Route, fare_type: AC}]"
Omanthe,Ahaliyagoda,1610.0,"[:Fare {fare: 1610.0, route_id: route_db78ea66_43_1767932356, route_type: Normal Route, fare_type: AC}]"
Omanthe,Ratnapura,1790.0,"[:Fare {fare: 1790.0, route_id: route_db78ea66_42_1767932356, route_type: Normal Route, fare_type: AC}]"
Omanthe,Palmadulla,1900.0,"[:Fare {fare: 1900.0, route_id: route_db78ea66_41_1767932356, route_type: Normal Route, fare_type: AC}]"
Omanthe,Godakawela,2030.0,"[:Fare {fare: 2030.0, route_id: route_db78ea66_40_1767932356, route_type: Normal Route, fare_type: AC}]"
Omanthe,Ambilipitiya,2215.0,"[:Fare {fare: 2215.0, route_id: route_db78ea66_39_1767932356, route_type: Normal Route, fare_type: AC}]"
Omanthe,Thelwatta,1360.0,"[:Fare {fare: 1360.0, route_id: route_db78ea66_353_1767932356, route_type: Normal Route, fare_type: AC}]"
Omanthe,Thelwatta,1370.0,"[:Fare {fare: 1370.0, route_id: route_db78ea66_427_1767932356, route_type: Normal Route, fare_type: AC}]"
Omanthe,Thelwatta,1360.0,"[:Fare {fare: 1360.0, route_id: route_cb15d6ac_290_1767932250, route_type: Katunayake Expressway, fare_type: AC}]"
Omanthe,Puttalam,845.0,"[:Fare {fare: 845.0, route_id: route_db78ea66_356_1767932356, route_type: Normal Route, fare_type: AC}]"
Omanthe,Puttalam,855.0,"[:Fare {fare: 855.0, route_id: route_db78ea66_431_1767932356, route_type: Normal Route, fare_type: AC}]"
Omanthe,Galigamuwa,1285.0,"[:Fare {fare: 1285.0, route_id: route_db78ea66_46_1767932356, route_type: Normal Route, fare_type: AC}]"
Omanthe,Nittabuwa,1370.0,"[:Fare {fare: 1370.0, route_id: route_db78ea66_177_1767932356, route_type: Normal Route, fare_type: AC}]"
Omanthe,Nittabuwa,1380.0,"[:Fare {fare: 1380.0, route_id: route_db78ea66_472_1767932356, route_type: Normal Route, fare_type: AC}]"
Omanthe,Habarana,735.0,"[:Fare {fare: 735.0, route_id: route_db78ea66_110_1767932356, route_type: Normal Route, fare_type: AC}]"
Omanthe,Minneriya,875.0,"[:Fare {fare: 875.0, route_id: route_db78ea66_109_1767932356, route_type: Normal Route, fare_type: AC}]"
Omanthe,Welikanda,1130.0,"[:Fare {fare: 1130.0, route_id: route_db78ea66_107_1767932356, route_type: Normal Route, fare_type: AC}]"
Omanthe,Walachchena,1330.0,"[:Fare {fare: 1330.0, route_id: route_db78ea66_106_1767932356, route_type: Normal Route, fare_type: AC}]"
Omanthe,Eravur,1425.0,"[:Fare {fare: 1425.0, route_id: route_db78ea66_105_1767932356, route_type: Normal Route, fare_type: AC}]"
Omanthe,Kaththankudi,1545.0,"[:Fare {fare: 1545.0, route_id: route_db78ea66_103_1767932356, route_type: Normal Route, fare_type: AC}]"
Omanthe,Kalawanchikudi,1655.0,"[:Fare {fare: 1655.0, route_id: route_db78ea66_102_1767932356, route_type: Normal Route, fare_type: AC}]"
Omanthe,Kalmunai,1725.0,"[:Fare {fare: 1725.0, route_id: route_db78ea66_101_1767932356, route_type: Normal Route, fare_type: AC}]"
Omanthe,Akkareipaththu,1845.0,"[:Fare {fare: 1845.0, route_id: route_db78ea66_98_1767932356, route_type: Normal Route, fare_type: AC}]"
Omanthe,Kiribathgoda,1525.0,"[:Fare {fare: 1525.0, route_id: route_db78ea66_176_1767932356, route_type: Normal Route, fare_type: AC}]"
Omanthe,Kiribathgoda,1535.0,"[:Fare {fare: 1535.0, route_id: route_db78ea66_471_1767932356, route_type: Normal Route, fare_type: AC}]"
Omanthe,Warakapola,1285.0,"[:Fare {fare: 1285.0, route_id: route_db78ea66_178_1767932356, route_type: Normal Route, fare_type: AC}]"
Omanthe,Warakapola,1295.0,"[:Fare {fare: 1295.0, route_id: route_db78ea66_473_1767932356, route_type: Normal Route, fare_type: AC}]"
Omanthe,Polgahawela,1195.0,"[:Fare {fare: 1195.0, route_id: route_db78ea66_474_1767932356, route_type: Normal Route, fare_type: AC}]"
Omanthe,Akurana,1100.0,"[:Fare {fare: 1100.0, route_id: route_db78ea66_438_1767932356, route_type: Normal Route, fare_type: AC}]"
Omanthe,Ibbagamuwa,995.0,"[:Fare {fare: 995.0, route_id: route_db78ea66_476_1767932356, route_type: Normal Route, fare_type: AC}]"
Omanthe,Ibbagamuwa,985.0,"[:Fare {fare: 985.0, route_id: route_db78ea66_180_1767932356, route_type: Normal Route, fare_type: AC}]"
Omanthe,Malsiripura,930.0,"[:Fare {fare: 930.0, route_id: route_db78ea66_49_1767932356, route_type: Normal Route, fare_type: AC}]"
Omanthe,Malsiripura,920.0,"[:Fare {fare: 920.0, route_id: route_db78ea66_181_1767932356, route_type: Normal Route, fare_type: AC}]"
Omanthe,Galewela,855.0,"[:Fare {fare: 855.0, route_id: route_db78ea66_477_1767932356, route_type: Normal Route, fare_type: AC}]"
Omanthe,Kabithigollawa,300.0,"[:Fare {fare: 300.0, route_id: route_db78ea66_441_1767932356, route_type: Normal Route, fare_type: AC}]"
Omanthe,Narahenpita,1610.0,"[:Fare {fare: 1610.0, route_id: route_db78ea66_470_1767932356, route_type: Normal Route, fare_type: AC}]"
Omanthe,Narahenpita,1570.0,"[:Fare {fare: 1570.0, route_id: route_db78ea66_425_1767932356, route_type: Normal Route, fare_type: AC}]"
Omanthe,Moratuwa,1690.0,"[:Fare {fare: 1690.0, route_id: route_db78ea66_469_1767932356, route_type: Normal Route, fare_type: AC}]"
Omanthe,Moratuwa,1655.0,"[:Fare {fare: 1655.0, route_id: route_db78ea66_309_1767932356, route_type: Normal Route, fare_type: AC}]"
Omanthe,Nindawur,1755.0,"[:Fare {fare: 1755.0, route_id: route_db78ea66_100_1767932356, route_type: Normal Route, fare_type: AC}]"
Omanthe,Madawalaulpatha,930.0,"[:Fare {fare: 930.0, route_id: route_db78ea66_440_1767932356, route_type: Normal Route, fare_type: AC}]"
Omanthe,Thirappane,525.0,"[:Fare {fare: 525.0, route_id: route_db78ea66_444_1767932356, route_type: Normal Route, fare_type: AC}]"
Omanthe,Trincomalee,725.0,"[:Fare {fare: 725.0, route_id: route_db78ea66_438_1767932356, route_type: Normal Route, fare_type: AC}]"
Omanthe,Batticaloa,1500.0,"[:Fare {fare: 1500.0, route_id: route_db78ea66_104_1767932356, route_type: Normal Route, fare_type: AC}]"
Omanthe,Oluwil,1790.0,"[:Fare {fare: 1790.0, route_id: route_db78ea66_99_1767932356, route_type: Normal Route, fare_type: AC}]"
Omanthe,Aguruwalla,1415.0,"[:Fare {fare: 1415.0, route_id: route_db78ea66_45_1767932356, route_type: Normal Route, fare_type: AC}]"
Omanthe,Dehiwala,1605.0,"[:Fare {fare: 1605.0, route_id: route_db78ea66_424_1767932356, route_type: Normal Route, fare_type: AC}]"
Omanthe,18 Kanuwa,1405.0,"[:Fare {fare: 1405.0, route_id: route_db78ea66_426_1767932356, route_type: Normal Route, fare_type: AC}]"
Omanthe,Karuwalagaswawe,780.0,"[:Fare {fare: 780.0, route_id: route_db78ea66_432_1767932356, route_type: Normal Route, fare_type: AC}]"
Omanthe,Thririyaya Junction,590.0,"[:Fare {fare: 590.0, route_id: route_db78ea66_439_1767932356, route_type: Normal Route, fare_type: AC}]"
Omanthe,Horowpathana,435.0,"[:Fare {fare: 435.0, route_id: route_db78ea66_440_1767932356, route_type: Normal Route, fare_type: AC}]"
Mankulam,Mundalama,1180.0,"[:Fare {fare: 1180.0, route_id: route_cb15d6ac_303_1767932250, route_type: Katunayake Expressway, fare_type: AC}]"
Mankulam,Mundalama,1180.0,"[:Fare {fare: 1180.0, route_id: route_db78ea66_226_1767932356, route_type: Normal Route, fare_type: AC}]"
Mankulam,Mundalama,1175.0,"[:Fare {fare: 1175.0, route_id: route_db78ea66_445_1767932356, route_type: Normal Route, fare_type: AC}]"
Mankulam,Nochchiyagama,780.0,"[:Fare {fare: 780.0, route_id: route_cb15d6ac_306_1767932250, route_type: Katunayake Expressway, fare_type: AC}]"
Mankulam,Nochchiyagama,780.0,"[:Fare {fare: 780.0, route_id: route_db78ea66_229_1767932356, route_type: Normal Route, fare_type: AC}]"
Mankulam,Nochchiyagama,765.0,"[:Fare {fare: 765.0, route_id: route_db78ea66_449_1767932356, route_type: Normal Route, fare_type: AC}]"
Mankulam,Anuradhapura,645.0,"[:Fare {fare: 645.0, route_id: route_cb15d6ac_307_1767932250, route_type: Katunayake Expressway, fare_type: AC}]"
Mankulam,Anuradhapura,645.0,"[:Fare {fare: 645.0, route_id: route_db78ea66_230_1767932356, route_type: Normal Route, fare_type: AC}]"
Mankulam,Anuradhapura,635.0,"[:Fare {fare: 635.0, route_id: route_db78ea66_450_1767932356, route_type: Normal Route, fare_type: AC}]"
Mankulam,Medawachchiya,490.0,"[:Fare {fare: 490.0, route_id: route_cb15d6ac_308_1767932250, route_type: Katunayake Expressway, fare_type: AC}]"
Mankulam,Medawachchiya,480.0,"[:Fare {fare: 480.0, route_id: route_db78ea66_209_1767932356, route_type: Normal Route, fare_type: AC}]"
Mankulam,Medawachchiya,490.0,"[:Fare {fare: 490.0, route_id: route_db78ea66_69_1767932356, route_type: Normal Route, fare_type: AC}]"
Mankulam,Kalaoya,865.0,"[:Fare {fare: 865.0, route_id: route_cb15d6ac_305_1767932250, route_type: Katunayake Expressway, fare_type: AC}]"
Mankulam,Kalaoya,865.0,"[:Fare {fare: 865.0, route_id: route_db78ea66_228_1767932356, route_type: Normal Route, fare_type: AC}]"
Mankulam,Kalaoya,855.0,"[:Fare {fare: 855.0, route_id: route_db78ea66_448_1767932356, route_type: Normal Route, fare_type: AC}]"
Mankulam,Vavuniya,360.0,"[:Fare {fare: 360.0, route_id: route_cb15d6ac_309_1767932250, route_type: Katunayake Expressway, fare_type: AC}]"
Mankulam,Vavuniya,345.0,"[:Fare {fare: 345.0, route_id: route_db78ea66_210_1767932356, route_type: Normal Route, fare_type: AC}]"
Mankulam,Vavuniya,360.0,"[:Fare {fare: 360.0, route_id: route_db78ea66_70_1767932356, route_type: Normal Route, fare_type: AC}]"
Mankulam,Omanthe,280.0,"[:Fare {fare: 280.0, route_id: route_cb15d6ac_310_1767932250, route_type: Katunayake Expressway, fare_type: AC}]"
Mankulam,Omanthe,255.0,"[:Fare {fare: 255.0, route_id: route_db78ea66_211_1767932356, route_type: Normal Route, fare_type: AC}]"
Mankulam,Omanthe,270.0,"[:Fare {fare: 270.0, route_id: route_db78ea66_71_1767932356, route_type: Normal Route, fare_type: AC}]"
Mankulam,Omanthe,280.0,"[:Fare {fare: 280.0, route_id: route_db78ea66_233_1767932356, route_type: Normal Route, fare_type: AC}]"
Mankulam,Panadura,1865.0,"[:Fare {fare: 1865.0, route_id: route_db78ea66_438_1767932356, route_type: Normal Route, fare_type: AC}]"
Mankulam,Brukside Junction,1855.0,"[:Fare {fare: 1855.0, route_id: route_db78ea66_199_1767932356, route_type: Normal Route, fare_type: AC}]"
Mankulam,Walapane,1745.0,"[:Fare {fare: 1745.0, route_id: route_db78ea66_200_1767932356, route_type: Normal Route, fare_type: AC}]"
Mankulam,Padiyapalalla,1610.0,"[:Fare {fare: 1610.0, route_id: route_db78ea66_201_1767932356, route_type: Normal Route, fare_type: AC}]"
Mankulam,Haguranketha,1525.0,"[:Fare {fare: 1525.0, route_id: route_db78ea66_202_1767932356, route_type: Normal Route, fare_type: AC}]"
Mankulam,Matale,1180.0,"[:Fare {fare: 1180.0, route_id: route_db78ea66_204_1767932356, route_type: Normal Route, fare_type: AC}]"
Mankulam,Nawula,1040.0,"[:Fare {fare: 1040.0, route_id: route_db78ea66_205_1767932356, route_type: Normal Route, fare_type: AC}]"
Mankulam,Dambulla,940.0,"[:Fare {fare: 940.0, route_id: route_db78ea66_206_1767932356, route_type: Normal Route, fare_type: AC}]"
Mankulam,Dambulla,950.0,"[:Fare {fare: 950.0, route_id: route_db78ea66_66_1767932356, route_type: Normal Route, fare_type: AC}]"
Mankulam,Kakirawa,820.0,"[:Fare {fare: 820.0, route_id: route_db78ea66_207_1767932356, route_type: Normal Route, fare_type: AC}]"
Mankulam,Kakirawa,830.0,"[:Fare {fare: 830.0, route_id: route_db78ea66_67_1767932356, route_type: Normal Route, fare_type: AC}]"
Mankulam,Mihintale,600.0,"[:Fare {fare: 600.0, route_id: route_db78ea66_208_1767932356, route_type: Normal Route, fare_type: AC}]"
Mankulam,Mihintale,615.0,"[:Fare {fare: 615.0, route_id: route_db78ea66_68_1767932356, route_type: Normal Route, fare_type: AC}]"
Mankulam,Mihintale,600.0,"[:Fare {fare: 600.0, route_id: route_db78ea66_456_1767932356, route_type: Normal Route, fare_type: AC}]"
Mankulam,Marawila,1405.0,"[:Fare {fare: 1405.0, route_id: route_db78ea66_443_1767932356, route_type: Normal Route, fare_type: AC}]"
Mankulam,Chilaw,1330.0,"[:Fare {fare: 1330.0, route_id: route_db78ea66_225_1767932356, route_type: Normal Route, fare_type: AC}]"
Mankulam,Chilaw,1315.0,"[:Fare {fare: 1315.0, route_id: route_db78ea66_444_1767932356, route_type: Normal Route, fare_type: AC}]"
Mankulam,Nuwaraeliya,1965.0,"[:Fare {fare: 1965.0, route_id: route_db78ea66_198_1767932356, route_type: Normal Route, fare_type: AC}]"
Mankulam,Katunayake,1590.0,"[:Fare {fare: 1590.0, route_id: route_cb15d6ac_300_1767932250, route_type: Katunayake Expressway, fare_type: AC}]"
Mankulam,Awissawella,1725.0,"[:Fare {fare: 1725.0, route_id: route_db78ea66_60_1767932356, route_type: Normal Route, fare_type: AC}]"
Mankulam,Ahaliyagoda,1800.0,"[:Fare {fare: 1800.0, route_id: route_db78ea66_59_1767932356, route_type: Normal Route, fare_type: AC}]"
Mankulam,Ratnapura,1975.0,"[:Fare {fare: 1975.0, route_id: route_db78ea66_58_1767932356, route_type: Normal Route, fare_type: AC}]"
Mankulam,Palmadulla,2090.0,"[:Fare {fare: 2090.0, route_id: route_db78ea66_57_1767932356, route_type: Normal Route, fare_type: AC}]"
Mankulam,Godakawela,2215.0,"[:Fare {fare: 2215.0, route_id: route_db78ea66_56_1767932356, route_type: Normal Route, fare_type: AC}]"
Mankulam,Ambilipitiya,2405.0,"[:Fare {fare: 2405.0, route_id: route_db78ea66_55_1767932356, route_type: Normal Route, fare_type: AC}]"
Mankulam,Thelwatta,1560.0,"[:Fare {fare: 1560.0, route_id: route_db78ea66_224_1767932356, route_type: Normal Route, fare_type: AC}]"
Mankulam,Thelwatta,1545.0,"[:Fare {fare: 1545.0, route_id: route_db78ea66_442_1767932356, route_type: Normal Route, fare_type: AC}]"
Mankulam,Thelwatta,1560.0,"[:Fare {fare: 1560.0, route_id: route_cb15d6ac_301_1767932250, route_type: Katunayake Expressway, fare_type: AC}]"
Mankulam,Puttalam,1040.0,"[:Fare {fare: 1040.0, route_id: route_db78ea66_227_1767932356, route_type: Normal Route, fare_type: AC}]"
Mankulam,Puttalam,1030.0,"[:Fare {fare: 1030.0, route_id: route_db78ea66_446_1767932356, route_type: Normal Route, fare_type: AC}]"
Mankulam,Galigamuwa,1470.0,"[:Fare {fare: 1470.0, route_id: route_db78ea66_62_1767932356, route_type: Normal Route, fare_type: AC}]"
Mankulam,Nittabuwa,1560.0,"[:Fare {fare: 1560.0, route_id: route_db78ea66_1_1767932356, route_type: Normal Route, fare_type: AC}]"
Mankulam,Maradankadawala,765.0,"[:Fare {fare: 765.0, route_id: route_db78ea66_66_1767932356, route_type: Normal Route, fare_type: AC}]"
Mankulam,Kiribathgoda,1710.0,"[:Fare {fare: 1710.0, route_id: route_db78ea66_0_1767932356, route_type: Normal Route, fare_type: AC}]"
Mankulam,Warakapola,1470.0,"[:Fare {fare: 1470.0, route_id: route_db78ea66_2_1767932356, route_type: Normal Route, fare_type: AC}]"
Mankulam,Polgahawela,1380.0,"[:Fare {fare: 1380.0, route_id: route_db78ea66_63_1767932356, route_type: Normal Route, fare_type: AC}]"
Mankulam,Polgahawela,1370.0,"[:Fare {fare: 1370.0, route_id: route_db78ea66_3_1767932356, route_type: Normal Route, fare_type: AC}]"
Mankulam,Akurana,1270.0,"[:Fare {fare: 1270.0, route_id: route_db78ea66_449_1767932356, route_type: Normal Route, fare_type: AC}]"
Mankulam,Ibbagamuwa,1175.0,"[:Fare {fare: 1175.0, route_id: route_db78ea66_5_1767932356, route_type: Normal Route, fare_type: AC}]"
Mankulam,Malsiripura,1120.0,"[:Fare {fare: 1120.0, route_id: route_db78ea66_65_1767932356, route_type: Normal Route, fare_type: AC}]"
Mankulam,Galewela,1030.0,"[:Fare {fare: 1030.0, route_id: route_db78ea66_6_1767932356, route_type: Normal Route, fare_type: AC}]"
Mankulam,Kabithigollawa,490.0,"[:Fare {fare: 490.0, route_id: route_db78ea66_446_1767932356, route_type: Normal Route, fare_type: AC}]"
Mankulam,Narahenpita,1790.0,"[:Fare {fare: 1790.0, route_id: route_db78ea66_499_1767932356, route_type: Normal Route, fare_type: AC}]"
Mankulam,Narahenpita,1745.0,"[:Fare {fare: 1745.0, route_id: route_db78ea66_440_1767932356, route_type: Normal Route, fare_type: AC}]"
Mankulam,Puliyankulama,200.0,"[:Fare {fare: 200.0, route_id: route_db78ea66_13_1767932356, route_type: Normal Route, fare_type: AC}]"
Mankulam,Moratuwa,1865.0,"[:Fare {fare: 1865.0, route_id: route_db78ea66_498_1767932356, route_type: Normal Route, fare_type: AC}]"
Mankulam,Moratuwa,1835.0,"[:Fare {fare: 1835.0, route_id: route_db78ea66_323_1767932356, route_type: Normal Route, fare_type: AC}]"
Mankulam,Mahiyanganaya,1515.0,"[:Fare {fare: 1515.0, route_id: route_db78ea66_60_1767932356, route_type: Normal Route, fare_type: AC}]"
Mankulam,Madawalaulpatha,1105.0,"[:Fare {fare: 1105.0, route_id: route_db78ea66_451_1767932356, route_type: Normal Route, fare_type: AC}]"
Mankulam,Thirappane,700.0,"[:Fare {fare: 700.0, route_id: route_db78ea66_455_1767932356, route_type: Normal Route, fare_type: AC}]"
Mankulam,Trincomalee,910.0,"[:Fare {fare: 910.0, route_id: route_db78ea66_443_1767932356, route_type: Normal Route, fare_type: AC}]"
Mankulam,Aguruwalla,1605.0,"[:Fare {fare: 1605.0, route_id: route_db78ea66_61_1767932356, route_type: Normal Route, fare_type: AC}]"
Mankulam,Dehiwala,1780.0,"[:Fare {fare: 1780.0, route_id: route_db78ea66_439_1767932356, route_type: Normal Route, fare_type: AC}]"
Mankulam,18 Kanuwa,1580.0,"[:Fare {fare: 1580.0, route_id: route_db78ea66_441_1767932356, route_type: Normal Route, fare_type: AC}]"
Mankulam,Karuwalagaswawe,950.0,"[:Fare {fare: 950.0, route_id: route_db78ea66_447_1767932356, route_type: Normal Route, fare_type: AC}]"
Mankulam,Thririyaya Junction,780.0,"[:Fare {fare: 780.0, route_id: route_db78ea66_444_1767932356, route_type: Normal Route, fare_type: AC}]"
Mankulam,Horowpathana,620.0,"[:Fare {fare: 620.0, route_id: route_db78ea66_445_1767932356, route_type: Normal Route, fare_type: AC}]"
Mankulam,Badulla,1930.0,"[:Fare {fare: 1930.0, route_id: route_db78ea66_55_1767932356, route_type: Normal Route, fare_type: AC}]"
Mankulam,Meegahakiwla,1770.0,"[:Fare {fare: 1770.0, route_id: route_db78ea66_57_1767932356, route_type: Normal Route, fare_type: AC}]"
Mankulam,Thaldena,1845.0,"[:Fare {fare: 1845.0, route_id: route_db78ea66_56_1767932356, route_type: Normal Route, fare_type: AC}]"
Mankulam,Buddankotte,1690.0,"[:Fare {fare: 1690.0, route_id: route_db78ea66_58_1767932356, route_type: Normal Route, fare_type: AC}]"
Mankulam,17 junction,1580.0,"[:Fare {fare: 1580.0, route_id: route_db78ea66_59_1767932356, route_type: Normal Route, fare_type: AC}]"
Mankulam,Hebarawa,1380.0,"[:Fare {fare: 1380.0, route_id: route_db78ea66_61_1767932356, route_type: Normal Route, fare_type: AC}]"
Mankulam,Hettipola,1340.0,"[:Fare {fare: 1340.0, route_id: route_db78ea66_62_1767932356, route_type: Normal Route, fare_type: AC}]"
Mankulam,Laggala,1250.0,"[:Fare {fare: 1250.0, route_id: route_db78ea66_63_1767932356, route_type: Normal Route, fare_type: AC}]"
Mankulam,Bakamuna,1085.0,"[:Fare {fare: 1085.0, route_id: route_db78ea66_64_1767932356, route_type: Normal Route, fare_type: AC}]"
Kilinochchi,Mundalama,1350.0,"[:Fare {fare: 1350.0, route_id: route_cb15d6ac_315_1767932250, route_type: Katunayake Expressway, fare_type: AC}]"
Kilinochchi,Mundalama,1350.0,"[:Fare {fare: 1350.0, route_id: route_db78ea66_237_1767932356, route_type: Normal Route, fare_type: AC}]"
Kilinochchi,Nochchiyagama,940.0,"[:Fare {fare: 940.0, route_id: route_cb15d6ac_318_1767932250, route_type: Katunayake Expressway, fare_type: AC}]"
Kilinochchi,Nochchiyagama,940.0,"[:Fare {fare: 940.0, route_id: route_db78ea66_240_1767932356, route_type: Normal Route, fare_type: AC}]"
Kilinochchi,Anuradhapura,810.0,"[:Fare {fare: 810.0, route_id: route_cb15d6ac_319_1767932250, route_type: Katunayake Expressway, fare_type: AC}]"
Kilinochchi,Anuradhapura,810.0,"[:Fare {fare: 810.0, route_id: route_db78ea66_241_1767932356, route_type: Normal Route, fare_type: AC}]"
Kilinochchi,Medawachchiya,660.0,"[:Fare {fare: 660.0, route_id: route_cb15d6ac_320_1767932250, route_type: Katunayake Expressway, fare_type: AC}]"
Kilinochchi,Medawachchiya,660.0,"[:Fare {fare: 660.0, route_id: route_db78ea66_242_1767932356, route_type: Normal Route, fare_type: AC}]"
Kilinochchi,Medawachchiya,645.0,"[:Fare {fare: 645.0, route_id: route_db78ea66_223_1767932356, route_type: Normal Route, fare_type: AC}]"
Kilinochchi,Medawachchiya,660.0,"[:Fare {fare: 660.0, route_id: route_db78ea66_197_1767932356, route_type: Normal Route, fare_type: AC}]"
Kilinochchi,Kalaoya,1030.0,"[:Fare {fare: 1030.0, route_id: route_cb15d6ac_317_1767932250, route_type: Katunayake Expressway, fare_type: AC}]"
Kilinochchi,Kalaoya,1030.0,"[:Fare {fare: 1030.0, route_id: route_db78ea66_239_1767932356, route_type: Normal Route, fare_type: AC}]"
Kilinochchi,Vavuniya,525.0,"[:Fare {fare: 525.0, route_id: route_cb15d6ac_321_1767932250, route_type: Katunayake Expressway, fare_type: AC}]"
Kilinochchi,Vavuniya,525.0,"[:Fare {fare: 525.0, route_id: route_db78ea66_198_1767932356, route_type: Normal Route, fare_type: AC}]"
Kilinochchi,Vavuniya,525.0,"[:Fare {fare: 525.0, route_id: route_db78ea66_243_1767932356, route_type: Normal Route, fare_type: AC}]"
Kilinochchi,Vavuniya,510.0,"[:Fare {fare: 510.0, route_id: route_db78ea66_224_1767932356, route_type: Normal Route, fare_type: AC}]"
Kilinochchi,Omanthe,445.0,"[:Fare {fare: 445.0, route_id: route_cb15d6ac_322_1767932250, route_type: Katunayake Expressway, fare_type: AC}]"
Kilinochchi,Omanthe,425.0,"[:Fare {fare: 425.0, route_id: route_db78ea66_225_1767932356, route_type: Normal Route, fare_type: AC}]"
Kilinochchi,Omanthe,445.0,"[:Fare {fare: 445.0, route_id: route_db78ea66_244_1767932356, route_type: Normal Route, fare_type: AC}]"
Kilinochchi,Omanthe,435.0,"[:Fare {fare: 435.0, route_id: route_db78ea66_130_1767932356, route_type: Normal Route, fare_type: AC}]"
Kilinochchi,Omanthe,445.0,"[:Fare {fare: 445.0, route_id: route_db78ea66_199_1767932356, route_type: Normal Route, fare_type: AC}]"
Kilinochchi,Mankulam,245.0,"[:Fare {fare: 245.0, route_id: route_cb15d6ac_323_1767932250, route_type: Katunayake Expressway, fare_type: AC}]"
Kilinochchi,Mankulam,245.0,"[:Fare {fare: 245.0, route_id: route_db78ea66_226_1767932356, route_type: Normal Route, fare_type: AC}]"
Kilinochchi,Mankulam,255.0,"[:Fare {fare: 255.0, route_id: route_db78ea66_30_1767932356, route_type: Normal Route, fare_type: AC}]"
Kilinochchi,Panadura,2040.0,"[:Fare {fare: 2040.0, route_id: route_db78ea66_454_1767932356, route_type: Normal Route, fare_type: AC}]"
Kilinochchi,Brukside Junction,2020.0,"[:Fare {fare: 2020.0, route_id: route_db78ea66_213_1767932356, route_type: Normal Route, fare_type: AC}]"
Kilinochchi,Walapane,1910.0,"[:Fare {fare: 1910.0, route_id: route_db78ea66_214_1767932356, route_type: Normal Route, fare_type: AC}]"
Kilinochchi,Padiyapalalla,1780.0,"[:Fare {fare: 1780.0, route_id: route_db78ea66_215_1767932356, route_type: Normal Route, fare_type: AC}]"
Kilinochchi,Haguranketha,1690.0,"[:Fare {fare: 1690.0, route_id: route_db78ea66_216_1767932356, route_type: Normal Route, fare_type: AC}]"
Kilinochchi,Matale,1350.0,"[:Fare {fare: 1350.0, route_id: route_db78ea66_218_1767932356, route_type: Normal Route, fare_type: AC}]"
Kilinochchi,Nawula,1205.0,"[:Fare {fare: 1205.0, route_id: route_db78ea66_219_1767932356, route_type: Normal Route, fare_type: AC}]"
Kilinochchi,Dambulla,1105.0,"[:Fare {fare: 1105.0, route_id: route_db78ea66_220_1767932356, route_type: Normal Route, fare_type: AC}]"
Kilinochchi,Dambulla,1120.0,"[:Fare {fare: 1120.0, route_id: route_db78ea66_83_1767932356, route_type: Normal Route, fare_type: AC}]"
Kilinochchi,Dambulla,1120.0,"[:Fare {fare: 1120.0, route_id: route_db78ea66_194_1767932356, route_type: Normal Route, fare_type: AC}]"
Kilinochchi,Kakirawa,985.0,"[:Fare {fare: 985.0, route_id: route_db78ea66_221_1767932356, route_type: Normal Route, fare_type: AC}]"
Kilinochchi,Kakirawa,995.0,"[:Fare {fare: 995.0, route_id: route_db78ea66_84_1767932356, route_type: Normal Route, fare_type: AC}]"
Kilinochchi,Kakirawa,995.0,"[:Fare {fare: 995.0, route_id: route_db78ea66_195_1767932356, route_type: Normal Route, fare_type: AC}]"
Kilinochchi,Mihintale,765.0,"[:Fare {fare: 765.0, route_id: route_db78ea66_222_1767932356, route_type: Normal Route, fare_type: AC}]"
Kilinochchi,Mihintale,780.0,"[:Fare {fare: 780.0, route_id: route_db78ea66_196_1767932356, route_type: Normal Route, fare_type: AC}]"
Kilinochchi,Mihintale,780.0,"[:Fare {fare: 780.0, route_id: route_db78ea66_85_1767932356, route_type: Normal Route, fare_type: AC}]"
Kilinochchi,Mihintale,765.0,"[:Fare {fare: 765.0, route_id: route_db78ea66_468_1767932356, route_type: Normal Route, fare_type: AC}]"
Kilinochchi,Marawila,1580.0,"[:Fare {fare: 1580.0, route_id: route_db78ea66_459_1767932356, route_type: Normal Route, fare_type: AC}]"
Kilinochchi,Chilaw,1490.0,"[:Fare {fare: 1490.0, route_id: route_db78ea66_236_1767932356, route_type: Normal Route, fare_type: AC}]"
Kilinochchi,Nuwaraeliya,2130.0,"[:Fare {fare: 2130.0, route_id: route_db78ea66_212_1767932356, route_type: Normal Route, fare_type: AC}]"
Kilinochchi,Katunayake,1755.0,"[:Fare {fare: 1755.0, route_id: route_cb15d6ac_312_1767932250, route_type: Katunayake Expressway, fare_type: AC}]"
Kilinochchi,Kaduwela,1350.0,"[:Fare {fare: 1350.0, route_id: route_db78ea66_124_1767932356, route_type: Normal Route, fare_type: AC}]"
Kilinochchi,Awissawella,1890.0,"[:Fare {fare: 1890.0, route_id: route_db78ea66_77_1767932356, route_type: Normal Route, fare_type: AC}]"
Kilinochchi,Ahaliyagoda,1965.0,"[:Fare {fare: 1965.0, route_id: route_db78ea66_76_1767932356, route_type: Normal Route, fare_type: AC}]"
Kilinochchi,Ratnapura,2140.0,"[:Fare {fare: 2140.0, route_id: route_db78ea66_75_1767932356, route_type: Normal Route, fare_type: AC}]"
Kilinochchi,Palmadulla,2250.0,"[:Fare {fare: 2250.0, route_id: route_db78ea66_74_1767932356, route_type: Normal Route, fare_type: AC}]"
Kilinochchi,Godakawela,2380.0,"[:Fare {fare: 2380.0, route_id: route_db78ea66_73_1767932356, route_type: Normal Route, fare_type: AC}]"
Kilinochchi,Ambilipitiya,2570.0,"[:Fare {fare: 2570.0, route_id: route_db78ea66_72_1767932356, route_type: Normal Route, fare_type: AC}]"
Kilinochchi,Thelwatta,1725.0,"[:Fare {fare: 1725.0, route_id: route_db78ea66_235_1767932356, route_type: Normal Route, fare_type: AC}]"
Kilinochchi,Thelwatta,1725.0,"[:Fare {fare: 1725.0, route_id: route_cb15d6ac_313_1767932250, route_type: Katunayake Expressway, fare_type: AC}]"
Kilinochchi,Puttalam,1205.0,"[:Fare {fare: 1205.0, route_id: route_db78ea66_238_1767932356, route_type: Normal Route, fare_type: AC}]"
Kilinochchi,Galigamuwa,1635.0,"[:Fare {fare: 1635.0, route_id: route_db78ea66_79_1767932356, route_type: Normal Route, fare_type: AC}]"
Kilinochchi,Nittabuwa,1730.0,"[:Fare {fare: 1730.0, route_id: route_db78ea66_189_1767932356, route_type: Normal Route, fare_type: AC}]"
Kilinochchi,Nittabuwa,1730.0,"[:Fare {fare: 1730.0, route_id: route_db78ea66_17_1767932356, route_type: Normal Route, fare_type: AC}]"
Kilinochchi,Maradankadawala,940.0,"[:Fare {fare: 940.0, route_id: route_db78ea66_99_1767932356, route_type: Normal Route, fare_type: AC}]"
Kilinochchi,Habarana,1085.0,"[:Fare {fare: 1085.0, route_id: route_db78ea66_126_1767932356, route_type: Normal Route, fare_type: AC}]"
Kilinochchi,Minneriya,1225.0,"[:Fare {fare: 1225.0, route_id: route_db78ea66_125_1767932356, route_type: Normal Route, fare_type: AC}]"
Kilinochchi,Welikanda,1480.0,"[:Fare {fare: 1480.0, route_id: route_db78ea66_123_1767932356, route_type: Normal Route, fare_type: AC}]"
Kilinochchi,Walachchena,1680.0,"[:Fare {fare: 1680.0, route_id: route_db78ea66_122_1767932356, route_type: Normal Route, fare_type: AC}]"
Kilinochchi,Eravur,1780.0,"[:Fare {fare: 1780.0, route_id: route_db78ea66_121_1767932356, route_type: Normal Route, fare_type: AC}]"
Kilinochchi,Kaththankudi,1900.0,"[:Fare {fare: 1900.0, route_id: route_db78ea66_119_1767932356, route_type: Normal Route, fare_type: AC}]"
Kilinochchi,Kalawanchikudi,2010.0,"[:Fare {fare: 2010.0, route_id: route_db78ea66_118_1767932356, route_type: Normal Route, fare_type: AC}]"
Kilinochchi,Kalmunai,2075.0,"[:Fare {fare: 2075.0, route_id: route_db78ea66_117_1767932356, route_type: Normal Route, fare_type: AC}]"
Kilinochchi,Akkareipaththu,2195.0,"[:Fare {fare: 2195.0, route_id: route_db78ea66_114_1767932356, route_type: Normal Route, fare_type: AC}]"
Kilinochchi,Kiribathgoda,1890.0,"[:Fare {fare: 1890.0, route_id: route_db78ea66_16_1767932356, route_type: Normal Route, fare_type: AC}]"
Kilinochchi,Kiribathgoda,1890.0,"[:Fare {fare: 1890.0, route_id: route_db78ea66_188_1767932356, route_type: Normal Route, fare_type: AC}]"
Kilinochchi,Warakapola,1645.0,"[:Fare {fare: 1645.0, route_id: route_db78ea66_190_1767932356, route_type: Normal Route, fare_type: AC}]"
Kilinochchi,Warakapola,1645.0,"[:Fare {fare: 1645.0, route_id: route_db78ea66_18_1767932356, route_type: Normal Route, fare_type: AC}]"
Kilinochchi,Polgahawela,1545.0,"[:Fare {fare: 1545.0, route_id: route_db78ea66_80_1767932356, route_type: Normal Route, fare_type: AC}]"
Kilinochchi,Akurana,1435.0,"[:Fare {fare: 1435.0, route_id: route_db78ea66_461_1767932356, route_type: Normal Route, fare_type: AC}]"
Kilinochchi,Ibbagamuwa,1350.0,"[:Fare {fare: 1350.0, route_id: route_db78ea66_192_1767932356, route_type: Normal Route, fare_type: AC}]"
Kilinochchi,Ibbagamuwa,1350.0,"[:Fare {fare: 1350.0, route_id: route_db78ea66_21_1767932356, route_type: Normal Route, fare_type: AC}]"
Kilinochchi,Malsiripura,1285.0,"[:Fare {fare: 1285.0, route_id: route_db78ea66_193_1767932356, route_type: Normal Route, fare_type: AC}]"
Kilinochchi,Malsiripura,1285.0,"[:Fare {fare: 1285.0, route_id: route_db78ea66_82_1767932356, route_type: Normal Route, fare_type: AC}]"
Kilinochchi,Galewela,1205.0,"[:Fare {fare: 1205.0, route_id: route_db78ea66_22_1767932356, route_type: Normal Route, fare_type: AC}]"
Kilinochchi,Kabithigollawa,670.0,"[:Fare {fare: 670.0, route_id: route_db78ea66_452_1767932356, route_type: Normal Route, fare_type: AC}]"
Kilinochchi,Narahenpita,1965.0,"[:Fare {fare: 1965.0, route_id: route_db78ea66_15_1767932356, route_type: Normal Route, fare_type: AC}]"
Kilinochchi,Narahenpita,1920.0,"[:Fare {fare: 1920.0, route_id: route_db78ea66_456_1767932356, route_type: Normal Route, fare_type: AC}]"
Kilinochchi,Puliyankulama,380.0,"[:Fare {fare: 380.0, route_id: route_db78ea66_29_1767932356, route_type: Normal Route, fare_type: AC}]"
Kilinochchi,Moratuwa,2040.0,"[:Fare {fare: 2040.0, route_id: route_db78ea66_14_1767932356, route_type: Normal Route, fare_type: AC}]"
Kilinochchi,Moratuwa,2010.0,"[:Fare {fare: 2010.0, route_id: route_db78ea66_338_1767932356, route_type: Normal Route, fare_type: AC}]"
Kilinochchi,Mahiyanganaya,1690.0,"[:Fare {fare: 1690.0, route_id: route_db78ea66_93_1767932356, route_type: Normal Route, fare_type: AC}]"
Kilinochchi,Nindawur,2105.0,"[:Fare {fare: 2105.0, route_id: route_db78ea66_116_1767932356, route_type: Normal Route, fare_type: AC}]"
Kilinochchi,Madawalaulpatha,1270.0,"[:Fare {fare: 1270.0, route_id: route_db78ea66_463_1767932356, route_type: Normal Route, fare_type: AC}]"
Kilinochchi,Thirappane,865.0,"[:Fare {fare: 865.0, route_id: route_db78ea66_467_1767932356, route_type: Normal Route, fare_type: AC}]"
Kilinochchi,Trincomalee,1085.0,"[:Fare {fare: 1085.0, route_id: route_db78ea66_449_1767932356, route_type: Normal Route, fare_type: AC}]"
Kilinochchi,Batticaloa,1855.0,"[:Fare {fare: 1855.0, route_id: route_db78ea66_120_1767932356, route_type: Normal Route, fare_type: AC}]"
Kilinochchi,Oluwil,2140.0,"[:Fare {fare: 2140.0, route_id: route_db78ea66_115_1767932356, route_type: Normal Route, fare_type: AC}]"
Kilinochchi,Aguruwalla,1770.0,"[:Fare {fare: 1770.0, route_id: route_db78ea66_78_1767932356, route_type: Normal Route, fare_type: AC}]"
Kilinochchi,Dehiwala,1955.0,"[:Fare {fare: 1955.0, route_id: route_db78ea66_455_1767932356, route_type: Normal Route, fare_type: AC}]"
Kilinochchi,18 Kanuwa,1755.0,"[:Fare {fare: 1755.0, route_id: route_db78ea66_457_1767932356, route_type: Normal Route, fare_type: AC}]"
Kilinochchi,Karuwalagaswawe,1130.0,"[:Fare {fare: 1130.0, route_id: route_db78ea66_463_1767932356, route_type: Normal Route, fare_type: AC}]"
Kilinochchi,Thririyaya Junction,950.0,"[:Fare {fare: 950.0, route_id: route_db78ea66_450_1767932356, route_type: Normal Route, fare_type: AC}]"
Kilinochchi,Horowpathana,800.0,"[:Fare {fare: 800.0, route_id: route_db78ea66_451_1767932356, route_type: Normal Route, fare_type: AC}]"
Kilinochchi,Badulla,2105.0,"[:Fare {fare: 2105.0, route_id: route_db78ea66_88_1767932356, route_type: Normal Route, fare_type: AC}]"
Kilinochchi,Meegahakiwla,1940.0,"[:Fare {fare: 1940.0, route_id: route_db78ea66_90_1767932356, route_type: Normal Route, fare_type: AC}]"
Kilinochchi,Thaldena,2020.0,"[:Fare {fare: 2020.0, route_id: route_db78ea66_89_1767932356, route_type: Normal Route, fare_type: AC}]"
Kilinochchi,Buddankotte,1865.0,"[:Fare {fare: 1865.0, route_id: route_db78ea66_91_1767932356, route_type: Normal Route, fare_type: AC}]"
Kilinochchi,17 junction,1755.0,"[:Fare {fare: 1755.0, route_id: route_db78ea66_92_1767932356, route_type: Normal Route, fare_type: AC}]"
Kilinochchi,Hebarawa,1560.0,"[:Fare {fare: 1560.0, route_id: route_db78ea66_94_1767932356, route_type: Normal Route, fare_type: AC}]"
Kilinochchi,Hettipola,1515.0,"[:Fare {fare: 1515.0, route_id: route_db78ea66_95_1767932356, route_type: Normal Route, fare_type: AC}]"
Kilinochchi,Laggala,1425.0,"[:Fare {fare: 1425.0, route_id: route_db78ea66_96_1767932356, route_type: Normal Route, fare_type: AC}]"
Kilinochchi,Bakamuna,1260.0,"[:Fare {fare: 1260.0, route_id: route_db78ea66_97_1767932356, route_type: Normal Route, fare_type: AC}]"
Kilinochchi,Murugandi Kovil,120.0,"[:Fare {fare: 120.0, route_id: route_db78ea66_105_1767932356, route_type: Normal Route, fare_type: AC}]"
Kodikamam,Mundalama,1590.0,"[:Fare {fare: 1590.0, route_id: route_cb15d6ac_328_1767932250, route_type: Katunayake Expressway, fare_type: AC}]"
Kodikamam,Mundalama,1590.0,"[:Fare {fare: 1590.0, route_id: route_db78ea66_249_1767932356, route_type: Normal Route, fare_type: AC}]"
Kodikamam,Nochchiyagama,1180.0,"[:Fare {fare: 1180.0, route_id: route_cb15d6ac_331_1767932250, route_type: Katunayake Expressway, fare_type: AC}]"
Kodikamam,Nochchiyagama,1180.0,"[:Fare {fare: 1180.0, route_id: route_db78ea66_252_1767932356, route_type: Normal Route, fare_type: AC}]"
Kodikamam,Anuradhapura,1050.0,"[:Fare {fare: 1050.0, route_id: route_cb15d6ac_332_1767932250, route_type: Katunayake Expressway, fare_type: AC}]"
Kodikamam,Anuradhapura,1050.0,"[:Fare {fare: 1050.0, route_id: route_db78ea66_253_1767932356, route_type: Normal Route, fare_type: AC}]"
Kodikamam,Medawachchiya,900.0,"[:Fare {fare: 900.0, route_id: route_cb15d6ac_333_1767932250, route_type: Katunayake Expressway, fare_type: AC}]"
Kodikamam,Medawachchiya,900.0,"[:Fare {fare: 900.0, route_id: route_db78ea66_61_1767932356, route_type: Normal Route, fare_type: AC}]"
Kodikamam,Kalaoya,1270.0,"[:Fare {fare: 1270.0, route_id: route_cb15d6ac_330_1767932250, route_type: Katunayake Expressway, fare_type: AC}]"
Kodikamam,Kalaoya,1270.0,"[:Fare {fare: 1270.0, route_id: route_db78ea66_251_1767932356, route_type: Normal Route, fare_type: AC}]"
Kodikamam,Vavuniya,765.0,"[:Fare {fare: 765.0, route_id: route_cb15d6ac_334_1767932250, route_type: Katunayake Expressway, fare_type: AC}]"
Kodikamam,Vavuniya,765.0,"[:Fare {fare: 765.0, route_id: route_db78ea66_62_1767932356, route_type: Normal Route, fare_type: AC}]"
Kodikamam,Omanthe,690.0,"[:Fare {fare: 690.0, route_id: route_cb15d6ac_335_1767932250, route_type: Katunayake Expressway, fare_type: AC}]"
Kodikamam,Omanthe,680.0,"[:Fare {fare: 680.0, route_id: route_db78ea66_63_1767932356, route_type: Normal Route, fare_type: AC}]"
Kodikamam,Omanthe,690.0,"[:Fare {fare: 690.0, route_id: route_db78ea66_212_1767932356, route_type: Normal Route, fare_type: AC}]"
Kodikamam,Mankulam,490.0,"[:Fare {fare: 490.0, route_id: route_cb15d6ac_336_1767932250, route_type: Katunayake Expressway, fare_type: AC}]"
Kodikamam,Mankulam,500.0,"[:Fare {fare: 500.0, route_id: route_db78ea66_65_1767932356, route_type: Normal Route, fare_type: AC}]"
Kodikamam,Mankulam,490.0,"[:Fare {fare: 490.0, route_id: route_db78ea66_126_1767932356, route_type: Normal Route, fare_type: AC}]"
Kodikamam,Kilinochchi,320.0,"[:Fare {fare: 320.0, route_id: route_cb15d6ac_337_1767932250, route_type: Katunayake Expressway, fare_type: AC}]"
Kodikamam,Kilinochchi,320.0,"[:Fare {fare: 320.0, route_id: route_db78ea66_66_1767932356, route_type: Normal Route, fare_type: AC}]"
Kodikamam,Kilinochchi,320.0,"[:Fare {fare: 320.0, route_id: route_db78ea66_213_1767932356, route_type: Normal Route, fare_type: AC}]"
Kodikamam,Panadura,2285.0,"[:Fare {fare: 2285.0, route_id: route_db78ea66_489_1767932356, route_type: Normal Route, fare_type: AC}]"
Kodikamam,Dambulla,1360.0,"[:Fare {fare: 1360.0, route_id: route_db78ea66_58_1767932356, route_type: Normal Route, fare_type: AC}]"
Kodikamam,Kakirawa,1240.0,"[:Fare {fare: 1240.0, route_id: route_db78ea66_59_1767932356, route_type: Normal Route, fare_type: AC}]"
Kodikamam,Mihintale,1020.0,"[:Fare {fare: 1020.0, route_id: route_db78ea66_60_1767932356, route_type: Normal Route, fare_type: AC}]"
Kodikamam,Marawila,1820.0,"[:Fare {fare: 1820.0, route_id: route_db78ea66_494_1767932356, route_type: Normal Route, fare_type: AC}]"
Kodikamam,Chilaw,1730.0,"[:Fare {fare: 1730.0, route_id: route_db78ea66_248_1767932356, route_type: Normal Route, fare_type: AC}]"
Kodikamam,Katunayake,2000.0,"[:Fare {fare: 2000.0, route_id: route_cb15d6ac_325_1767932250, route_type: Katunayake Expressway, fare_type: AC}]"
Kodikamam,Kaduwela,1590.0,"[:Fare {fare: 1590.0, route_id: route_db78ea66_141_1767932356, route_type: Normal Route, fare_type: AC}]"
Kodikamam,Awissawella,2130.0,"[:Fare {fare: 2130.0, route_id: route_db78ea66_114_1767932356, route_type: Normal Route, fare_type: AC}]"
Kodikamam,Ahaliyagoda,2210.0,"[:Fare {fare: 2210.0, route_id: route_db78ea66_113_1767932356, route_type: Normal Route, fare_type: AC}]"
Kodikamam,Ratnapura,2380.0,"[:Fare {fare: 2380.0, route_id: route_db78ea66_112_1767932356, route_type: Normal Route, fare_type: AC}]"
Kodikamam,Palmadulla,2490.0,"[:Fare {fare: 2490.0, route_id: route_db78ea66_111_1767932356, route_type: Normal Route, fare_type: AC}]"
Kodikamam,Godakawela,2625.0,"[:Fare {fare: 2625.0, route_id: route_db78ea66_110_1767932356, route_type: Normal Route, fare_type: AC}]"
Kodikamam,Ambilipitiya,2810.0,"[:Fare {fare: 2810.0, route_id: route_db78ea66_109_1767932356, route_type: Normal Route, fare_type: AC}]"
Kodikamam,Thelwatta,1965.0,"[:Fare {fare: 1965.0, route_id: route_db78ea66_247_1767932356, route_type: Normal Route, fare_type: AC}]"
Kodikamam,Thelwatta,1965.0,"[:Fare {fare: 1965.0, route_id: route_cb15d6ac_326_1767932250, route_type: Katunayake Expressway, fare_type: AC}]"
Kodikamam,Puttalam,1450.0,"[:Fare {fare: 1450.0, route_id: route_db78ea66_250_1767932356, route_type: Normal Route, fare_type: AC}]"
Kodikamam,Galigamuwa,1875.0,"[:Fare {fare: 1875.0, route_id: route_db78ea66_116_1767932356, route_type: Normal Route, fare_type: AC}]"
Kodikamam,Nittabuwa,1975.0,"[:Fare {fare: 1975.0, route_id: route_db78ea66_52_1767932356, route_type: Normal Route, fare_type: AC}]"
Kodikamam,Maradankadawala,1180.0,"[:Fare {fare: 1180.0, route_id: route_db78ea66_136_1767932356, route_type: Normal Route, fare_type: AC}]"
Kodikamam,Habarana,1330.0,"[:Fare {fare: 1330.0, route_id: route_db78ea66_143_1767932356, route_type: Normal Route, fare_type: AC}]"
Kodikamam,Minneriya,1470.0,"[:Fare {fare: 1470.0, route_id: route_db78ea66_142_1767932356, route_type: Normal Route, fare_type: AC}]"
Kodikamam,Welikanda,1725.0,"[:Fare {fare: 1725.0, route_id: route_db78ea66_140_1767932356, route_type: Normal Route, fare_type: AC}]"
Kodikamam,Walachchena,1920.0,"[:Fare {fare: 1920.0, route_id: route_db78ea66_139_1767932356, route_type: Normal Route, fare_type: AC}]"
Kodikamam,Eravur,2020.0,"[:Fare {fare: 2020.0, route_id: route_db78ea66_138_1767932356, route_type: Normal Route, fare_type: AC}]"
Kodikamam,Kaththankudi,2140.0,"[:Fare {fare: 2140.0, route_id: route_db78ea66_136_1767932356, route_type: Normal Route, fare_type: AC}]"
Kodikamam,Kalawanchikudi,2250.0,"[:Fare {fare: 2250.0, route_id: route_db78ea66_135_1767932356, route_type: Normal Route, fare_type: AC}]"
Kodikamam,Kalmunai,2320.0,"[:Fare {fare: 2320.0, route_id: route_db78ea66_134_1767932356, route_type: Normal Route, fare_type: AC}]"
Kodikamam,Akkareipaththu,2440.0,"[:Fare {fare: 2440.0, route_id: route_db78ea66_131_1767932356, route_type: Normal Route, fare_type: AC}]"
Kodikamam,Kiribathgoda,2130.0,"[:Fare {fare: 2130.0, route_id: route_db78ea66_51_1767932356, route_type: Normal Route, fare_type: AC}]"
Kodikamam,Warakapola,1890.0,"[:Fare {fare: 1890.0, route_id: route_db78ea66_53_1767932356, route_type: Normal Route, fare_type: AC}]"
Kodikamam,Polgahawela,1790.0,"[:Fare {fare: 1790.0, route_id: route_db78ea66_54_1767932356, route_type: Normal Route, fare_type: AC}]"
Kodikamam,Ibbagamuwa,1590.0,"[:Fare {fare: 1590.0, route_id: route_db78ea66_56_1767932356, route_type: Normal Route, fare_type: AC}]"
Kodikamam,Malsiripura,1525.0,"[:Fare {fare: 1525.0, route_id: route_db78ea66_206_1767932356, route_type: Normal Route, fare_type: AC}]"
Kodikamam,Galewela,1450.0,"[:Fare {fare: 1450.0, route_id: route_db78ea66_57_1767932356, route_type: Normal Route, fare_type: AC}]"
Kodikamam,Kabithigollawa,910.0,"[:Fare {fare: 910.0, route_id: route_db78ea66_459_1767932356, route_type: Normal Route, fare_type: AC}]"
Kodikamam,Narahenpita,2210.0,"[:Fare {fare: 2210.0, route_id: route_db78ea66_50_1767932356, route_type: Normal Route, fare_type: AC}]"
Kodikamam,Narahenpita,2160.0,"[:Fare {fare: 2160.0, route_id: route_db78ea66_491_1767932356, route_type: Normal Route, fare_type: AC}]"
Kodikamam,Puliyankulama,620.0,"[:Fare {fare: 620.0, route_id: route_db78ea66_64_1767932356, route_type: Normal Route, fare_type: AC}]"
Kodikamam,Moratuwa,2285.0,"[:Fare {fare: 2285.0, route_id: route_db78ea66_49_1767932356, route_type: Normal Route, fare_type: AC}]"
Kodikamam,Moratuwa,2250.0,"[:Fare {fare: 2250.0, route_id: route_db78ea66_371_1767932356, route_type: Normal Route, fare_type: AC}]"
Kodikamam,Alimankada,240.0,"[:Fare {fare: 240.0, route_id: route_db78ea66_67_1767932356, route_type: Normal Route, fare_type: AC}]"
Kodikamam,Mahiyanganaya,1930.0,"[:Fare {fare: 1930.0, route_id: route_db78ea66_130_1767932356, route_type: Normal Route, fare_type: AC}]"
Kodikamam,Nindawur,2350.0,"[:Fare {fare: 2350.0, route_id: route_db78ea66_133_1767932356, route_type: Normal Route, fare_type: AC}]"
Kodikamam,Trincomalee,1330.0,"[:Fare {fare: 1330.0, route_id: route_db78ea66_456_1767932356, route_type: Normal Route, fare_type: AC}]"
Kodikamam,Batticaloa,2095.0,"[:Fare {fare: 2095.0, route_id: route_db78ea66_137_1767932356, route_type: Normal Route, fare_type: AC}]"
Kodikamam,Oluwil,2380.0,"[:Fare {fare: 2380.0, route_id: route_db78ea66_132_1767932356, route_type: Normal Route, fare_type: AC}]"
Kodikamam,Aguruwalla,2010.0,"[:Fare {fare: 2010.0, route_id: route_db78ea66_115_1767932356, route_type: Normal Route, fare_type: AC}]"
Kodikamam,Dehiwala,2195.0,"[:Fare {fare: 2195.0, route_id: route_db78ea66_490_1767932356, route_type: Normal Route, fare_type: AC}]"
Kodikamam,18 Kanuwa,2000.0,"[:Fare {fare: 2000.0, route_id: route_db78ea66_492_1767932356, route_type: Normal Route, fare_type: AC}]"
Kodikamam,Karuwalagaswawe,1370.0,"[:Fare {fare: 1370.0, route_id: route_db78ea66_498_1767932356, route_type: Normal Route, fare_type: AC}]"
Kodikamam,Thririyaya Junction,1195.0,"[:Fare {fare: 1195.0, route_id: route_db78ea66_457_1767932356, route_type: Normal Route, fare_type: AC}]"
Kodikamam,Horowpathana,1040.0,"[:Fare {fare: 1040.0, route_id: route_db78ea66_458_1767932356, route_type: Normal Route, fare_type: AC}]"
Kodikamam,Badulla,2350.0,"[:Fare {fare: 2350.0, route_id: route_db78ea66_125_1767932356, route_type: Normal Route, fare_type: AC}]"
Kodikamam,Meegahakiwla,2185.0,"[:Fare {fare: 2185.0, route_id: route_db78ea66_127_1767932356, route_type: Normal Route, fare_type: AC}]"
Kodikamam,Thaldena,2260.0,"[:Fare {fare: 2260.0, route_id: route_db78ea66_126_1767932356, route_type: Normal Route, fare_type: AC}]"
Kodikamam,Buddankotte,2105.0,"[:Fare {fare: 2105.0, route_id: route_db78ea66_128_1767932356, route_type: Normal Route, fare_type: AC}]"
Kodikamam,17 junction,2000.0,"[:Fare {fare: 2000.0, route_id: route_db78ea66_129_1767932356, route_type: Normal Route, fare_type: AC}]"
Kodikamam,Hebarawa,1800.0,"[:Fare {fare: 1800.0, route_id: route_db78ea66_131_1767932356, route_type: Normal Route, fare_type: AC}]"
Kodikamam,Hettipola,1755.0,"[:Fare {fare: 1755.0, route_id: route_db78ea66_132_1767932356, route_type: Normal Route, fare_type: AC}]"
Kodikamam,Laggala,1665.0,"[:Fare {fare: 1665.0, route_id: route_db78ea66_133_1767932356, route_type: Normal Route, fare_type: AC}]"
Kodikamam,Bakamuna,1500.0,"[:Fare {fare: 1500.0, route_id: route_db78ea66_134_1767932356, route_type: Normal Route, fare_type: AC}]"
Kodikamam,Murugandi Kovil,380.0,"[:Fare {fare: 380.0, route_id: route_db78ea66_142_1767932356, route_type: Normal Route, fare_type: AC}]"
Jaffna,Mundalama,1745.0,"[:Fare {fare: 1745.0, route_id: route_cb15d6ac_342_1767932250, route_type: Katunayake Expressway, fare_type: AC}]"
Jaffna,Mundalama,1745.0,"[:Fare {fare: 1745.0, route_id: route_db78ea66_262_1767932356, route_type: Normal Route, fare_type: AC}]"
Jaffna,Nochchiyagama,1340.0,"[:Fare {fare: 1340.0, route_id: route_cb15d6ac_345_1767932250, route_type: Katunayake Expressway, fare_type: AC}]"
Jaffna,Nochchiyagama,1340.0,"[:Fare {fare: 1340.0, route_id: route_db78ea66_265_1767932356, route_type: Normal Route, fare_type: AC}]"
Jaffna,Anuradhapura,1205.0,"[:Fare {fare: 1205.0, route_id: route_cb15d6ac_346_1767932250, route_type: Katunayake Expressway, fare_type: AC}]"
Jaffna,Anuradhapura,1205.0,"[:Fare {fare: 1205.0, route_id: route_db78ea66_266_1767932356, route_type: Normal Route, fare_type: AC}]"
Jaffna,Medawachchiya,1050.0,"[:Fare {fare: 1050.0, route_id: route_cb15d6ac_347_1767932250, route_type: Katunayake Expressway, fare_type: AC}]"
Jaffna,Medawachchiya,1050.0,"[:Fare {fare: 1050.0, route_id: route_db78ea66_271_1767932356, route_type: Normal Route, fare_type: AC}]"
Jaffna,Kalaoya,1425.0,"[:Fare {fare: 1425.0, route_id: route_cb15d6ac_344_1767932250, route_type: Katunayake Expressway, fare_type: AC}]"
Jaffna,Kalaoya,1425.0,"[:Fare {fare: 1425.0, route_id: route_db78ea66_264_1767932356, route_type: Normal Route, fare_type: AC}]"
Jaffna,Vavuniya,920.0,"[:Fare {fare: 920.0, route_id: route_cb15d6ac_348_1767932250, route_type: Katunayake Expressway, fare_type: AC}]"
Jaffna,Vavuniya,920.0,"[:Fare {fare: 920.0, route_id: route_db78ea66_272_1767932356, route_type: Normal Route, fare_type: AC}]"
Jaffna,Omanthe,845.0,"[:Fare {fare: 845.0, route_id: route_cb15d6ac_349_1767932250, route_type: Katunayake Expressway, fare_type: AC}]"
Jaffna,Omanthe,830.0,"[:Fare {fare: 830.0, route_id: route_db78ea66_273_1767932356, route_type: Normal Route, fare_type: AC}]"
Jaffna,Omanthe,845.0,"[:Fare {fare: 845.0, route_id: route_db78ea66_269_1767932356, route_type: Normal Route, fare_type: AC}]"
Jaffna,Mankulam,645.0,"[:Fare {fare: 645.0, route_id: route_cb15d6ac_350_1767932250, route_type: Katunayake Expressway, fare_type: AC}]"
Jaffna,Mankulam,660.0,"[:Fare {fare: 660.0, route_id: route_db78ea66_274_1767932356, route_type: Normal Route, fare_type: AC}]"
Jaffna,Mankulam,645.0,"[:Fare {fare: 645.0, route_id: route_db78ea66_270_1767932356, route_type: Normal Route, fare_type: AC}]"
Jaffna,Kilinochchi,480.0,"[:Fare {fare: 480.0, route_id: route_cb15d6ac_351_1767932250, route_type: Katunayake Expressway, fare_type: AC}]"
Jaffna,Kilinochchi,490.0,"[:Fare {fare: 490.0, route_id: route_db78ea66_275_1767932356, route_type: Normal Route, fare_type: AC}]"
Jaffna,Kilinochchi,480.0,"[:Fare {fare: 480.0, route_id: route_db78ea66_227_1767932356, route_type: Normal Route, fare_type: AC}]"
Jaffna,Kilinochchi,480.0,"[:Fare {fare: 480.0, route_id: route_db78ea66_271_1767932356, route_type: Normal Route, fare_type: AC}]"
Jaffna,Kodikamam,240.0,"[:Fare {fare: 240.0, route_id: route_cb15d6ac_352_1767932250, route_type: Katunayake Expressway, fare_type: AC}]"
Jaffna,Kodikamam,240.0,"[:Fare {fare: 240.0, route_id: route_db78ea66_87_1767932356, route_type: Normal Route, fare_type: AC}]"
Jaffna,Panadura,2440.0,"[:Fare {fare: 2440.0, route_id: route_db78ea66_8_1767932356, route_type: Normal Route, fare_type: AC}]"
Jaffna,Brukside Junction,2425.0,"[:Fare {fare: 2425.0, route_id: route_db78ea66_261_1767932356, route_type: Normal Route, fare_type: AC}]"
Jaffna,Walapane,2320.0,"[:Fare {fare: 2320.0, route_id: route_db78ea66_262_1767932356, route_type: Normal Route, fare_type: AC}]"
Jaffna,Padiyapalalla,2185.0,"[:Fare {fare: 2185.0, route_id: route_db78ea66_263_1767932356, route_type: Normal Route, fare_type: AC}]"
Jaffna,Haguranketha,2095.0,"[:Fare {fare: 2095.0, route_id: route_db78ea66_264_1767932356, route_type: Normal Route, fare_type: AC}]"
Jaffna,Matale,1755.0,"[:Fare {fare: 1755.0, route_id: route_db78ea66_266_1767932356, route_type: Normal Route, fare_type: AC}]"
Jaffna,Nawula,1610.0,"[:Fare {fare: 1610.0, route_id: route_db78ea66_267_1767932356, route_type: Normal Route, fare_type: AC}]"
Jaffna,Dambulla,1515.0,"[:Fare {fare: 1515.0, route_id: route_db78ea66_268_1767932356, route_type: Normal Route, fare_type: AC}]"
Jaffna,Kakirawa,1390.0,"[:Fare {fare: 1390.0, route_id: route_db78ea66_269_1767932356, route_type: Normal Route, fare_type: AC}]"
Jaffna,Mihintale,1175.0,"[:Fare {fare: 1175.0, route_id: route_db78ea66_270_1767932356, route_type: Normal Route, fare_type: AC}]"
Jaffna,Mihintale,1175.0,"[:Fare {fare: 1175.0, route_id: route_db78ea66_10_1767932356, route_type: Normal Route, fare_type: AC}]"
Jaffna,Palei,315.0,"[:Fare {fare: 315.0, route_id: route_db78ea66_276_1767932356, route_type: Normal Route, fare_type: AC}]"
Jaffna,Chawakachcheri,190.0,"[:Fare {fare: 190.0, route_id: route_db78ea66_277_1767932356, route_type: Normal Route, fare_type: AC}]"
Jaffna,Marawila,1975.0,"[:Fare {fare: 1975.0, route_id: route_db78ea66_13_1767932356, route_type: Normal Route, fare_type: AC}]"
Jaffna,Chilaw,1890.0,"[:Fare {fare: 1890.0, route_id: route_db78ea66_261_1767932356, route_type: Normal Route, fare_type: AC}]"
Jaffna,Nuwaraeliya,2535.0,"[:Fare {fare: 2535.0, route_id: route_db78ea66_260_1767932356, route_type: Normal Route, fare_type: AC}]"
Jaffna,Katunayake,2150.0,"[:Fare {fare: 2150.0, route_id: route_cb15d6ac_339_1767932250, route_type: Katunayake Expressway, fare_type: AC}]"
Jaffna,Kaduwela,1745.0,"[:Fare {fare: 1745.0, route_id: route_db78ea66_159_1767932356, route_type: Normal Route, fare_type: AC}]"
Jaffna,Awissawella,2285.0,"[:Fare {fare: 2285.0, route_id: route_db78ea66_134_1767932356, route_type: Normal Route, fare_type: AC}]"
Jaffna,Ahaliyagoda,2360.0,"[:Fare {fare: 2360.0, route_id: route_db78ea66_133_1767932356, route_type: Normal Route, fare_type: AC}]"
Jaffna,Ratnapura,2535.0,"[:Fare {fare: 2535.0, route_id: route_db78ea66_132_1767932356, route_type: Normal Route, fare_type: AC}]"
Jaffna,Palmadulla,2645.0,"[:Fare {fare: 2645.0, route_id: route_db78ea66_131_1767932356, route_type: Normal Route, fare_type: AC}]"
Jaffna,Godakawela,2780.0,"[:Fare {fare: 2780.0, route_id: route_db78ea66_130_1767932356, route_type: Normal Route, fare_type: AC}]"
Jaffna,Ambilipitiya,2965.0,"[:Fare {fare: 2965.0, route_id: route_db78ea66_129_1767932356, route_type: Normal Route, fare_type: AC}]"
Jaffna,Thelwatta,2120.0,"[:Fare {fare: 2120.0, route_id: route_db78ea66_260_1767932356, route_type: Normal Route, fare_type: AC}]"
Jaffna,Thelwatta,2120.0,"[:Fare {fare: 2120.0, route_id: route_cb15d6ac_340_1767932250, route_type: Katunayake Expressway, fare_type: AC}]"
Jaffna,Puttalam,1605.0,"[:Fare {fare: 1605.0, route_id: route_db78ea66_263_1767932356, route_type: Normal Route, fare_type: AC}]"
Jaffna,Galigamuwa,2030.0,"[:Fare {fare: 2030.0, route_id: route_db78ea66_136_1767932356, route_type: Normal Route, fare_type: AC}]"
Jaffna,Nittabuwa,2130.0,"[:Fare {fare: 2130.0, route_id: route_db78ea66_216_1767932356, route_type: Normal Route, fare_type: AC}]"
Jaffna,Maradankadawala,1340.0,"[:Fare {fare: 1340.0, route_id: route_db78ea66_177_1767932356, route_type: Normal Route, fare_type: AC}]"
Jaffna,Habarana,1480.0,"[:Fare {fare: 1480.0, route_id: route_db78ea66_161_1767932356, route_type: Normal Route, fare_type: AC}]"
Jaffna,Minneriya,1620.0,"[:Fare {fare: 1620.0, route_id: route_db78ea66_160_1767932356, route_type: Normal Route, fare_type: AC}]"
Jaffna,Welikanda,1875.0,"[:Fare {fare: 1875.0, route_id: route_db78ea66_158_1767932356, route_type: Normal Route, fare_type: AC}]"
Jaffna,Walachchena,2075.0,"[:Fare {fare: 2075.0, route_id: route_db78ea66_157_1767932356, route_type: Normal Route, fare_type: AC}]"
Jaffna,Eravur,2170.0,"[:Fare {fare: 2170.0, route_id: route_db78ea66_156_1767932356, route_type: Normal Route, fare_type: AC}]"
Jaffna,Kaththankudi,2295.0,"[:Fare {fare: 2295.0, route_id: route_db78ea66_154_1767932356, route_type: Normal Route, fare_type: AC}]"
Jaffna,Kalawanchikudi,2405.0,"[:Fare {fare: 2405.0, route_id: route_db78ea66_153_1767932356, route_type: Normal Route, fare_type: AC}]"
Jaffna,Kalmunai,2470.0,"[:Fare {fare: 2470.0, route_id: route_db78ea66_152_1767932356, route_type: Normal Route, fare_type: AC}]"
Jaffna,Akkareipaththu,2590.0,"[:Fare {fare: 2590.0, route_id: route_db78ea66_149_1767932356, route_type: Normal Route, fare_type: AC}]"
Jaffna,Kiribathgoda,2285.0,"[:Fare {fare: 2285.0, route_id: route_db78ea66_215_1767932356, route_type: Normal Route, fare_type: AC}]"
Jaffna,Warakapola,2040.0,"[:Fare {fare: 2040.0, route_id: route_db78ea66_217_1767932356, route_type: Normal Route, fare_type: AC}]"
Jaffna,Polgahawela,1940.0,"[:Fare {fare: 1940.0, route_id: route_db78ea66_73_1767932356, route_type: Normal Route, fare_type: AC}]"
Jaffna,Akurana,1845.0,"[:Fare {fare: 1845.0, route_id: route_db78ea66_3_1767932356, route_type: Normal Route, fare_type: AC}]"
Jaffna,Ibbagamuwa,1745.0,"[:Fare {fare: 1745.0, route_id: route_db78ea66_219_1767932356, route_type: Normal Route, fare_type: AC}]"
Jaffna,Malsiripura,1680.0,"[:Fare {fare: 1680.0, route_id: route_db78ea66_220_1767932356, route_type: Normal Route, fare_type: AC}]"
Jaffna,Galewela,1605.0,"[:Fare {fare: 1605.0, route_id: route_db78ea66_76_1767932356, route_type: Normal Route, fare_type: AC}]"
Jaffna,Kabithigollawa,1060.0,"[:Fare {fare: 1060.0, route_id: route_db78ea66_467_1767932356, route_type: Normal Route, fare_type: AC}]"
Jaffna,Narahenpita,2360.0,"[:Fare {fare: 2360.0, route_id: route_db78ea66_69_1767932356, route_type: Normal Route, fare_type: AC}]"
Jaffna,Narahenpita,2320.0,"[:Fare {fare: 2320.0, route_id: route_db78ea66_10_1767932356, route_type: Normal Route, fare_type: AC}]"
Jaffna,Puliyankulama,780.0,"[:Fare {fare: 780.0, route_id: route_db78ea66_83_1767932356, route_type: Normal Route, fare_type: AC}]"
Jaffna,Moratuwa,2440.0,"[:Fare {fare: 2440.0, route_id: route_db78ea66_68_1767932356, route_type: Normal Route, fare_type: AC}]"
Jaffna,Moratuwa,2405.0,"[:Fare {fare: 2405.0, route_id: route_db78ea66_389_1767932356, route_type: Normal Route, fare_type: AC}]"
Jaffna,Alimankada,390.0,"[:Fare {fare: 390.0, route_id: route_db78ea66_86_1767932356, route_type: Normal Route, fare_type: AC}]"
Jaffna,Mahiyanganaya,2090.0,"[:Fare {fare: 2090.0, route_id: route_db78ea66_171_1767932356, route_type: Normal Route, fare_type: AC}]"
Jaffna,Nindawur,2505.0,"[:Fare {fare: 2505.0, route_id: route_db78ea66_151_1767932356, route_type: Normal Route, fare_type: AC}]"
Jaffna,Madawalaulpatha,1680.0,"[:Fare {fare: 1680.0, route_id: route_db78ea66_5_1767932356, route_type: Normal Route, fare_type: AC}]"
Jaffna,Thirappane,1270.0,"[:Fare {fare: 1270.0, route_id: route_db78ea66_9_1767932356, route_type: Normal Route, fare_type: AC}]"
Jaffna,Trincomalee,1480.0,"[:Fare {fare: 1480.0, route_id: route_db78ea66_464_1767932356, route_type: Normal Route, fare_type: AC}]"
Jaffna,Batticaloa,2250.0,"[:Fare {fare: 2250.0, route_id: route_db78ea66_155_1767932356, route_type: Normal Route, fare_type: AC}]"
Jaffna,Oluwil,2535.0,"[:Fare {fare: 2535.0, route_id: route_db78ea66_150_1767932356, route_type: Normal Route, fare_type: AC}]"
Jaffna,Aguruwalla,2160.0,"[:Fare {fare: 2160.0, route_id: route_db78ea66_135_1767932356, route_type: Normal Route, fare_type: AC}]"
Jaffna,Dehiwala,2350.0,"[:Fare {fare: 2350.0, route_id: route_db78ea66_9_1767932356, route_type: Normal Route, fare_type: AC}]"
Jaffna,18 Kanuwa,2150.0,"[:Fare {fare: 2150.0, route_id: route_db78ea66_11_1767932356, route_type: Normal Route, fare_type: AC}]"
Jaffna,Karuwalagaswawe,1525.0,"[:Fare {fare: 1525.0, route_id: route_db78ea66_17_1767932356, route_type: Normal Route, fare_type: AC}]"
Jaffna,Thririyaya Junction,1350.0,"[:Fare {fare: 1350.0, route_id: route_db78ea66_465_1767932356, route_type: Normal Route, fare_type: AC}]"
Jaffna,Horowpathana,1195.0,"[:Fare {fare: 1195.0, route_id: route_db78ea66_466_1767932356, route_type: Normal Route, fare_type: AC}]"
Jaffna,Badulla,2505.0,"[:Fare {fare: 2505.0, route_id: route_db78ea66_166_1767932356, route_type: Normal Route, fare_type: AC}]"
Jaffna,Meegahakiwla,2340.0,"[:Fare {fare: 2340.0, route_id: route_db78ea66_168_1767932356, route_type: Normal Route, fare_type: AC}]"
Jaffna,Thaldena,2415.0,"[:Fare {fare: 2415.0, route_id: route_db78ea66_167_1767932356, route_type: Normal Route, fare_type: AC}]"
Jaffna,Buddankotte,2260.0,"[:Fare {fare: 2260.0, route_id: route_db78ea66_169_1767932356, route_type: Normal Route, fare_type: AC}]"
Jaffna,17 junction,2150.0,"[:Fare {fare: 2150.0, route_id: route_db78ea66_170_1767932356, route_type: Normal Route, fare_type: AC}]"
Jaffna,Hebarawa,1955.0,"[:Fare {fare: 1955.0, route_id: route_db78ea66_172_1767932356, route_type: Normal Route, fare_type: AC}]"
Jaffna,Hettipola,1910.0,"[:Fare {fare: 1910.0, route_id: route_db78ea66_173_1767932356, route_type: Normal Route, fare_type: AC}]"
Jaffna,Laggala,1820.0,"[:Fare {fare: 1820.0, route_id: route_db78ea66_174_1767932356, route_type: Normal Route, fare_type: AC}]"
Jaffna,Bakamuna,1655.0,"[:Fare {fare: 1655.0, route_id: route_db78ea66_175_1767932356, route_type: Normal Route, fare_type: AC}]"
Jaffna,Murugandi Kovil,535.0,"[:Fare {fare: 535.0, route_id: route_db78ea66_183_1767932356, route_type: Normal Route, fare_type: AC}]"
Jaffna,Wachakachcheri,190.0,"[:Fare {fare: 190.0, route_id: route_db78ea66_187_1767932356, route_type: Normal Route, fare_type: AC}]"
Dankotuwa,Ja Ela,245.0,"[:Fare {fare: 245.0, route_id: route_db78ea66_481_1767932356, route_type: Normal Route, fare_type: AC}]"
Dankotuwa,Wattala,300.0,"[:Fare {fare: 300.0, route_id: route_db78ea66_480_1767932356, route_type: Normal Route, fare_type: AC}]"
Dankotuwa,Negambo,160.0,"[:Fare {fare: 160.0, route_id: route_db78ea66_265_1767932356, route_type: Normal Route, fare_type: AC}]"
Dankotuwa,Katunayake,190.0,"[:Fare {fare: 190.0, route_id: route_cb15d6ac_412_1767932250, route_type: Katunayake Expressway, fare_type: AC}]"
Dankotuwa,Thelwatta,160.0,"[:Fare {fare: 160.0, route_id: route_db78ea66_482_1767932356, route_type: Normal Route, fare_type: AC}]"
Dankotuwa,Thelwatta,160.0,"[:Fare {fare: 160.0, route_id: route_cb15d6ac_413_1767932250, route_type: Katunayake Expressway, fare_type: AC}]"
Naththandiya,Dankotuwa,160.0,"[:Fare {fare: 160.0, route_id: route_cb15d6ac_417_1767932250, route_type: Katunayake Expressway, fare_type: AC}]"
Naththandiya,Dankotuwa,160.0,"[:Fare {fare: 160.0, route_id: route_db78ea66_487_1767932356, route_type: Normal Route, fare_type: AC}]"
Naththandiya,Ja Ela,320.0,"[:Fare {fare: 320.0, route_id: route_db78ea66_485_1767932356, route_type: Normal Route, fare_type: AC}]"
Naththandiya,Wattala,380.0,"[:Fare {fare: 380.0, route_id: route_db78ea66_484_1767932356, route_type: Normal Route, fare_type: AC}]"
Naththandiya,Katunayake,270.0,"[:Fare {fare: 270.0, route_id: route_cb15d6ac_415_1767932250, route_type: Katunayake Expressway, fare_type: AC}]"
Naththandiya,Thelwatta,240.0,"[:Fare {fare: 240.0, route_id: route_db78ea66_486_1767932356, route_type: Normal Route, fare_type: AC}]"
Naththandiya,Thelwatta,240.0,"[:Fare {fare: 240.0, route_id: route_cb15d6ac_416_1767932250, route_type: Katunayake Expressway, fare_type: AC}]"
Udubaddawa,Dankotuwa,240.0,"[:Fare {fare: 240.0, route_id: route_cb15d6ac_421_1767932250, route_type: Katunayake Expressway, fare_type: AC}]"
Udubaddawa,Dankotuwa,240.0,"[:Fare {fare: 240.0, route_id: route_db78ea66_492_1767932356, route_type: Normal Route, fare_type: AC}]"
Udubaddawa,Naththandiya,160.0,"[:Fare {fare: 160.0, route_id: route_cb15d6ac_422_1767932250, route_type: Katunayake Expressway, fare_type: AC}]"
Udubaddawa,Naththandiya,160.0,"[:Fare {fare: 160.0, route_id: route_db78ea66_493_1767932356, route_type: Normal Route, fare_type: AC}]"
Udubaddawa,Ja Ela,400.0,"[:Fare {fare: 400.0, route_id: route_db78ea66_490_1767932356, route_type: Normal Route, fare_type: AC}]"
Udubaddawa,Wattala,460.0,"[:Fare {fare: 460.0, route_id: route_db78ea66_489_1767932356, route_type: Normal Route, fare_type: AC}]"
Udubaddawa,Katunayake,345.0,"[:Fare {fare: 345.0, route_id: route_cb15d6ac_419_1767932250, route_type: Katunayake Expressway, fare_type: AC}]"
Udubaddawa,Thelwatta,315.0,"[:Fare {fare: 315.0, route_id: route_db78ea66_491_1767932356, route_type: Normal Route, fare_type: AC}]"
Udubaddawa,Thelwatta,315.0,"[:Fare {fare: 315.0, route_id: route_cb15d6ac_420_1767932250, route_type: Katunayake Expressway, fare_type: AC}]"
Kuliyapitiya,Dankotuwa,280.0,"[:Fare {fare: 280.0, route_id: route_cb15d6ac_426_1767932250, route_type: Katunayake Expressway, fare_type: AC}]"
Kuliyapitiya,Dankotuwa,280.0,"[:Fare {fare: 280.0, route_id: route_db78ea66_498_1767932356, route_type: Normal Route, fare_type: AC}]"
Kuliyapitiya,Naththandiya,200.0,"[:Fare {fare: 200.0, route_id: route_cb15d6ac_427_1767932250, route_type: Katunayake Expressway, fare_type: AC}]"
Kuliyapitiya,Naththandiya,200.0,"[:Fare {fare: 200.0, route_id: route_db78ea66_499_1767932356, route_type: Normal Route, fare_type: AC}]"
Kuliyapitiya,Udubaddawa,100.0,"[:Fare {fare: 100.0, route_id: route_cb15d6ac_428_1767932250, route_type: Katunayake Expressway, fare_type: AC}]"
Kuliyapitiya,Udubaddawa,100.0,"[:Fare {fare: 100.0, route_id: route_db78ea66_0_1767932356, route_type: Normal Route, fare_type: AC}]"
Kuliyapitiya,Ja Ela,445.0,"[:Fare {fare: 445.0, route_id: route_db78ea66_496_1767932356, route_type: Normal Route, fare_type: AC}]"
Kuliyapitiya,Wattala,500.0,"[:Fare {fare: 500.0, route_id: route_db78ea66_495_1767932356, route_type: Normal Route, fare_type: AC}]"
Kuliyapitiya,Katunayake,390.0,"[:Fare {fare: 390.0, route_id: route_cb15d6ac_424_1767932250, route_type: Katunayake Expressway, fare_type: AC}]"
Kuliyapitiya,Thelwatta,360.0,"[:Fare {fare: 360.0, route_id: route_db78ea66_497_1767932356, route_type: Normal Route, fare_type: AC}]"
Kuliyapitiya,Thelwatta,360.0,"[:Fare {fare: 360.0, route_id: route_cb15d6ac_425_1767932250, route_type: Katunayake Expressway, fare_type: AC}]"
Kandy,Colombo,425.0,"[:Fare {fare: 425.0, route_id: K001}]"
Kandy,Colombo,425.0,"[:Fare {fare: 425.0, route_id: K001}]"
Mawanalla,Mount Lavinia,680.0,"[:Fare {fare: 680.0, route_id: route_db78ea66_258_1767932356, route_type: Normal Route, fare_type: AC}]"
Mawanalla,Panadura,755.0,"[:Fare {fare: 755.0, route_id: route_db78ea66_257_1767932356, route_type: Normal Route, fare_type: AC}]"
Mawanalla,Panadura,745.0,"[:Fare {fare: 745.0, route_id: route_db78ea66_57_1767932356, route_type: Normal Route, fare_type: AC}]"
Mawanalla,Kalutara,830.0,"[:Fare {fare: 830.0, route_id: route_db78ea66_56_1767932356, route_type: Normal Route, fare_type: AC}]"
Mawanalla,Aluthgama,930.0,"[:Fare {fare: 930.0, route_id: route_db78ea66_55_1767932356, route_type: Normal Route, fare_type: AC}]"
Mawanalla,Ambalangoda,1060.0,"[:Fare {fare: 1060.0, route_id: route_db78ea66_54_1767932356, route_type: Normal Route, fare_type: AC}]"
Mawanalla,Matara,1470.0,"[:Fare {fare: 1470.0, route_id: route_db78ea66_51_1767932356, route_type: Normal Route, fare_type: AC}]"
Mawanalla,Negambo,590.0,"[:Fare {fare: 590.0, route_id: route_db78ea66_367_1767932356, route_type: Normal Route, fare_type: AC}]"
Mawanalla,Kaduwela,550.0,"[:Fare {fare: 550.0, route_id: route_db78ea66_260_1767932356, route_type: Normal Route, fare_type: AC}]"
Mawanalla,Awissawella,445.0,"[:Fare {fare: 445.0, route_id: route_db78ea66_191_1767932356, route_type: Normal Route, fare_type: AC}]"
Mawanalla,Galigamuwa,190.0,"[:Fare {fare: 190.0, route_id: route_db78ea66_193_1767932356, route_type: Normal Route, fare_type: AC}]"
Mawanalla,Nittabuwa,380.0,"[:Fare {fare: 380.0, route_id: route_db78ea66_328_1767932356, route_type: Normal Route, fare_type: AC}]"
Mawanalla,Minuwangoda,480.0,"[:Fare {fare: 480.0, route_id: route_db78ea66_368_1767932356, route_type: Normal Route, fare_type: AC}]"
Mawanalla,Kiribathgoda,535.0,"[:Fare {fare: 535.0, route_id: route_db78ea66_326_1767932356, route_type: Normal Route, fare_type: AC}]"
Mawanalla,Yakkala,435.0,"[:Fare {fare: 435.0, route_id: route_db78ea66_327_1767932356, route_type: Normal Route, fare_type: AC}]"
Mawanalla,Warakapola,290.0,"[:Fare {fare: 290.0, route_id: route_db78ea66_329_1767932356, route_type: Normal Route, fare_type: AC}]"
Mawanalla,Kegalle,160.0,"[:Fare {fare: 160.0, route_id: route_db78ea66_330_1767932356, route_type: Normal Route, fare_type: AC}]"
Mawanalla,Kegalle,160.0,"[:Fare {fare: 160.0, route_id: route_db78ea66_236_1767932356, route_type: Normal Route, fare_type: AC}]"
Mawanalla,Peradeniya,190.0,"[:Fare {fare: 190.0, route_id: route_db78ea66_475_1767932356, route_type: Normal Route, fare_type: AC}]"
Mawanalla,Nugegoda,715.0,"[:Fare {fare: 715.0, route_id: route_db78ea66_188_1767932356, route_type: Normal Route, fare_type: AC}]"
Mawanalla,Nugegoda,635.0,"[:Fare {fare: 635.0, route_id: route_db78ea66_259_1767932356, route_type: Normal Route, fare_type: AC}]"
Mawanalla,Balummahara,445.0,"[:Fare {fare: 445.0, route_id: route_db78ea66_261_1767932356, route_type: Normal Route, fare_type: AC}]"
Mawanalla,Dikwella,1580.0,"[:Fare {fare: 1580.0, route_id: route_db78ea66_50_1767932356, route_type: Normal Route, fare_type: AC}]"
Mawanalla,Beliatta,1655.0,"[:Fare {fare: 1655.0, route_id: route_db78ea66_49_1767932356, route_type: Normal Route, fare_type: AC}]"
Mawanalla,Ahangama,1340.0,"[:Fare {fare: 1340.0, route_id: route_db78ea66_52_1767932356, route_type: Normal Route, fare_type: AC}]"
Mawanalla,Walasmulla,1745.0,"[:Fare {fare: 1745.0, route_id: route_db78ea66_48_1767932356, route_type: Normal Route, fare_type: AC}]"
Mawanalla,Aguruwalla,320.0,"[:Fare {fare: 320.0, route_id: route_db78ea66_192_1767932356, route_type: Normal Route, fare_type: AC}]"
Mawanalla,Makumbura,660.0,"[:Fare {fare: 660.0, route_id: route_db78ea66_189_1767932356, route_type: Normal Route, fare_type: AC}]"
Mawanalla,Kaluaggala,535.0,"[:Fare {fare: 535.0, route_id: route_db78ea66_190_1767932356, route_type: Normal Route, fare_type: AC}]"
Mawanalla,Padukka,600.0,"[:Fare {fare: 600.0, route_id: route_db78ea66_204_1767932356, route_type: Normal Route, fare_type: AC}]"
Mawanalla,Pugoda,490.0,"[:Fare {fare: 490.0, route_id: route_db78ea66_205_1767932356, route_type: Normal Route, fare_type: AC}]"
Mawanalla,Aththanagalla,400.0,"[:Fare {fare: 400.0, route_id: route_db78ea66_206_1767932356, route_type: Normal Route, fare_type: AC}]"
Mawanalla,Kadugannwa,120.0,"[:Fare {fare: 120.0, route_id: route_db78ea66_476_1767932356, route_type: Normal Route, fare_type: AC}]"
Mawanalla,Horana,700.0,"[:Fare {fare: 700.0, route_id: route_db78ea66_203_1767932356, route_type: Normal Route, fare_type: AC}]"
Galle,Hambantota,350.0,"[:Fare {fare: 350.0, route_id: G001}]"
Mount Lavinia,Panadura,160.0,"[:Fare {fare: 160.0, route_id: route_db78ea66_229_1767932356, route_type: Normal Route, fare_type: AC}]"
Mount Lavinia,Ja Ela,245.0,"[:Fare {fare: 245.0, route_id: route_db78ea66_402_1767932356, route_type: Normal Route, fare_type: AC}]"
Mount Lavinia,Wattala,190.0,"[:Fare {fare: 190.0, route_id: route_db78ea66_403_1767932356, route_type: Normal Route, fare_type: AC}]"
Mount Lavinia,Katunayake,315.0,"[:Fare {fare: 315.0, route_id: route_db78ea66_401_1767932356, route_type: Normal Route, fare_type: AC}]"
Panadura,Mount Lavinia,160.0,"[:Fare {fare: 160.0, route_id: route_db78ea66_4_1767932356, route_type: Normal Route, fare_type: AC}]"
Panadura,Kalutara,165.0,"[:Fare {fare: 165.0, route_id: route_db78ea66_487_1767932356, route_type: Normal Route, fare_type: AC}]"
Panadura,Aluthgama,270.0,"[:Fare {fare: 270.0, route_id: route_db78ea66_486_1767932356, route_type: Normal Route, fare_type: AC}]"
Panadura,Ambalangoda,400.0,"[:Fare {fare: 400.0, route_id: route_db78ea66_485_1767932356, route_type: Normal Route, fare_type: AC}]"
Panadura,Matara,950.0,"[:Fare {fare: 950.0, service_type: Super Luxury, route_type: Southern Expressway, created_at: 2026-01-09T11:02:17.860000000Z, source: Expressway Fare Ad - 2024-10-02, fare_type: AC}]"
Panadura,Matara,810.0,"[:Fare {fare: 810.0, route_id: route_db78ea66_482_1767932356, route_type: Normal Route, fare_type: AC}]"
Panadura,Ja Ela,320.0,"[:Fare {fare: 320.0, route_id: route_db78ea66_406_1767932356, route_type: Normal Route, fare_type: AC}]"
Panadura,Wattala,270.0,"[:Fare {fare: 270.0, route_id: route_db78ea66_407_1767932356, route_type: Normal Route, fare_type: AC}]"
Panadura,Katunayake,390.0,"[:Fare {fare: 390.0, route_id: route_db78ea66_405_1767932356, route_type: Normal Route, fare_type: AC}]"
Panadura,Dikwella,920.0,"[:Fare {fare: 920.0, route_id: route_db78ea66_481_1767932356, route_type: Normal Route, fare_type: AC}]"
Panadura,Beliatta,995.0,"[:Fare {fare: 995.0, route_id: route_db78ea66_480_1767932356, route_type: Normal Route, fare_type: AC}]"
Panadura,Ahangama,680.0,"[:Fare {fare: 680.0, route_id: route_db78ea66_483_1767932356, route_type: Normal Route, fare_type: AC}]"
Panadura,Walasmulla,1085.0,"[:Fare {fare: 1085.0, route_id: route_db78ea66_479_1767932356, route_type: Normal Route, fare_type: AC}]"
Kalutara,Mount Lavinia,245.0,"[:Fare {fare: 245.0, route_id: route_db78ea66_6_1767932356, route_type: Normal Route, fare_type: AC}]"
Kalutara,Panadura,165.0,"[:Fare {fare: 165.0, route_id: route_db78ea66_7_1767932356, route_type: Normal Route, fare_type: AC}]"
Kalutara,Aluthgama,180.0,"[:Fare {fare: 180.0, route_id: route_db78ea66_478_1767932356, route_type: Normal Route, fare_type: AC}]"
Kalutara,Ambalangoda,315.0,"[:Fare {fare: 315.0, route_id: route_db78ea66_477_1767932356, route_type: Normal Route, fare_type: AC}]"
Kalutara,Matara,725.0,"[:Fare {fare: 725.0, route_id: route_db78ea66_474_1767932356, route_type: Normal Route, fare_type: AC}]"
Kalutara,Ja Ela,415.0,"[:Fare {fare: 415.0, route_id: route_db78ea66_411_1767932356, route_type: Normal Route, fare_type: AC}]"
Kalutara,Wattala,360.0,"[:Fare {fare: 360.0, route_id: route_db78ea66_412_1767932356, route_type: Normal Route, fare_type: AC}]"
Kalutara,Katunayake,480.0,"[:Fare {fare: 480.0, route_id: route_db78ea66_410_1767932356, route_type: Normal Route, fare_type: AC}]"
Kalutara,Dikwella,830.0,"[:Fare {fare: 830.0, route_id: route_db78ea66_473_1767932356, route_type: Normal Route, fare_type: AC}]"
Kalutara,Beliatta,910.0,"[:Fare {fare: 910.0, route_id: route_db78ea66_472_1767932356, route_type: Normal Route, fare_type: AC}]"
Kalutara,Ahangama,590.0,"[:Fare {fare: 590.0, route_id: route_db78ea66_475_1767932356, route_type: Normal Route, fare_type: AC}]"
Kalutara,Walasmulla,995.0,"[:Fare {fare: 995.0, route_id: route_db78ea66_471_1767932356, route_type: Normal Route, fare_type: AC}]"
Aluthgama,Mount Lavinia,345.0,"[:Fare {fare: 345.0, route_id: route_db78ea66_9_1767932356, route_type: Normal Route, fare_type: AC}]"
Aluthgama,Panadura,270.0,"[:Fare {fare: 270.0, route_id: route_db78ea66_10_1767932356, route_type: Normal Route, fare_type: AC}]"
Aluthgama,Kalutara,180.0,"[:Fare {fare: 180.0, route_id: route_db78ea66_11_1767932356, route_type: Normal Route, fare_type: AC}]"
Aluthgama,Ambalangoda,210.0,"[:Fare {fare: 210.0, route_id: route_db78ea66_470_1767932356, route_type: Normal Route, fare_type: AC}]"
Aluthgama,Matara,620.0,"[:Fare {fare: 620.0, route_id: route_db78ea66_467_1767932356, route_type: Normal Route, fare_type: AC}]"
Aluthgama,Ja Ela,510.0,"[:Fare {fare: 510.0, route_id: route_db78ea66_417_1767932356, route_type: Normal Route, fare_type: AC}]"
Aluthgama,Wattala,460.0,"[:Fare {fare: 460.0, route_id: route_db78ea66_418_1767932356, route_type: Normal Route, fare_type: AC}]"
Aluthgama,Katunayake,580.0,"[:Fare {fare: 580.0, route_id: route_db78ea66_416_1767932356, route_type: Normal Route, fare_type: AC}]"
Aluthgama,Dikwella,735.0,"[:Fare {fare: 735.0, route_id: route_db78ea66_466_1767932356, route_type: Normal Route, fare_type: AC}]"
Aluthgama,Beliatta,810.0,"[:Fare {fare: 810.0, route_id: route_db78ea66_465_1767932356, route_type: Normal Route, fare_type: AC}]"
Aluthgama,Ahangama,490.0,"[:Fare {fare: 490.0, route_id: route_db78ea66_468_1767932356, route_type: Normal Route, fare_type: AC}]"
Aluthgama,Walasmulla,900.0,"[:Fare {fare: 900.0, route_id: route_db78ea66_464_1767932356, route_type: Normal Route, fare_type: AC}]"
Balapitiya,Mount Lavinia,445.0,"[:Fare {fare: 445.0, route_id: route_db78ea66_13_1767932356, route_type: Normal Route, fare_type: AC}]"
Balapitiya,Panadura,365.0,"[:Fare {fare: 365.0, route_id: route_db78ea66_14_1767932356, route_type: Normal Route, fare_type: AC}]"
Balapitiya,Kalutara,280.0,"[:Fare {fare: 280.0, route_id: route_db78ea66_15_1767932356, route_type: Normal Route, fare_type: AC}]"
Balapitiya,Aluthgama,180.0,"[:Fare {fare: 180.0, route_id: route_db78ea66_16_1767932356, route_type: Normal Route, fare_type: AC}]"
Balapitiya,Ja Ela,615.0,"[:Fare {fare: 615.0, route_id: route_db78ea66_424_1767932356, route_type: Normal Route, fare_type: AC}]"
Balapitiya,Wattala,555.0,"[:Fare {fare: 555.0, route_id: route_db78ea66_425_1767932356, route_type: Normal Route, fare_type: AC}]"
Balapitiya,Katunayake,680.0,"[:Fare {fare: 680.0, route_id: route_db78ea66_423_1767932356, route_type: Normal Route, fare_type: AC}]"
Ambalangoda,Mount Lavinia,480.0,"[:Fare {fare: 480.0, route_id: route_db78ea66_18_1767932356, route_type: Normal Route, fare_type: AC}]"
Ambalangoda,Panadura,400.0,"[:Fare {fare: 400.0, route_id: route_db78ea66_19_1767932356, route_type: Normal Route, fare_type: AC}]"
Ambalangoda,Kalutara,315.0,"[:Fare {fare: 315.0, route_id: route_db78ea66_20_1767932356, route_type: Normal Route, fare_type: AC}]"
Ambalangoda,Aluthgama,210.0,"[:Fare {fare: 210.0, route_id: route_db78ea66_21_1767932356, route_type: Normal Route, fare_type: AC}]"
Ambalangoda,Balapitiya,80.0,"[:Fare {fare: 80.0, route_id: route_db78ea66_22_1767932356, route_type: Normal Route, fare_type: AC}]"
Ambalangoda,Matara,490.0,"[:Fare {fare: 490.0, route_id: route_db78ea66_461_1767932356, route_type: Normal Route, fare_type: AC}]"
Ambalangoda,Ja Ela,645.0,"[:Fare {fare: 645.0, route_id: route_db78ea66_432_1767932356, route_type: Normal Route, fare_type: AC}]"
Ambalangoda,Wattala,590.0,"[:Fare {fare: 590.0, route_id: route_db78ea66_433_1767932356, route_type: Normal Route, fare_type: AC}]"
Ambalangoda,Katunayake,715.0,"[:Fare {fare: 715.0, route_id: route_db78ea66_431_1767932356, route_type: Normal Route, fare_type: AC}]"
Ambalangoda,Dikwella,600.0,"[:Fare {fare: 600.0, route_id: route_db78ea66_460_1767932356, route_type: Normal Route, fare_type: AC}]"
Ambalangoda,Beliatta,680.0,"[:Fare {fare: 680.0, route_id: route_db78ea66_459_1767932356, route_type: Normal Route, fare_type: AC}]"
Ambalangoda,Ahangama,360.0,"[:Fare {fare: 360.0, route_id: route_db78ea66_462_1767932356, route_type: Normal Route, fare_type: AC}]"
Ambalangoda,Walasmulla,765.0,"[:Fare {fare: 765.0, route_id: route_db78ea66_458_1767932356, route_type: Normal Route, fare_type: AC}]"
Ambalangoda,Makumbura,600.0,"[:Fare {fare: 600.0, service_type: Luxury, route_type: Southern Expressway, created_at: 2026-01-09T11:02:19.982000000Z, source: Expressway Fare Ad - 2024-10-02, fare_type: AC}]"
Hikkaduwa,Mount Lavinia,550.0,"[:Fare {fare: 550.0, route_id: route_db78ea66_24_1767932356, route_type: Normal Route, fare_type: AC}]"
Hikkaduwa,Panadura,470.0,"[:Fare {fare: 470.0, route_id: route_db78ea66_25_1767932356, route_type: Normal Route, fare_type: AC}]"
Hikkaduwa,Kalutara,380.0,"[:Fare {fare: 380.0, route_id: route_db78ea66_26_1767932356, route_type: Normal Route, fare_type: AC}]"
Hikkaduwa,Aluthgama,280.0,"[:Fare {fare: 280.0, route_id: route_db78ea66_27_1767932356, route_type: Normal Route, fare_type: AC}]"
Hikkaduwa,Balapitiya,180.0,"[:Fare {fare: 180.0, route_id: route_db78ea66_28_1767932356, route_type: Normal Route, fare_type: AC}]"
Hikkaduwa,Ambalangoda,140.0,"[:Fare {fare: 140.0, route_id: route_db78ea66_29_1767932356, route_type: Normal Route, fare_type: AC}]"
Hikkaduwa,Ja Ela,715.0,"[:Fare {fare: 715.0, route_id: route_db78ea66_441_1767932356, route_type: Normal Route, fare_type: AC}]"
Hikkaduwa,Wattala,660.0,"[:Fare {fare: 660.0, route_id: route_db78ea66_442_1767932356, route_type: Normal Route, fare_type: AC}]"
Hikkaduwa,Katunayake,780.0,"[:Fare {fare: 780.0, route_id: route_db78ea66_440_1767932356, route_type: Normal Route, fare_type: AC}]"
Koggala,Mount Lavinia,725.0,"[:Fare {fare: 725.0, route_id: route_db78ea66_39_1767932356, route_type: Normal Route, fare_type: AC}]"
Koggala,Panadura,645.0,"[:Fare {fare: 645.0, route_id: route_db78ea66_40_1767932356, route_type: Normal Route, fare_type: AC}]"
Koggala,Kalutara,555.0,"[:Fare {fare: 555.0, route_id: route_db78ea66_41_1767932356, route_type: Normal Route, fare_type: AC}]"
Koggala,Aluthgama,460.0,"[:Fare {fare: 460.0, route_id: route_db78ea66_42_1767932356, route_type: Normal Route, fare_type: AC}]"
Koggala,Balapitiya,360.0,"[:Fare {fare: 360.0, route_id: route_db78ea66_43_1767932356, route_type: Normal Route, fare_type: AC}]"
Koggala,Ambalangoda,320.0,"[:Fare {fare: 320.0, route_id: route_db78ea66_44_1767932356, route_type: Normal Route, fare_type: AC}]"
Koggala,Hikkaduwa,255.0,"[:Fare {fare: 255.0, route_id: route_db78ea66_45_1767932356, route_type: Normal Route, fare_type: AC}]"
Koggala,Ja Ela,890.0,"[:Fare {fare: 890.0, route_id: route_db78ea66_462_1767932356, route_type: Normal Route, fare_type: AC}]"
Koggala,Wattala,830.0,"[:Fare {fare: 830.0, route_id: route_db78ea66_463_1767932356, route_type: Normal Route, fare_type: AC}]"
Koggala,Katunayake,950.0,"[:Fare {fare: 950.0, route_id: route_db78ea66_461_1767932356, route_type: Normal Route, fare_type: AC}]"
Waligama,Mount Lavinia,800.0,"[:Fare {fare: 800.0, route_id: route_db78ea66_48_1767932356, route_type: Normal Route, fare_type: AC}]"
Waligama,Panadura,725.0,"[:Fare {fare: 725.0, route_id: route_db78ea66_49_1767932356, route_type: Normal Route, fare_type: AC}]"
Waligama,Kalutara,635.0,"[:Fare {fare: 635.0, route_id: route_db78ea66_50_1767932356, route_type: Normal Route, fare_type: AC}]"
Waligama,Aluthgama,535.0,"[:Fare {fare: 535.0, route_id: route_db78ea66_51_1767932356, route_type: Normal Route, fare_type: AC}]"
Waligama,Balapitiya,435.0,"[:Fare {fare: 435.0, route_id: route_db78ea66_52_1767932356, route_type: Normal Route, fare_type: AC}]"
Waligama,Ambalangoda,400.0,"[:Fare {fare: 400.0, route_id: route_db78ea66_53_1767932356, route_type: Normal Route, fare_type: AC}]"
Waligama,Hikkaduwa,335.0,"[:Fare {fare: 335.0, route_id: route_db78ea66_54_1767932356, route_type: Normal Route, fare_type: AC}]"
Waligama,Koggala,160.0,"[:Fare {fare: 160.0, route_id: route_db78ea66_56_1767932356, route_type: Normal Route, fare_type: AC}]"
Waligama,Ja Ela,965.0,"[:Fare {fare: 965.0, route_id: route_db78ea66_474_1767932356, route_type: Normal Route, fare_type: AC}]"
Waligama,Wattala,910.0,"[:Fare {fare: 910.0, route_id: route_db78ea66_475_1767932356, route_type: Normal Route, fare_type: AC}]"
Waligama,Katunayake,1030.0,"[:Fare {fare: 1030.0, route_id: route_db78ea66_473_1767932356, route_type: Normal Route, fare_type: AC}]"
Matara,Mount Lavinia,890.0,"[:Fare {fare: 890.0, route_id: route_db78ea66_58_1767932356, route_type: Normal Route, fare_type: AC}]"
Matara,Panadura,810.0,"[:Fare {fare: 810.0, route_id: route_db78ea66_59_1767932356, route_type: Normal Route, fare_type: AC}]"
Matara,Kalutara,725.0,"[:Fare {fare: 725.0, route_id: route_db78ea66_60_1767932356, route_type: Normal Route, fare_type: AC}]"
Matara,Aluthgama,620.0,"[:Fare {fare: 620.0, route_id: route_db78ea66_61_1767932356, route_type: Normal Route, fare_type: AC}]"
Matara,Balapitiya,525.0,"[:Fare {fare: 525.0, route_id: route_db78ea66_62_1767932356, route_type: Normal Route, fare_type: AC}]"
Matara,Ambalangoda,490.0,"[:Fare {fare: 490.0, route_id: route_db78ea66_63_1767932356, route_type: Normal Route, fare_type: AC}]"
Matara,Hikkaduwa,425.0,"[:Fare {fare: 425.0, route_id: route_db78ea66_64_1767932356, route_type: Normal Route, fare_type: AC}]"
Matara,Koggala,245.0,"[:Fare {fare: 245.0, route_id: route_db78ea66_66_1767932356, route_type: Normal Route, fare_type: AC}]"
Matara,Waligama,165.0,"[:Fare {fare: 165.0, route_id: route_db78ea66_67_1767932356, route_type: Normal Route, fare_type: AC}]"
Matara,Ja Ela,1050.0,"[:Fare {fare: 1050.0, route_id: route_db78ea66_487_1767932356, route_type: Normal Route, fare_type: AC}]"
Matara,Wattala,995.0,"[:Fare {fare: 995.0, route_id: route_db78ea66_488_1767932356, route_type: Normal Route, fare_type: AC}]"
Matara,Katunayake,1120.0,"[:Fare {fare: 1120.0, route_id: route_db78ea66_486_1767932356, route_type: Normal Route, fare_type: AC}]"
Matara,Dikwella,190.0,"[:Fare {fare: 190.0, route_id: route_db78ea66_448_1767932356, route_type: Normal Route, fare_type: AC}]"
Matara,Beliatta,270.0,"[:Fare {fare: 270.0, route_id: route_db78ea66_447_1767932356, route_type: Normal Route, fare_type: AC}]"
Matara,Walasmulla,360.0,"[:Fare {fare: 360.0, route_id: route_db78ea66_446_1767932356, route_type: Normal Route, fare_type: AC}]"
Thihagoda,Mount Lavinia,930.0,"[:Fare {fare: 930.0, route_id: route_db78ea66_69_1767932356, route_type: Normal Route, fare_type: AC}]"
Thihagoda,Panadura,855.0,"[:Fare {fare: 855.0, route_id: route_db78ea66_70_1767932356, route_type: Normal Route, fare_type: AC}]"
Thihagoda,Kalutara,765.0,"[:Fare {fare: 765.0, route_id: route_db78ea66_71_1767932356, route_type: Normal Route, fare_type: AC}]"
Thihagoda,Aluthgama,670.0,"[:Fare {fare: 670.0, route_id: route_db78ea66_72_1767932356, route_type: Normal Route, fare_type: AC}]"
Thihagoda,Balapitiya,570.0,"[:Fare {fare: 570.0, route_id: route_db78ea66_73_1767932356, route_type: Normal Route, fare_type: AC}]"
Thihagoda,Ambalangoda,535.0,"[:Fare {fare: 535.0, route_id: route_db78ea66_74_1767932356, route_type: Normal Route, fare_type: AC}]"
Thihagoda,Hikkaduwa,470.0,"[:Fare {fare: 470.0, route_id: route_db78ea66_75_1767932356, route_type: Normal Route, fare_type: AC}]"
Thihagoda,Koggala,290.0,"[:Fare {fare: 290.0, route_id: route_db78ea66_77_1767932356, route_type: Normal Route, fare_type: AC}]"
Thihagoda,Waligama,210.0,"[:Fare {fare: 210.0, route_id: route_db78ea66_78_1767932356, route_type: Normal Route, fare_type: AC}]"
Thihagoda,Matara,100.0,"[:Fare {fare: 100.0, route_id: route_db78ea66_79_1767932356, route_type: Normal Route, fare_type: AC}]"
Kaburupitiya,Mount Lavinia,985.0,"[:Fare {fare: 985.0, route_id: route_db78ea66_81_1767932356, route_type: Normal Route, fare_type: AC}]"
Kaburupitiya,Panadura,910.0,"[:Fare {fare: 910.0, route_id: route_db78ea66_82_1767932356, route_type: Normal Route, fare_type: AC}]"
Kaburupitiya,Kalutara,820.0,"[:Fare {fare: 820.0, route_id: route_db78ea66_83_1767932356, route_type: Normal Route, fare_type: AC}]"
Kaburupitiya,Aluthgama,725.0,"[:Fare {fare: 725.0, route_id: route_db78ea66_84_1767932356, route_type: Normal Route, fare_type: AC}]"
Kaburupitiya,Balapitiya,620.0,"[:Fare {fare: 620.0, route_id: route_db78ea66_85_1767932356, route_type: Normal Route, fare_type: AC}]"
Kaburupitiya,Ambalangoda,590.0,"[:Fare {fare: 590.0, route_id: route_db78ea66_86_1767932356, route_type: Normal Route, fare_type: AC}]"
Kaburupitiya,Hikkaduwa,525.0,"[:Fare {fare: 525.0, route_id: route_db78ea66_87_1767932356, route_type: Normal Route, fare_type: AC}]"
Kaburupitiya,Koggala,345.0,"[:Fare {fare: 345.0, route_id: route_db78ea66_89_1767932356, route_type: Normal Route, fare_type: AC}]"
Kaburupitiya,Waligama,270.0,"[:Fare {fare: 270.0, route_id: route_db78ea66_90_1767932356, route_type: Normal Route, fare_type: AC}]"
Kaburupitiya,Matara,180.0,"[:Fare {fare: 180.0, route_id: route_db78ea66_91_1767932356, route_type: Normal Route, fare_type: AC}]"
Kaburupitiya,Thihagoda,120.0,"[:Fare {fare: 120.0, route_id: route_db78ea66_92_1767932356, route_type: Normal Route, fare_type: AC}]"
Radhawela,Mount Lavinia,1050.0,"[:Fare {fare: 1050.0, route_id: route_db78ea66_94_1767932356, route_type: Normal Route, fare_type: AC}]"
Radhawela,Panadura,975.0,"[:Fare {fare: 975.0, route_id: route_db78ea66_95_1767932356, route_type: Normal Route, fare_type: AC}]"
Radhawela,Kalutara,890.0,"[:Fare {fare: 890.0, route_id: route_db78ea66_96_1767932356, route_type: Normal Route, fare_type: AC}]"
Radhawela,Aluthgama,790.0,"[:Fare {fare: 790.0, route_id: route_db78ea66_97_1767932356, route_type: Normal Route, fare_type: AC}]"
Radhawela,Balapitiya,690.0,"[:Fare {fare: 690.0, route_id: route_db78ea66_98_1767932356, route_type: Normal Route, fare_type: AC}]"
Radhawela,Ambalangoda,660.0,"[:Fare {fare: 660.0, route_id: route_db78ea66_99_1767932356, route_type: Normal Route, fare_type: AC}]"
Radhawela,Hikkaduwa,590.0,"[:Fare {fare: 590.0, route_id: route_db78ea66_100_1767932356, route_type: Normal Route, fare_type: AC}]"
Radhawela,Koggala,415.0,"[:Fare {fare: 415.0, route_id: route_db78ea66_102_1767932356, route_type: Normal Route, fare_type: AC}]"
Radhawela,Waligama,335.0,"[:Fare {fare: 335.0, route_id: route_db78ea66_103_1767932356, route_type: Normal Route, fare_type: AC}]"
Radhawela,Matara,245.0,"[:Fare {fare: 245.0, route_id: route_db78ea66_104_1767932356, route_type: Normal Route, fare_type: AC}]"
Radhawela,Thihagoda,200.0,"[:Fare {fare: 200.0, route_id: route_db78ea66_105_1767932356, route_type: Normal Route, fare_type: AC}]"
Radhawela,Kaburupitiya,140.0,"[:Fare {fare: 140.0, route_id: route_db78ea66_106_1767932356, route_type: Normal Route, fare_type: AC}]"
Brukside Junction,Nuwaraeliya,190.0,"[:Fare {fare: 190.0, route_id: route_db78ea66_107_1767932356, route_type: Normal Route, fare_type: AC}]"
Walapane,Mawanalla,645.0,"[:Fare {fare: 645.0, route_id: route_db78ea66_356_1767932356, route_type: Normal Route, fare_type: AC}]"
Walapane,Brukside Junction,190.0,"[:Fare {fare: 190.0, route_id: route_db78ea66_109_1767932356, route_type: Normal Route, fare_type: AC}]"
Walapane,Padiyapalalla,210.0,"[:Fare {fare: 210.0, route_id: route_db78ea66_361_1767932356, route_type: Normal Route, fare_type: AC}]"
Walapane,Nuwaraeliya,300.0,"[:Fare {fare: 300.0, route_id: route_db78ea66_108_1767932356, route_type: Normal Route, fare_type: AC}]"
Walapane,Nittabuwa,940.0,"[:Fare {fare: 940.0, route_id: route_db78ea66_353_1767932356, route_type: Normal Route, fare_type: AC}]"
Walapane,Kiribathgoda,1100.0,"[:Fare {fare: 1100.0, route_id: route_db78ea66_351_1767932356, route_type: Normal Route, fare_type: AC}]"
Walapane,Yakkala,995.0,"[:Fare {fare: 995.0, route_id: route_db78ea66_352_1767932356, route_type: Normal Route, fare_type: AC}]"
Walapane,Warakapola,855.0,"[:Fare {fare: 855.0, route_id: route_db78ea66_354_1767932356, route_type: Normal Route, fare_type: AC}]"
Walapane,Kegalle,725.0,"[:Fare {fare: 725.0, route_id: route_db78ea66_355_1767932356, route_type: Normal Route, fare_type: AC}]"
Walapane,Haragama School,425.0,"[:Fare {fare: 425.0, route_id: route_db78ea66_358_1767932356, route_type: Normal Route, fare_type: AC}]"
Walapane,Kanda junction,345.0,"[:Fare {fare: 345.0, route_id: route_db78ea66_359_1767932356, route_type: Normal Route, fare_type: AC}]"
Walapane,Rikillagaskada,270.0,"[:Fare {fare: 270.0, route_id: route_db78ea66_360_1767932356, route_type: Normal Route, fare_type: AC}]"
Padiyapalalla,Mawanalla,510.0,"[:Fare {fare: 510.0, route_id: route_db78ea66_345_1767932356, route_type: Normal Route, fare_type: AC}]"
Padiyapalalla,Brukside Junction,320.0,"[:Fare {fare: 320.0, route_id: route_db78ea66_111_1767932356, route_type: Normal Route, fare_type: AC}]"
Padiyapalalla,Walapane,210.0,"[:Fare {fare: 210.0, route_id: route_db78ea66_112_1767932356, route_type: Normal Route, fare_type: AC}]"
Padiyapalalla,Nuwaraeliya,435.0,"[:Fare {fare: 435.0, route_id: route_db78ea66_110_1767932356, route_type: Normal Route, fare_type: AC}]"
Padiyapalalla,Nittabuwa,810.0,"[:Fare {fare: 810.0, route_id: route_db78ea66_342_1767932356, route_type: Normal Route, fare_type: AC}]"
Padiyapalalla,Kiribathgoda,965.0,"[:Fare {fare: 965.0, route_id: route_db78ea66_340_1767932356, route_type: Normal Route, fare_type: AC}]"
Padiyapalalla,Yakkala,865.0,"[:Fare {fare: 865.0, route_id: route_db78ea66_341_1767932356, route_type: Normal Route, fare_type: AC}]"
Padiyapalalla,Warakapola,725.0,"[:Fare {fare: 725.0, route_id: route_db78ea66_343_1767932356, route_type: Normal Route, fare_type: AC}]"
Padiyapalalla,Kegalle,590.0,"[:Fare {fare: 590.0, route_id: route_db78ea66_344_1767932356, route_type: Normal Route, fare_type: AC}]"
Padiyapalalla,Haragama School,290.0,"[:Fare {fare: 290.0, route_id: route_db78ea66_347_1767932356, route_type: Normal Route, fare_type: AC}]"
Padiyapalalla,Kanda junction,210.0,"[:Fare {fare: 210.0, route_id: route_db78ea66_348_1767932356, route_type: Normal Route, fare_type: AC}]"
Padiyapalalla,Rikillagaskada,120.0,"[:Fare {fare: 120.0, route_id: route_db78ea66_349_1767932356, route_type: Normal Route, fare_type: AC}]"
Haguranketha,Brukside Junction,415.0,"[:Fare {fare: 415.0, route_id: route_db78ea66_114_1767932356, route_type: Normal Route, fare_type: AC}]"
Haguranketha,Walapane,300.0,"[:Fare {fare: 300.0, route_id: route_db78ea66_115_1767932356, route_type: Normal Route, fare_type: AC}]"
Haguranketha,Padiyapalalla,165.0,"[:Fare {fare: 165.0, route_id: route_db78ea66_116_1767932356, route_type: Normal Route, fare_type: AC}]"
Haguranketha,Nuwaraeliya,525.0,"[:Fare {fare: 525.0, route_id: route_db78ea66_113_1767932356, route_type: Normal Route, fare_type: AC}]"
Matale,Mawanalla,380.0,"[:Fare {fare: 380.0, route_id: route_db78ea66_361_1767932356, route_type: Normal Route, fare_type: AC}]"
Matale,Mawanalla,365.0,"[:Fare {fare: 365.0, route_id: route_db78ea66_233_1767932356, route_type: Normal Route, fare_type: AC}]"
Matale,Mawanalla,400.0,"[:Fare {fare: 400.0, route_id: route_db78ea66_230_1767932356, route_type: Normal Route, fare_type: AC}]"
Matale,Brukside Junction,755.0,"[:Fare {fare: 755.0, route_id: route_db78ea66_123_1767932356, route_type: Normal Route, fare_type: AC}]"
Matale,Walapane,645.0,"[:Fare {fare: 645.0, route_id: route_db78ea66_124_1767932356, route_type: Normal Route, fare_type: AC}]"
Matale,Padiyapalalla,510.0,"[:Fare {fare: 510.0, route_id: route_db78ea66_125_1767932356, route_type: Normal Route, fare_type: AC}]"
Matale,Haguranketha,425.0,"[:Fare {fare: 425.0, route_id: route_db78ea66_126_1767932356, route_type: Normal Route, fare_type: AC}]"
Matale,Nuwaraeliya,865.0,"[:Fare {fare: 865.0, route_id: route_db78ea66_122_1767932356, route_type: Normal Route, fare_type: AC}]"
Matale,Awissawella,735.0,"[:Fare {fare: 735.0, route_id: route_db78ea66_229_1767932356, route_type: Normal Route, fare_type: AC}]"
Matale,Galigamuwa,480.0,"[:Fare {fare: 480.0, route_id: route_db78ea66_231_1767932356, route_type: Normal Route, fare_type: AC}]"
Matale,Nittabuwa,680.0,"[:Fare {fare: 680.0, route_id: route_db78ea66_358_1767932356, route_type: Normal Route, fare_type: AC}]"
Matale,Kiribathgoda,830.0,"[:Fare {fare: 830.0, route_id: route_db78ea66_356_1767932356, route_type: Normal Route, fare_type: AC}]"
Matale,Yakkala,735.0,"[:Fare {fare: 735.0, route_id: route_db78ea66_357_1767932356, route_type: Normal Route, fare_type: AC}]"
Matale,Warakapola,590.0,"[:Fare {fare: 590.0, route_id: route_db78ea66_359_1767932356, route_type: Normal Route, fare_type: AC}]"
Matale,Warakapola,615.0,"[:Fare {fare: 615.0, route_id: route_db78ea66_228_1767932356, route_type: Normal Route, fare_type: AC}]"
Matale,Kegalle,460.0,"[:Fare {fare: 460.0, route_id: route_db78ea66_360_1767932356, route_type: Normal Route, fare_type: AC}]"
Matale,Kegalle,445.0,"[:Fare {fare: 445.0, route_id: route_db78ea66_232_1767932356, route_type: Normal Route, fare_type: AC}]"
Matale,Kegalle,480.0,"[:Fare {fare: 480.0, route_id: route_db78ea66_229_1767932356, route_type: Normal Route, fare_type: AC}]"
Matale,Peradeniya,270.0,"[:Fare {fare: 270.0, route_id: route_db78ea66_362_1767932356, route_type: Normal Route, fare_type: AC}]"
Matale,Katugastota,315.0,"[:Fare {fare: 315.0, route_id: route_db78ea66_234_1767932356, route_type: Normal Route, fare_type: AC}]"
Matale,Katugastota,200.0,"[:Fare {fare: 200.0, route_id: route_db78ea66_363_1767932356, route_type: Normal Route, fare_type: AC}]"
Matale,Akurana,165.0,"[:Fare {fare: 165.0, route_id: route_db78ea66_364_1767932356, route_type: Normal Route, fare_type: AC}]"
Matale,Akurana,180.0,"[:Fare {fare: 180.0, route_id: route_db78ea66_232_1767932356, route_type: Normal Route, fare_type: AC}]"
Matale,Nugegoda,995.0,"[:Fare {fare: 995.0, route_id: route_db78ea66_226_1767932356, route_type: Normal Route, fare_type: AC}]"
Matale,Aguruwalla,615.0,"[:Fare {fare: 615.0, route_id: route_db78ea66_230_1767932356, route_type: Normal Route, fare_type: AC}]"
Matale,Makumbura,940.0,"[:Fare {fare: 940.0, route_id: route_db78ea66_227_1767932356, route_type: Normal Route, fare_type: AC}]"
Matale,Kaluaggala,820.0,"[:Fare {fare: 820.0, route_id: route_db78ea66_228_1767932356, route_type: Normal Route, fare_type: AC}]"
Matale,Padukka,920.0,"[:Fare {fare: 920.0, route_id: route_db78ea66_225_1767932356, route_type: Normal Route, fare_type: AC}]"
Matale,Pugoda,810.0,"[:Fare {fare: 810.0, route_id: route_db78ea66_226_1767932356, route_type: Normal Route, fare_type: AC}]"
Matale,Aththanagalla,725.0,"[:Fare {fare: 725.0, route_id: route_db78ea66_227_1767932356, route_type: Normal Route, fare_type: AC}]"
Matale,Horana,1020.0,"[:Fare {fare: 1020.0, route_id: route_db78ea66_224_1767932356, route_type: Normal Route, fare_type: AC}]"
Nawula,Mawanalla,510.0,"[:Fare {fare: 510.0, route_id: route_db78ea66_245_1767932356, route_type: Normal Route, fare_type: AC}]"
Nawula,Mawanalla,550.0,"[:Fare {fare: 550.0, route_id: route_db78ea66_239_1767932356, route_type: Normal Route, fare_type: AC}]"
Nawula,Brukside Junction,900.0,"[:Fare {fare: 900.0, route_id: route_db78ea66_129_1767932356, route_type: Normal Route, fare_type: AC}]"
Nawula,Walapane,790.0,"[:Fare {fare: 790.0, route_id: route_db78ea66_130_1767932356, route_type: Normal Route, fare_type: AC}]"
Nawula,Padiyapalalla,660.0,"[:Fare {fare: 660.0, route_id: route_db78ea66_131_1767932356, route_type: Normal Route, fare_type: AC}]"
Nawula,Haguranketha,570.0,"[:Fare {fare: 570.0, route_id: route_db78ea66_132_1767932356, route_type: Normal Route, fare_type: AC}]"
Nawula,Matale,225.0,"[:Fare {fare: 225.0, route_id: route_db78ea66_134_1767932356, route_type: Normal Route, fare_type: AC}]"
Nawula,Nuwaraeliya,1010.0,"[:Fare {fare: 1010.0, route_id: route_db78ea66_128_1767932356, route_type: Normal Route, fare_type: AC}]"
Nawula,Awissawella,875.0,"[:Fare {fare: 875.0, route_id: route_db78ea66_241_1767932356, route_type: Normal Route, fare_type: AC}]"
Nawula,Galigamuwa,620.0,"[:Fare {fare: 620.0, route_id: route_db78ea66_243_1767932356, route_type: Normal Route, fare_type: AC}]"
Nawula,Warakapola,755.0,"[:Fare {fare: 755.0, route_id: route_db78ea66_237_1767932356, route_type: Normal Route, fare_type: AC}]"
Nawula,Kegalle,590.0,"[:Fare {fare: 590.0, route_id: route_db78ea66_244_1767932356, route_type: Normal Route, fare_type: AC}]"
Nawula,Kegalle,620.0,"[:Fare {fare: 620.0, route_id: route_db78ea66_238_1767932356, route_type: Normal Route, fare_type: AC}]"
Nawula,Katugastota,460.0,"[:Fare {fare: 460.0, route_id: route_db78ea66_246_1767932356, route_type: Normal Route, fare_type: AC}]"
Nawula,Akurana,315.0,"[:Fare {fare: 315.0, route_id: route_db78ea66_287_1767932356, route_type: Normal Route, fare_type: AC}]"
Nawula,Akurana,320.0,"[:Fare {fare: 320.0, route_id: route_db78ea66_241_1767932356, route_type: Normal Route, fare_type: AC}]"
Nawula,Nugegoda,1140.0,"[:Fare {fare: 1140.0, route_id: route_db78ea66_238_1767932356, route_type: Normal Route, fare_type: AC}]"
Nawula,Madawalaulpatha,140.0,"[:Fare {fare: 140.0, route_id: route_db78ea66_289_1767932356, route_type: Normal Route, fare_type: AC}]"
Nawula,Aguruwalla,755.0,"[:Fare {fare: 755.0, route_id: route_db78ea66_242_1767932356, route_type: Normal Route, fare_type: AC}]"
Nawula,Makumbura,1085.0,"[:Fare {fare: 1085.0, route_id: route_db78ea66_239_1767932356, route_type: Normal Route, fare_type: AC}]"
Nawula,Kaluaggala,965.0,"[:Fare {fare: 965.0, route_id: route_db78ea66_240_1767932356, route_type: Normal Route, fare_type: AC}]"
Nawula,Padukka,1060.0,"[:Fare {fare: 1060.0, route_id: route_db78ea66_234_1767932356, route_type: Normal Route, fare_type: AC}]"
Nawula,Pugoda,950.0,"[:Fare {fare: 950.0, route_id: route_db78ea66_235_1767932356, route_type: Normal Route, fare_type: AC}]"
Nawula,Aththanagalla,865.0,"[:Fare {fare: 865.0, route_id: route_db78ea66_236_1767932356, route_type: Normal Route, fare_type: AC}]"
Nawula,Horana,1160.0,"[:Fare {fare: 1160.0, route_id: route_db78ea66_233_1767932356, route_type: Normal Route, fare_type: AC}]"
Dambulla,Mawanalla,615.0,"[:Fare {fare: 615.0, route_id: route_db78ea66_258_1767932356, route_type: Normal Route, fare_type: AC}]"
Dambulla,Mawanalla,645.0,"[:Fare {fare: 645.0, route_id: route_db78ea66_249_1767932356, route_type: Normal Route, fare_type: AC}]"
Dambulla,Brukside Junction,995.0,"[:Fare {fare: 995.0, route_id: route_db78ea66_136_1767932356, route_type: Normal Route, fare_type: AC}]"
Dambulla,Walapane,890.0,"[:Fare {fare: 890.0, route_id: route_db78ea66_137_1767932356, route_type: Normal Route, fare_type: AC}]"
Dambulla,Padiyapalalla,755.0,"[:Fare {fare: 755.0, route_id: route_db78ea66_138_1767932356, route_type: Normal Route, fare_type: AC}]"
Dambulla,Haguranketha,670.0,"[:Fare {fare: 670.0, route_id: route_db78ea66_139_1767932356, route_type: Normal Route, fare_type: AC}]"
Dambulla,Matale,320.0,"[:Fare {fare: 320.0, route_id: route_db78ea66_141_1767932356, route_type: Normal Route, fare_type: AC}]"
Dambulla,Nawula,180.0,"[:Fare {fare: 180.0, route_id: route_db78ea66_142_1767932356, route_type: Normal Route, fare_type: AC}]"
Dambulla,Nuwaraeliya,1105.0,"[:Fare {fare: 1105.0, route_id: route_db78ea66_135_1767932356, route_type: Normal Route, fare_type: AC}]"
Dambulla,Awissawella,855.0,"[:Fare {fare: 855.0, route_id: route_db78ea66_479_1767932356, route_type: Normal Route, fare_type: AC}]"
Dambulla,Awissawella,975.0,"[:Fare {fare: 975.0, route_id: route_db78ea66_254_1767932356, route_type: Normal Route, fare_type: AC}]"
Dambulla,Ahaliyagoda,930.0,"[:Fare {fare: 930.0, route_id: route_db78ea66_478_1767932356, route_type: Normal Route, fare_type: AC}]"
Dambulla,Ratnapura,1105.0,"[:Fare {fare: 1105.0, route_id: route_db78ea66_477_1767932356, route_type: Normal Route, fare_type: AC}]"
Dambulla,Palmadulla,1220.0,"[:Fare {fare: 1220.0, route_id: route_db78ea66_476_1767932356, route_type: Normal Route, fare_type: AC}]"
Dambulla,Godakawela,1350.0,"[:Fare {fare: 1350.0, route_id: route_db78ea66_475_1767932356, route_type: Normal Route, fare_type: AC}]"
Dambulla,Ambilipitiya,1535.0,"[:Fare {fare: 1535.0, route_id: route_db78ea66_474_1767932356, route_type: Normal Route, fare_type: AC}]"
Dambulla,Galigamuwa,600.0,"[:Fare {fare: 600.0, route_id: route_db78ea66_481_1767932356, route_type: Normal Route, fare_type: AC}]"
Dambulla,Galigamuwa,725.0,"[:Fare {fare: 725.0, route_id: route_db78ea66_256_1767932356, route_type: Normal Route, fare_type: AC}]"
Dambulla,Nittabuwa,700.0,"[:Fare {fare: 700.0, route_id: route_db78ea66_413_1767932356, route_type: Normal Route, fare_type: AC}]"
Dambulla,Kiribathgoda,855.0,"[:Fare {fare: 855.0, route_id: route_db78ea66_411_1767932356, route_type: Normal Route, fare_type: AC}]"
Dambulla,Yakkala,755.0,"[:Fare {fare: 755.0, route_id: route_db78ea66_160_1767932356, route_type: Normal Route, fare_type: AC}]"
Dambulla,Yakkala,755.0,"[:Fare {fare: 755.0, route_id: route_db78ea66_94_1767932356, route_type: Normal Route, fare_type: AC}]"
Dambulla,Warakapola,615.0,"[:Fare {fare: 615.0, route_id: route_db78ea66_414_1767932356, route_type: Normal Route, fare_type: AC}]"
Dambulla,Warakapola,855.0,"[:Fare {fare: 855.0, route_id: route_db78ea66_247_1767932356, route_type: Normal Route, fare_type: AC}]"
Dambulla,Polgahawela,510.0,"[:Fare {fare: 510.0, route_id: route_db78ea66_415_1767932356, route_type: Normal Route, fare_type: AC}]"
Dambulla,Kegalle,690.0,"[:Fare {fare: 690.0, route_id: route_db78ea66_257_1767932356, route_type: Normal Route, fare_type: AC}]"
Dambulla,Kegalle,725.0,"[:Fare {fare: 725.0, route_id: route_db78ea66_248_1767932356, route_type: Normal Route, fare_type: AC}]"
Dambulla,Katugastota,555.0,"[:Fare {fare: 555.0, route_id: route_db78ea66_259_1767932356, route_type: Normal Route, fare_type: AC}]"
Dambulla,Akurana,415.0,"[:Fare {fare: 415.0, route_id: route_db78ea66_291_1767932356, route_type: Normal Route, fare_type: AC}]"
Dambulla,Akurana,425.0,"[:Fare {fare: 425.0, route_id: route_db78ea66_251_1767932356, route_type: Normal Route, fare_type: AC}]"
Dambulla,Ibbagamuwa,315.0,"[:Fare {fare: 315.0, route_id: route_db78ea66_417_1767932356, route_type: Normal Route, fare_type: AC}]"
Dambulla,Malsiripura,245.0,"[:Fare {fare: 245.0, route_id: route_db78ea66_418_1767932356, route_type: Normal Route, fare_type: AC}]"
Dambulla,Galewela,165.0,"[:Fare {fare: 165.0, route_id: route_db78ea66_419_1767932356, route_type: Normal Route, fare_type: AC}]"
Dambulla,Galewela,165.0,"[:Fare {fare: 165.0, route_id: route_db78ea66_221_1767932356, route_type: Normal Route, fare_type: AC}]"
Dambulla,Narahenpita,930.0,"[:Fare {fare: 930.0, route_id: route_db78ea66_415_1767932356, route_type: Normal Route, fare_type: AC}]"
Dambulla,Moratuwa,1010.0,"[:Fare {fare: 1010.0, route_id: route_db78ea66_414_1767932356, route_type: Normal Route, fare_type: AC}]"
Dambulla,Nugegoda,1240.0,"[:Fare {fare: 1240.0, route_id: route_db78ea66_251_1767932356, route_type: Normal Route, fare_type: AC}]"
Dambulla,Mahiyanganaya,660.0,"[:Fare {fare: 660.0, route_id: route_db78ea66_485_1767932356, route_type: Normal Route, fare_type: AC}]"
Dambulla,Madawalaulpatha,245.0,"[:Fare {fare: 245.0, route_id: route_db78ea66_293_1767932356, route_type: Normal Route, fare_type: AC}]"
Dambulla,Aguruwalla,735.0,"[:Fare {fare: 735.0, route_id: route_db78ea66_480_1767932356, route_type: Normal Route, fare_type: AC}]"
Dambulla,Aguruwalla,855.0,"[:Fare {fare: 855.0, route_id: route_db78ea66_255_1767932356, route_type: Normal Route, fare_type: AC}]"
Dambulla,Badulla,1075.0,"[:Fare {fare: 1075.0, route_id: route_db78ea66_480_1767932356, route_type: Normal Route, fare_type: AC}]"
Dambulla,Meegahakiwla,910.0,"[:Fare {fare: 910.0, route_id: route_db78ea66_482_1767932356, route_type: Normal Route, fare_type: AC}]"
Dambulla,Makumbura,1180.0,"[:Fare {fare: 1180.0, route_id: route_db78ea66_252_1767932356, route_type: Normal Route, fare_type: AC}]"
Dambulla,Kaluaggala,1060.0,"[:Fare {fare: 1060.0, route_id: route_db78ea66_253_1767932356, route_type: Normal Route, fare_type: AC}]"
Dambulla,Thaldena,985.0,"[:Fare {fare: 985.0, route_id: route_db78ea66_481_1767932356, route_type: Normal Route, fare_type: AC}]"
Dambulla,Buddankotte,830.0,"[:Fare {fare: 830.0, route_id: route_db78ea66_483_1767932356, route_type: Normal Route, fare_type: AC}]"
Dambulla,17 junction,725.0,"[:Fare {fare: 725.0, route_id: route_db78ea66_484_1767932356, route_type: Normal Route, fare_type: AC}]"
Dambulla,Hebarawa,525.0,"[:Fare {fare: 525.0, route_id: route_db78ea66_486_1767932356, route_type: Normal Route, fare_type: AC}]"
Dambulla,Hettipola,480.0,"[:Fare {fare: 480.0, route_id: route_db78ea66_487_1767932356, route_type: Normal Route, fare_type: AC}]"
Dambulla,Laggala,390.0,"[:Fare {fare: 390.0, route_id: route_db78ea66_488_1767932356, route_type: Normal Route, fare_type: AC}]"
Dambulla,Bakamuna,225.0,"[:Fare {fare: 225.0, route_id: route_db78ea66_489_1767932356, route_type: Normal Route, fare_type: AC}]"
Dambulla,Padukka,1160.0,"[:Fare {fare: 1160.0, route_id: route_db78ea66_244_1767932356, route_type: Normal Route, fare_type: AC}]"
Dambulla,Pugoda,1050.0,"[:Fare {fare: 1050.0, route_id: route_db78ea66_245_1767932356, route_type: Normal Route, fare_type: AC}]"
Dambulla,Aththanagalla,965.0,"[:Fare {fare: 965.0, route_id: route_db78ea66_246_1767932356, route_type: Normal Route, fare_type: AC}]"
Dambulla,Gokaralla,270.0,"[:Fare {fare: 270.0, route_id: route_db78ea66_460_1767932356, route_type: Normal Route, fare_type: AC}]"
Dambulla,Omaragolla,200.0,"[:Fare {fare: 200.0, route_id: route_db78ea66_462_1767932356, route_type: Normal Route, fare_type: AC}]"
Dambulla,Pahalawewa,100.0,"[:Fare {fare: 100.0, route_id: route_db78ea66_464_1767932356, route_type: Normal Route, fare_type: AC}]"
Dambulla,Horana,1260.0,"[:Fare {fare: 1260.0, route_id: route_db78ea66_243_1767932356, route_type: Normal Route, fare_type: AC}]"
Kakirawa,Brukside Junction,1120.0,"[:Fare {fare: 1120.0, route_id: route_db78ea66_144_1767932356, route_type: Normal Route, fare_type: AC}]"
Kakirawa,Walapane,1010.0,"[:Fare {fare: 1010.0, route_id: route_db78ea66_145_1767932356, route_type: Normal Route, fare_type: AC}]"
Kakirawa,Padiyapalalla,875.0,"[:Fare {fare: 875.0, route_id: route_db78ea66_146_1767932356, route_type: Normal Route, fare_type: AC}]"
Kakirawa,Haguranketha,790.0,"[:Fare {fare: 790.0, route_id: route_db78ea66_147_1767932356, route_type: Normal Route, fare_type: AC}]"
Kakirawa,Matale,445.0,"[:Fare {fare: 445.0, route_id: route_db78ea66_149_1767932356, route_type: Normal Route, fare_type: AC}]"
Kakirawa,Nawula,300.0,"[:Fare {fare: 300.0, route_id: route_db78ea66_150_1767932356, route_type: Normal Route, fare_type: AC}]"
Kakirawa,Dambulla,200.0,"[:Fare {fare: 200.0, route_id: route_db78ea66_151_1767932356, route_type: Normal Route, fare_type: AC}]"
Kakirawa,Dambulla,200.0,"[:Fare {fare: 200.0, route_id: route_db78ea66_430_1767932356, route_type: Normal Route, fare_type: AC}]"
Kakirawa,Nuwaraeliya,1225.0,"[:Fare {fare: 1225.0, route_id: route_db78ea66_143_1767932356, route_type: Normal Route, fare_type: AC}]"
Kakirawa,Awissawella,975.0,"[:Fare {fare: 975.0, route_id: route_db78ea66_490_1767932356, route_type: Normal Route, fare_type: AC}]"
Kakirawa,Ahaliyagoda,1050.0,"[:Fare {fare: 1050.0, route_id: route_db78ea66_489_1767932356, route_type: Normal Route, fare_type: AC}]"
Kakirawa,Ratnapura,1225.0,"[:Fare {fare: 1225.0, route_id: route_db78ea66_488_1767932356, route_type: Normal Route, fare_type: AC}]"
Kakirawa,Palmadulla,1340.0,"[:Fare {fare: 1340.0, route_id: route_db78ea66_487_1767932356, route_type: Normal Route, fare_type: AC}]"
Kakirawa,Godakawela,1470.0,"[:Fare {fare: 1470.0, route_id: route_db78ea66_486_1767932356, route_type: Normal Route, fare_type: AC}]"
Kakirawa,Ambilipitiya,1655.0,"[:Fare {fare: 1655.0, route_id: route_db78ea66_485_1767932356, route_type: Normal Route, fare_type: AC}]"
Kakirawa,Galigamuwa,725.0,"[:Fare {fare: 725.0, route_id: route_db78ea66_492_1767932356, route_type: Normal Route, fare_type: AC}]"
Kakirawa,Nittabuwa,820.0,"[:Fare {fare: 820.0, route_id: route_db78ea66_14_1767932356, route_type: Normal Route, fare_type: AC}]"
Kakirawa,Nittabuwa,820.0,"[:Fare {fare: 820.0, route_id: route_db78ea66_423_1767932356, route_type: Normal Route, fare_type: AC}]"
Kakirawa,Kiribathgoda,975.0,"[:Fare {fare: 975.0, route_id: route_db78ea66_12_1767932356, route_type: Normal Route, fare_type: AC}]"
Kakirawa,Kiribathgoda,975.0,"[:Fare {fare: 975.0, route_id: route_db78ea66_421_1767932356, route_type: Normal Route, fare_type: AC}]"
Kakirawa,Yakkala,875.0,"[:Fare {fare: 875.0, route_id: route_db78ea66_13_1767932356, route_type: Normal Route, fare_type: AC}]"
Kakirawa,Yakkala,875.0,"[:Fare {fare: 875.0, route_id: route_db78ea66_422_1767932356, route_type: Normal Route, fare_type: AC}]"
Kakirawa,Yakkala,875.0,"[:Fare {fare: 875.0, route_id: route_db78ea66_104_1767932356, route_type: Normal Route, fare_type: AC}]"
Kakirawa,Warakapola,735.0,"[:Fare {fare: 735.0, route_id: route_db78ea66_15_1767932356, route_type: Normal Route, fare_type: AC}]"
Kakirawa,Warakapola,735.0,"[:Fare {fare: 735.0, route_id: route_db78ea66_424_1767932356, route_type: Normal Route, fare_type: AC}]"
Kakirawa,Polgahawela,635.0,"[:Fare {fare: 635.0, route_id: route_db78ea66_16_1767932356, route_type: Normal Route, fare_type: AC}]"
Kakirawa,Polgahawela,635.0,"[:Fare {fare: 635.0, route_id: route_db78ea66_425_1767932356, route_type: Normal Route, fare_type: AC}]"
Kakirawa,Akurana,535.0,"[:Fare {fare: 535.0, route_id: route_db78ea66_296_1767932356, route_type: Normal Route, fare_type: AC}]"
Kakirawa,Ibbagamuwa,435.0,"[:Fare {fare: 435.0, route_id: route_db78ea66_18_1767932356, route_type: Normal Route, fare_type: AC}]"
Kakirawa,Ibbagamuwa,435.0,"[:Fare {fare: 435.0, route_id: route_db78ea66_427_1767932356, route_type: Normal Route, fare_type: AC}]"
Kakirawa,Malsiripura,365.0,"[:Fare {fare: 365.0, route_id: route_db78ea66_19_1767932356, route_type: Normal Route, fare_type: AC}]"
Kakirawa,Malsiripura,365.0,"[:Fare {fare: 365.0, route_id: route_db78ea66_428_1767932356, route_type: Normal Route, fare_type: AC}]"
Kakirawa,Galewela,290.0,"[:Fare {fare: 290.0, route_id: route_db78ea66_20_1767932356, route_type: Normal Route, fare_type: AC}]"
Kakirawa,Galewela,290.0,"[:Fare {fare: 290.0, route_id: route_db78ea66_231_1767932356, route_type: Normal Route, fare_type: AC}]"
Kakirawa,Galewela,290.0,"[:Fare {fare: 290.0, route_id: route_db78ea66_429_1767932356, route_type: Normal Route, fare_type: AC}]"
Kakirawa,Narahenpita,1050.0,"[:Fare {fare: 1050.0, route_id: route_db78ea66_424_1767932356, route_type: Normal Route, fare_type: AC}]"
Kakirawa,Moratuwa,1130.0,"[:Fare {fare: 1130.0, route_id: route_db78ea66_423_1767932356, route_type: Normal Route, fare_type: AC}]"
Kakirawa,Madawalaulpatha,365.0,"[:Fare {fare: 365.0, route_id: route_db78ea66_298_1767932356, route_type: Normal Route, fare_type: AC}]"
Kakirawa,Aguruwalla,855.0,"[:Fare {fare: 855.0, route_id: route_db78ea66_491_1767932356, route_type: Normal Route, fare_type: AC}]"
Mihintale,Brukside Junction,1340.0,"[:Fare {fare: 1340.0, route_id: route_db78ea66_153_1767932356, route_type: Normal Route, fare_type: AC}]"
Mihintale,Walapane,1225.0,"[:Fare {fare: 1225.0, route_id: route_db78ea66_154_1767932356, route_type: Normal Route, fare_type: AC}]"
Mihintale,Padiyapalalla,1100.0,"[:Fare {fare: 1100.0, route_id: route_db78ea66_155_1767932356, route_type: Normal Route, fare_type: AC}]"
Mihintale,Haguranketha,1010.0,"[:Fare {fare: 1010.0, route_id: route_db78ea66_156_1767932356, route_type: Normal Route, fare_type: AC}]"
Mihintale,Matale,670.0,"[:Fare {fare: 670.0, route_id: route_db78ea66_158_1767932356, route_type: Normal Route, fare_type: AC}]"
Mihintale,Matale,670.0,"[:Fare {fare: 670.0, route_id: route_db78ea66_412_1767932356, route_type: Normal Route, fare_type: AC}]"
Mihintale,Nawula,525.0,"[:Fare {fare: 525.0, route_id: route_db78ea66_159_1767932356, route_type: Normal Route, fare_type: AC}]"
Mihintale,Nawula,525.0,"[:Fare {fare: 525.0, route_id: route_db78ea66_414_1767932356, route_type: Normal Route, fare_type: AC}]"
Mihintale,Dambulla,425.0,"[:Fare {fare: 425.0, route_id: route_db78ea66_160_1767932356, route_type: Normal Route, fare_type: AC}]"
Mihintale,Dambulla,425.0,"[:Fare {fare: 425.0, route_id: route_db78ea66_415_1767932356, route_type: Normal Route, fare_type: AC}]"
Mihintale,Kakirawa,300.0,"[:Fare {fare: 300.0, route_id: route_db78ea66_161_1767932356, route_type: Normal Route, fare_type: AC}]"
Mihintale,Kakirawa,300.0,"[:Fare {fare: 300.0, route_id: route_db78ea66_416_1767932356, route_type: Normal Route, fare_type: AC}]"
Mihintale,Nuwaraeliya,1450.0,"[:Fare {fare: 1450.0, route_id: route_db78ea66_152_1767932356, route_type: Normal Route, fare_type: AC}]"
Mihintale,Kaduwela,660.0,"[:Fare {fare: 660.0, route_id: route_db78ea66_66_1767932356, route_type: Normal Route, fare_type: AC}]"
Mihintale,Awissawella,1195.0,"[:Fare {fare: 1195.0, route_id: route_db78ea66_2_1767932356, route_type: Normal Route, fare_type: AC}]"
Mihintale,Ahaliyagoda,1270.0,"[:Fare {fare: 1270.0, route_id: route_db78ea66_1_1767932356, route_type: Normal Route, fare_type: AC}]"
Mihintale,Ratnapura,1450.0,"[:Fare {fare: 1450.0, route_id: route_db78ea66_0_1767932356, route_type: Normal Route, fare_type: AC}]"
Mihintale,Palmadulla,1560.0,"[:Fare {fare: 1560.0, route_id: route_db78ea66_499_1767932356, route_type: Normal Route, fare_type: AC}]"
Mihintale,Godakawela,1690.0,"[:Fare {fare: 1690.0, route_id: route_db78ea66_498_1767932356, route_type: Normal Route, fare_type: AC}]"
Mihintale,Ambilipitiya,1875.0,"[:Fare {fare: 1875.0, route_id: route_db78ea66_497_1767932356, route_type: Normal Route, fare_type: AC}]"
Mihintale,Galigamuwa,940.0,"[:Fare {fare: 940.0, route_id: route_db78ea66_4_1767932356, route_type: Normal Route, fare_type: AC}]"
Mihintale,Nittabuwa,1040.0,"[:Fare {fare: 1040.0, route_id: route_db78ea66_128_1767932356, route_type: Normal Route, fare_type: AC}]"
Mihintale,Maradankadawala,245.0,"[:Fare {fare: 245.0, route_id: route_db78ea66_12_1767932356, route_type: Normal Route, fare_type: AC}]"
Mihintale,Habarana,390.0,"[:Fare {fare: 390.0, route_id: route_db78ea66_68_1767932356, route_type: Normal Route, fare_type: AC}]"
Mihintale,Minneriya,535.0,"[:Fare {fare: 535.0, route_id: route_db78ea66_67_1767932356, route_type: Normal Route, fare_type: AC}]"
Mihintale,Welikanda,790.0,"[:Fare {fare: 790.0, route_id: route_db78ea66_65_1767932356, route_type: Normal Route, fare_type: AC}]"
Mihintale,Walachchena,985.0,"[:Fare {fare: 985.0, route_id: route_db78ea66_64_1767932356, route_type: Normal Route, fare_type: AC}]"
Mihintale,Eravur,1085.0,"[:Fare {fare: 1085.0, route_id: route_db78ea66_63_1767932356, route_type: Normal Route, fare_type: AC}]"
Mihintale,Kaththankudi,1205.0,"[:Fare {fare: 1205.0, route_id: route_db78ea66_61_1767932356, route_type: Normal Route, fare_type: AC}]"
Mihintale,Kalawanchikudi,1315.0,"[:Fare {fare: 1315.0, route_id: route_db78ea66_60_1767932356, route_type: Normal Route, fare_type: AC}]"
Mihintale,Kalmunai,1380.0,"[:Fare {fare: 1380.0, route_id: route_db78ea66_59_1767932356, route_type: Normal Route, fare_type: AC}]"
Mihintale,Akkareipaththu,1500.0,"[:Fare {fare: 1500.0, route_id: route_db78ea66_56_1767932356, route_type: Normal Route, fare_type: AC}]"
Mihintale,Kiribathgoda,1195.0,"[:Fare {fare: 1195.0, route_id: route_db78ea66_126_1767932356, route_type: Normal Route, fare_type: AC}]"
Mihintale,Yakkala,1100.0,"[:Fare {fare: 1100.0, route_id: route_db78ea66_127_1767932356, route_type: Normal Route, fare_type: AC}]"
Mihintale,Warakapola,950.0,"[:Fare {fare: 950.0, route_id: route_db78ea66_129_1767932356, route_type: Normal Route, fare_type: AC}]"
Mihintale,Polgahawela,855.0,"[:Fare {fare: 855.0, route_id: route_db78ea66_130_1767932356, route_type: Normal Route, fare_type: AC}]"
Mihintale,Akurana,755.0,"[:Fare {fare: 755.0, route_id: route_db78ea66_411_1767932356, route_type: Normal Route, fare_type: AC}]"
Mihintale,Ibbagamuwa,660.0,"[:Fare {fare: 660.0, route_id: route_db78ea66_132_1767932356, route_type: Normal Route, fare_type: AC}]"
Mihintale,Malsiripura,590.0,"[:Fare {fare: 590.0, route_id: route_db78ea66_133_1767932356, route_type: Normal Route, fare_type: AC}]"
Mihintale,Galewela,510.0,"[:Fare {fare: 510.0, route_id: route_db78ea66_134_1767932356, route_type: Normal Route, fare_type: AC}]"
Mihintale,Galkulama,120.0,"[:Fare {fare: 120.0, route_id: route_db78ea66_137_1767932356, route_type: Normal Route, fare_type: AC}]"
Mihintale,Narahenpita,1270.0,"[:Fare {fare: 1270.0, route_id: route_db78ea66_434_1767932356, route_type: Normal Route, fare_type: AC}]"
Mihintale,Moratuwa,1350.0,"[:Fare {fare: 1350.0, route_id: route_db78ea66_433_1767932356, route_type: Normal Route, fare_type: AC}]"
Mihintale,Mahiyanganaya,995.0,"[:Fare {fare: 995.0, route_id: route_db78ea66_6_1767932356, route_type: Normal Route, fare_type: AC}]"
Mihintale,Nindawur,1415.0,"[:Fare {fare: 1415.0, route_id: route_db78ea66_58_1767932356, route_type: Normal Route, fare_type: AC}]"
Mihintale,Madawalaulpatha,590.0,"[:Fare {fare: 590.0, route_id: route_db78ea66_413_1767932356, route_type: Normal Route, fare_type: AC}]"
Mihintale,Thirappane,180.0,"[:Fare {fare: 180.0, route_id: route_db78ea66_417_1767932356, route_type: Normal Route, fare_type: AC}]"
Mihintale,Batticaloa,1160.0,"[:Fare {fare: 1160.0, route_id: route_db78ea66_62_1767932356, route_type: Normal Route, fare_type: AC}]"
Mihintale,Oluwil,1450.0,"[:Fare {fare: 1450.0, route_id: route_db78ea66_57_1767932356, route_type: Normal Route, fare_type: AC}]"
Mihintale,Aguruwalla,1075.0,"[:Fare {fare: 1075.0, route_id: route_db78ea66_3_1767932356, route_type: Normal Route, fare_type: AC}]"
Mihintale,Badulla,1415.0,"[:Fare {fare: 1415.0, route_id: route_db78ea66_1_1767932356, route_type: Normal Route, fare_type: AC}]"
Mihintale,Meegahakiwla,1250.0,"[:Fare {fare: 1250.0, route_id: route_db78ea66_3_1767932356, route_type: Normal Route, fare_type: AC}]"
Mihintale,Thaldena,1330.0,"[:Fare {fare: 1330.0, route_id: route_db78ea66_2_1767932356, route_type: Normal Route, fare_type: AC}]"
Mihintale,Buddankotte,1175.0,"[:Fare {fare: 1175.0, route_id: route_db78ea66_4_1767932356, route_type: Normal Route, fare_type: AC}]"
Mihintale,17 junction,1060.0,"[:Fare {fare: 1060.0, route_id: route_db78ea66_5_1767932356, route_type: Normal Route, fare_type: AC}]"
Mihintale,Hebarawa,865.0,"[:Fare {fare: 865.0, route_id: route_db78ea66_7_1767932356, route_type: Normal Route, fare_type: AC}]"
Mihintale,Hettipola,820.0,"[:Fare {fare: 820.0, route_id: route_db78ea66_8_1767932356, route_type: Normal Route, fare_type: AC}]"
Mihintale,Laggala,735.0,"[:Fare {fare: 735.0, route_id: route_db78ea66_9_1767932356, route_type: Normal Route, fare_type: AC}]"
Mihintale,Bakamuna,570.0,"[:Fare {fare: 570.0, route_id: route_db78ea66_10_1767932356, route_type: Normal Route, fare_type: AC}]"
Palei,Medawachchiya,820.0,"[:Fare {fare: 820.0, route_id: route_db78ea66_238_1767932356, route_type: Normal Route, fare_type: AC}]"
Palei,Vavuniya,690.0,"[:Fare {fare: 690.0, route_id: route_db78ea66_239_1767932356, route_type: Normal Route, fare_type: AC}]"
Palei,Omanthe,600.0,"[:Fare {fare: 600.0, route_id: route_db78ea66_240_1767932356, route_type: Normal Route, fare_type: AC}]"
Palei,Mankulam,425.0,"[:Fare {fare: 425.0, route_id: route_db78ea66_241_1767932356, route_type: Normal Route, fare_type: AC}]"
Palei,Kilinochchi,255.0,"[:Fare {fare: 255.0, route_id: route_db78ea66_242_1767932356, route_type: Normal Route, fare_type: AC}]"
Palei,Brukside Junction,2195.0,"[:Fare {fare: 2195.0, route_id: route_db78ea66_228_1767932356, route_type: Normal Route, fare_type: AC}]"
Palei,Walapane,2090.0,"[:Fare {fare: 2090.0, route_id: route_db78ea66_229_1767932356, route_type: Normal Route, fare_type: AC}]"
Palei,Padiyapalalla,1955.0,"[:Fare {fare: 1955.0, route_id: route_db78ea66_230_1767932356, route_type: Normal Route, fare_type: AC}]"
Palei,Haguranketha,1865.0,"[:Fare {fare: 1865.0, route_id: route_db78ea66_231_1767932356, route_type: Normal Route, fare_type: AC}]"
Palei,Matale,1525.0,"[:Fare {fare: 1525.0, route_id: route_db78ea66_233_1767932356, route_type: Normal Route, fare_type: AC}]"
Palei,Nawula,1380.0,"[:Fare {fare: 1380.0, route_id: route_db78ea66_234_1767932356, route_type: Normal Route, fare_type: AC}]"
Palei,Dambulla,1285.0,"[:Fare {fare: 1285.0, route_id: route_db78ea66_235_1767932356, route_type: Normal Route, fare_type: AC}]"
Palei,Kakirawa,1160.0,"[:Fare {fare: 1160.0, route_id: route_db78ea66_236_1767932356, route_type: Normal Route, fare_type: AC}]"
Palei,Mihintale,940.0,"[:Fare {fare: 940.0, route_id: route_db78ea66_237_1767932356, route_type: Normal Route, fare_type: AC}]"
Palei,Mihintale,940.0,"[:Fare {fare: 940.0, route_id: route_db78ea66_481_1767932356, route_type: Normal Route, fare_type: AC}]"
Palei,Nuwaraeliya,2305.0,"[:Fare {fare: 2305.0, route_id: route_db78ea66_227_1767932356, route_type: Normal Route, fare_type: AC}]"
Palei,Akurana,1610.0,"[:Fare {fare: 1610.0, route_id: route_db78ea66_474_1767932356, route_type: Normal Route, fare_type: AC}]"
Palei,Madawalaulpatha,1450.0,"[:Fare {fare: 1450.0, route_id: route_db78ea66_476_1767932356, route_type: Normal Route, fare_type: AC}]"
Palei,Thirappane,1040.0,"[:Fare {fare: 1040.0, route_id: route_db78ea66_480_1767932356, route_type: Normal Route, fare_type: AC}]"
Chawakachcheri,Medawachchiya,940.0,"[:Fare {fare: 940.0, route_id: route_db78ea66_254_1767932356, route_type: Normal Route, fare_type: AC}]"
Chawakachcheri,Vavuniya,810.0,"[:Fare {fare: 810.0, route_id: route_db78ea66_255_1767932356, route_type: Normal Route, fare_type: AC}]"
Chawakachcheri,Omanthe,725.0,"[:Fare {fare: 725.0, route_id: route_db78ea66_256_1767932356, route_type: Normal Route, fare_type: AC}]"
Chawakachcheri,Mankulam,550.0,"[:Fare {fare: 550.0, route_id: route_db78ea66_257_1767932356, route_type: Normal Route, fare_type: AC}]"
Chawakachcheri,Kilinochchi,380.0,"[:Fare {fare: 380.0, route_id: route_db78ea66_258_1767932356, route_type: Normal Route, fare_type: AC}]"
Chawakachcheri,Brukside Junction,2320.0,"[:Fare {fare: 2320.0, route_id: route_db78ea66_244_1767932356, route_type: Normal Route, fare_type: AC}]"
Chawakachcheri,Walapane,2210.0,"[:Fare {fare: 2210.0, route_id: route_db78ea66_245_1767932356, route_type: Normal Route, fare_type: AC}]"
Chawakachcheri,Padiyapalalla,2075.0,"[:Fare {fare: 2075.0, route_id: route_db78ea66_246_1767932356, route_type: Normal Route, fare_type: AC}]"
Chawakachcheri,Haguranketha,1985.0,"[:Fare {fare: 1985.0, route_id: route_db78ea66_247_1767932356, route_type: Normal Route, fare_type: AC}]"
Chawakachcheri,Matale,1645.0,"[:Fare {fare: 1645.0, route_id: route_db78ea66_249_1767932356, route_type: Normal Route, fare_type: AC}]"
Chawakachcheri,Nawula,1500.0,"[:Fare {fare: 1500.0, route_id: route_db78ea66_250_1767932356, route_type: Normal Route, fare_type: AC}]"
Chawakachcheri,Dambulla,1405.0,"[:Fare {fare: 1405.0, route_id: route_db78ea66_251_1767932356, route_type: Normal Route, fare_type: AC}]"
Chawakachcheri,Kakirawa,1285.0,"[:Fare {fare: 1285.0, route_id: route_db78ea66_252_1767932356, route_type: Normal Route, fare_type: AC}]"
Chawakachcheri,Mihintale,1060.0,"[:Fare {fare: 1060.0, route_id: route_db78ea66_253_1767932356, route_type: Normal Route, fare_type: AC}]"
Chawakachcheri,Mihintale,1060.0,"[:Fare {fare: 1060.0, route_id: route_db78ea66_495_1767932356, route_type: Normal Route, fare_type: AC}]"
Chawakachcheri,Palei,200.0,"[:Fare {fare: 200.0, route_id: route_db78ea66_259_1767932356, route_type: Normal Route, fare_type: AC}]"
Chawakachcheri,Nuwaraeliya,2425.0,"[:Fare {fare: 2425.0, route_id: route_db78ea66_243_1767932356, route_type: Normal Route, fare_type: AC}]"
Chawakachcheri,Akurana,1730.0,"[:Fare {fare: 1730.0, route_id: route_db78ea66_488_1767932356, route_type: Normal Route, fare_type: AC}]"
Chawakachcheri,Madawalaulpatha,1570.0,"[:Fare {fare: 1570.0, route_id: route_db78ea66_490_1767932356, route_type: Normal Route, fare_type: AC}]"
Chawakachcheri,Thirappane,1160.0,"[:Fare {fare: 1160.0, route_id: route_db78ea66_494_1767932356, route_type: Normal Route, fare_type: AC}]"
Thoppuwa Junction,Negambo,120.0,"[:Fare {fare: 120.0, route_id: route_db78ea66_278_1767932356, route_type: Normal Route, fare_type: AC}]"
Marawila,Vennappuwa,100.0,"[:Fare {fare: 100.0, route_id: route_db78ea66_233_1767932356, route_type: Normal Route, fare_type: AC}]"
Marawila,Vennappuwa,100.0,"[:Fare {fare: 100.0, route_id: route_cb15d6ac_100_1767932250, route_type: Katunayake Expressway, fare_type: AC}]"
Marawila,Panadura,550.0,"[:Fare {fare: 550.0, route_id: route_db78ea66_328_1767932356, route_type: Normal Route, fare_type: AC}]"
Marawila,Thoppuwa Junction,165.0,"[:Fare {fare: 165.0, route_id: route_db78ea66_280_1767932356, route_type: Normal Route, fare_type: AC}]"
Marawila,Ja Ela,315.0,"[:Fare {fare: 315.0, route_id: route_db78ea66_336_1767932356, route_type: Normal Route, fare_type: AC}]"
Marawila,Ja Ela,315.0,"[:Fare {fare: 315.0, route_id: route_db78ea66_231_1767932356, route_type: Normal Route, fare_type: AC}]"
Marawila,Wattala,365.0,"[:Fare {fare: 365.0, route_id: route_db78ea66_290_1767932356, route_type: Normal Route, fare_type: AC}]"
Marawila,Negambo,225.0,"[:Fare {fare: 225.0, route_id: route_db78ea66_279_1767932356, route_type: Normal Route, fare_type: AC}]"
Marawila,Katunayake,255.0,"[:Fare {fare: 255.0, route_id: route_cb15d6ac_98_1767932250, route_type: Katunayake Expressway, fare_type: AC}]"
Marawila,Thelwatta,225.0,"[:Fare {fare: 225.0, route_id: route_db78ea66_232_1767932356, route_type: Normal Route, fare_type: AC}]"
Marawila,Thelwatta,225.0,"[:Fare {fare: 225.0, route_id: route_cb15d6ac_99_1767932250, route_type: Katunayake Expressway, fare_type: AC}]"
Marawila,Narahenpita,425.0,"[:Fare {fare: 425.0, route_id: route_db78ea66_330_1767932356, route_type: Normal Route, fare_type: AC}]"
Marawila,Moratuwa,510.0,"[:Fare {fare: 510.0, route_id: route_db78ea66_224_1767932356, route_type: Normal Route, fare_type: AC}]"
Marawila,Dehiwala,460.0,"[:Fare {fare: 460.0, route_id: route_db78ea66_329_1767932356, route_type: Normal Route, fare_type: AC}]"
Marawila,18 Kanuwa,255.0,"[:Fare {fare: 255.0, route_id: route_db78ea66_331_1767932356, route_type: Normal Route, fare_type: AC}]"
Chilaw,Mundalama,225.0,"[:Fare {fare: 225.0, route_id: route_cb15d6ac_9_1767932250, route_type: Katunayake Expressway, fare_type: AC}]"
Chilaw,Nochchiyagama,635.0,"[:Fare {fare: 635.0, route_id: route_cb15d6ac_18_1767932250, route_type: Katunayake Expressway, fare_type: AC}]"
Chilaw,Anuradhapura,765.0,"[:Fare {fare: 765.0, route_id: route_cb15d6ac_24_1767932250, route_type: Katunayake Expressway, fare_type: AC}]"
Chilaw,Medawachchiya,920.0,"[:Fare {fare: 920.0, route_id: route_cb15d6ac_31_1767932250, route_type: Katunayake Expressway, fare_type: AC}]"
Chilaw,Parayanaran kulam,1150.0,"[:Fare {fare: 1150.0, route_id: route_cb15d6ac_48_1767932250, route_type: Katunayake Expressway, fare_type: AC}]"
Chilaw,Murunkan,1240.0,"[:Fare {fare: 1240.0, route_id: route_cb15d6ac_58_1767932250, route_type: Katunayake Expressway, fare_type: AC}]"
Chilaw,Uilankulam,1295.0,"[:Fare {fare: 1295.0, route_id: route_cb15d6ac_69_1767932250, route_type: Katunayake Expressway, fare_type: AC}]"
Chilaw,Mannar,1380.0,"[:Fare {fare: 1380.0, route_id: route_cb15d6ac_81_1767932250, route_type: Katunayake Expressway, fare_type: AC}]"
Chilaw,Vennappuwa,210.0,"[:Fare {fare: 210.0, route_id: route_db78ea66_237_1767932356, route_type: Normal Route, fare_type: AC}]"
Chilaw,Vennappuwa,210.0,"[:Fare {fare: 210.0, route_id: route_cb15d6ac_104_1767932250, route_type: Katunayake Expressway, fare_type: AC}]"
Chilaw,Madurankuliya,290.0,"[:Fare {fare: 290.0, route_id: route_cb15d6ac_117_1767932250, route_type: Katunayake Expressway, fare_type: AC}]"
Chilaw,Pallama,190.0,"[:Fare {fare: 190.0, route_id: route_cb15d6ac_202_1767932250, route_type: Katunayake Expressway, fare_type: AC}]"
Chilaw,Adigama,255.0,"[:Fare {fare: 255.0, route_id: route_cb15d6ac_208_1767932250, route_type: Katunayake Expressway, fare_type: AC}]"
Chilaw,Anamaduwa,335.0,"[:Fare {fare: 335.0, route_id: route_cb15d6ac_215_1767932250, route_type: Katunayake Expressway, fare_type: AC}]"
Chilaw,Kalaoya,550.0,"[:Fare {fare: 550.0, route_id: route_cb15d6ac_251_1767932250, route_type: Katunayake Expressway, fare_type: AC}]"
Chilaw,Vavuniya,1050.0,"[:Fare {fare: 1050.0, route_id: route_cb15d6ac_281_1767932250, route_type: Katunayake Expressway, fare_type: AC}]"
Chilaw,Omanthe,1130.0,"[:Fare {fare: 1130.0, route_id: route_cb15d6ac_291_1767932250, route_type: Katunayake Expressway, fare_type: AC}]"
Chilaw,Mankulam,1330.0,"[:Fare {fare: 1330.0, route_id: route_cb15d6ac_302_1767932250, route_type: Katunayake Expressway, fare_type: AC}]"
Chilaw,Kilinochchi,1490.0,"[:Fare {fare: 1490.0, route_id: route_cb15d6ac_314_1767932250, route_type: Katunayake Expressway, fare_type: AC}]"
Chilaw,Kodikamam,1730.0,"[:Fare {fare: 1730.0, route_id: route_cb15d6ac_327_1767932250, route_type: Katunayake Expressway, fare_type: AC}]"
Chilaw,Jaffna,1890.0,"[:Fare {fare: 1890.0, route_id: route_cb15d6ac_341_1767932250, route_type: Katunayake Expressway, fare_type: AC}]"
Chilaw,Panadura,635.0,"[:Fare {fare: 635.0, route_id: route_db78ea66_333_1767932356, route_type: Normal Route, fare_type: AC}]"
Chilaw,Thoppuwa Junction,255.0,"[:Fare {fare: 255.0, route_id: route_db78ea66_282_1767932356, route_type: Normal Route, fare_type: AC}]"
Chilaw,Marawila,165.0,"[:Fare {fare: 165.0, route_id: route_db78ea66_283_1767932356, route_type: Normal Route, fare_type: AC}]"
Chilaw,Marawila,165.0,"[:Fare {fare: 165.0, route_id: route_cb15d6ac_105_1767932250, route_type: Katunayake Expressway, fare_type: AC}]"
Chilaw,Ja Ela,400.0,"[:Fare {fare: 400.0, route_id: route_db78ea66_341_1767932356, route_type: Normal Route, fare_type: AC}]"
Chilaw,Ja Ela,400.0,"[:Fare {fare: 400.0, route_id: route_db78ea66_235_1767932356, route_type: Normal Route, fare_type: AC}]"
Chilaw,Wattala,460.0,"[:Fare {fare: 460.0, route_id: route_db78ea66_295_1767932356, route_type: Normal Route, fare_type: AC}]"
Chilaw,Negambo,315.0,"[:Fare {fare: 315.0, route_id: route_db78ea66_281_1767932356, route_type: Normal Route, fare_type: AC}]"
Chilaw,Katunayake,345.0,"[:Fare {fare: 345.0, route_id: route_cb15d6ac_4_1767932250, route_type: Katunayake Expressway, fare_type: AC}]"
Chilaw,Thelwatta,315.0,"[:Fare {fare: 315.0, route_id: route_db78ea66_57_1767932356, route_type: Normal Route, fare_type: AC}]"
Chilaw,Thelwatta,315.0,"[:Fare {fare: 315.0, route_id: route_cb15d6ac_5_1767932250, route_type: Katunayake Expressway, fare_type: AC}]"
Chilaw,Thanthirimale Junction,1030.0,"[:Fare {fare: 1030.0, route_id: route_cb15d6ac_39_1767932250, route_type: Katunayake Expressway, fare_type: AC}]"
Chilaw,Narahenpita,510.0,"[:Fare {fare: 510.0, route_id: route_db78ea66_335_1767932356, route_type: Normal Route, fare_type: AC}]"
Chilaw,Moratuwa,600.0,"[:Fare {fare: 600.0, route_id: route_db78ea66_228_1767932356, route_type: Normal Route, fare_type: AC}]"
Chilaw,Dehiwala,550.0,"[:Fare {fare: 550.0, route_id: route_db78ea66_334_1767932356, route_type: Normal Route, fare_type: AC}]"
Chilaw,18 Kanuwa,345.0,"[:Fare {fare: 345.0, route_id: route_db78ea66_336_1767932356, route_type: Normal Route, fare_type: AC}]"
Bujjampola Temple Junction,Thoppuwa Junction,120.0,"[:Fare {fare: 120.0, route_id: route_db78ea66_286_1767932356, route_type: Normal Route, fare_type: AC}]"
Bujjampola Temple Junction,Negambo,190.0,"[:Fare {fare: 190.0, route_id: route_db78ea66_285_1767932356, route_type: Normal Route, fare_type: AC}]"
Eliwila,Thoppuwa Junction,190.0,"[:Fare {fare: 190.0, route_id: route_db78ea66_288_1767932356, route_type: Normal Route, fare_type: AC}]"
Eliwila,Bujjampola Temple Junction,120.0,"[:Fare {fare: 120.0, route_id: route_db78ea66_289_1767932356, route_type: Normal Route, fare_type: AC}]"
Eliwila,Negambo,245.0,"[:Fare {fare: 245.0, route_id: route_db78ea66_287_1767932356, route_type: Normal Route, fare_type: AC}]"
Baragama Junction,Mount Lavinia,1040.0,"[:Fare {fare: 1040.0, route_id: route_db78ea66_369_1767932356, route_type: Normal Route, fare_type: AC}]"
Baragama Junction,Panadura,965.0,"[:Fare {fare: 965.0, route_id: route_db78ea66_370_1767932356, route_type: Normal Route, fare_type: AC}]"
Baragama Junction,Kalutara,875.0,"[:Fare {fare: 875.0, route_id: route_db78ea66_371_1767932356, route_type: Normal Route, fare_type: AC}]"
Baragama Junction,Aluthgama,780.0,"[:Fare {fare: 780.0, route_id: route_db78ea66_372_1767932356, route_type: Normal Route, fare_type: AC}]"
Baragama Junction,Balapitiya,680.0,"[:Fare {fare: 680.0, route_id: route_db78ea66_373_1767932356, route_type: Normal Route, fare_type: AC}]"
Baragama Junction,Ambalangoda,645.0,"[:Fare {fare: 645.0, route_id: route_db78ea66_374_1767932356, route_type: Normal Route, fare_type: AC}]"
Baragama Junction,Hikkaduwa,580.0,"[:Fare {fare: 580.0, route_id: route_db78ea66_375_1767932356, route_type: Normal Route, fare_type: AC}]"
Baragama Junction,Koggala,400.0,"[:Fare {fare: 400.0, route_id: route_db78ea66_377_1767932356, route_type: Normal Route, fare_type: AC}]"
Baragama Junction,Waligama,320.0,"[:Fare {fare: 320.0, route_id: route_db78ea66_378_1767932356, route_type: Normal Route, fare_type: AC}]"
Baragama Junction,Matara,240.0,"[:Fare {fare: 240.0, route_id: route_db78ea66_379_1767932356, route_type: Normal Route, fare_type: AC}]"
Baragama Junction,Kaburupitiya,120.0,"[:Fare {fare: 120.0, route_id: route_db78ea66_380_1767932356, route_type: Normal Route, fare_type: AC}]"
Marawala,Mount Lavinia,1105.0,"[:Fare {fare: 1105.0, route_id: route_db78ea66_382_1767932356, route_type: Normal Route, fare_type: AC}]"
Marawala,Panadura,1030.0,"[:Fare {fare: 1030.0, route_id: route_db78ea66_383_1767932356, route_type: Normal Route, fare_type: AC}]"
Marawala,Kalutara,940.0,"[:Fare {fare: 940.0, route_id: route_db78ea66_384_1767932356, route_type: Normal Route, fare_type: AC}]"
Marawala,Aluthgama,845.0,"[:Fare {fare: 845.0, route_id: route_db78ea66_385_1767932356, route_type: Normal Route, fare_type: AC}]"
Marawala,Balapitiya,745.0,"[:Fare {fare: 745.0, route_id: route_db78ea66_386_1767932356, route_type: Normal Route, fare_type: AC}]"
Marawala,Ambalangoda,715.0,"[:Fare {fare: 715.0, route_id: route_db78ea66_387_1767932356, route_type: Normal Route, fare_type: AC}]"
Marawala,Hikkaduwa,645.0,"[:Fare {fare: 645.0, route_id: route_db78ea66_388_1767932356, route_type: Normal Route, fare_type: AC}]"
Marawala,Koggala,470.0,"[:Fare {fare: 470.0, route_id: route_db78ea66_390_1767932356, route_type: Normal Route, fare_type: AC}]"
Marawala,Waligama,390.0,"[:Fare {fare: 390.0, route_id: route_db78ea66_391_1767932356, route_type: Normal Route, fare_type: AC}]"
Marawala,Matara,300.0,"[:Fare {fare: 300.0, route_id: route_db78ea66_392_1767932356, route_type: Normal Route, fare_type: AC}]"
Marawala,Kaburupitiya,200.0,"[:Fare {fare: 200.0, route_id: route_db78ea66_393_1767932356, route_type: Normal Route, fare_type: AC}]"
Marawala,Baragama Junction,140.0,"[:Fare {fare: 140.0, route_id: route_db78ea66_394_1767932356, route_type: Normal Route, fare_type: AC}]"
Ja Ela,Wattala,120.0,"[:Fare {fare: 120.0, route_id: route_db78ea66_326_1767932356, route_type: Normal Route, fare_type: AC}]"
Ja Ela,Wattala,120.0,"[:Fare {fare: 120.0, route_id: route_db78ea66_281_1767932356, route_type: Normal Route, fare_type: AC}]"
Ja Ela,Katunayake,140.0,"[:Fare {fare: 140.0, route_id: route_db78ea66_395_1767932356, route_type: Normal Route, fare_type: AC}]"
Wattala,Ja Ela,120.0,"[:Fare {fare: 120.0, route_id: route_db78ea66_397_1767932356, route_type: Normal Route, fare_type: AC}]"
Wattala,Katunayake,200.0,"[:Fare {fare: 200.0, route_id: route_db78ea66_396_1767932356, route_type: Normal Route, fare_type: AC}]"
Nuwaraeliya,Mawanalla,645.0,"[:Fare {fare: 645.0, route_id: route_db78ea66_211_1767932356, route_type: Normal Route, fare_type: AC}]"
Nuwaraeliya,Nittabuwa,940.0,"[:Fare {fare: 940.0, route_id: route_db78ea66_208_1767932356, route_type: Normal Route, fare_type: AC}]"
Nuwaraeliya,Kiribathgoda,1100.0,"[:Fare {fare: 1100.0, route_id: route_db78ea66_206_1767932356, route_type: Normal Route, fare_type: AC}]"
Nuwaraeliya,Yakkala,995.0,"[:Fare {fare: 995.0, route_id: route_db78ea66_207_1767932356, route_type: Normal Route, fare_type: AC}]"
Nuwaraeliya,Warakapola,855.0,"[:Fare {fare: 855.0, route_id: route_db78ea66_209_1767932356, route_type: Normal Route, fare_type: AC}]"
Nuwaraeliya,Kegalle,725.0,"[:Fare {fare: 725.0, route_id: route_db78ea66_210_1767932356, route_type: Normal Route, fare_type: AC}]"
Nuwaraeliya,Kegalle,725.0,"[:Fare {fare: 725.0, route_id: route_db78ea66_276_1767932356, route_type: Normal Route, fare_type: AC}]"
Nuwaraeliya,Peradeniya,535.0,"[:Fare {fare: 535.0, route_id: route_db78ea66_212_1767932356, route_type: Normal Route, fare_type: AC}]"
Nuwaraeliya,Gampola,460.0,"[:Fare {fare: 460.0, route_id: route_db78ea66_213_1767932356, route_type: Normal Route, fare_type: AC}]"
Nuwaraeliya,Pussallawa,335.0,"[:Fare {fare: 335.0, route_id: route_db78ea66_214_1767932356, route_type: Normal Route, fare_type: AC}]"
Nuwaraeliya,Labukale,160.0,"[:Fare {fare: 160.0, route_id: route_db78ea66_215_1767932356, route_type: Normal Route, fare_type: AC}]"
Kaduwela,Nochchiyagama,820.0,"[:Fare {fare: 820.0, route_id: route_db78ea66_37_1767932356, route_type: Normal Route, fare_type: AC}]"
Kaduwela,Anuradhapura,700.0,"[:Fare {fare: 700.0, route_id: route_db78ea66_38_1767932356, route_type: Normal Route, fare_type: AC}]"
Kaduwela,Mawanalla,1040.0,"[:Fare {fare: 1040.0, route_id: route_db78ea66_285_1767932356, route_type: Normal Route, fare_type: AC}]"
Kaduwela,Mount Lavinia,210.0,"[:Fare {fare: 210.0, route_id: route_db78ea66_233_1767932356, route_type: Normal Route, fare_type: AC}]"
Kaduwela,Panadura,290.0,"[:Fare {fare: 290.0, route_id: route_db78ea66_232_1767932356, route_type: Normal Route, fare_type: AC}]"
Kaduwela,Matara,1050.0,"[:Fare {fare: 1050.0, service_type: Super Luxury, route_type: Southern Expressway, created_at: 2026-01-09T11:02:16.018000000Z, source: Expressway Fare Ad - 2024-10-02, fare_type: AC}]"
Kaduwela,Matale,725.0,"[:Fare {fare: 725.0, route_id: route_db78ea66_288_1767932356, route_type: Normal Route, fare_type: AC}]"
Kaduwela,Nawula,580.0,"[:Fare {fare: 580.0, route_id: route_db78ea66_289_1767932356, route_type: Normal Route, fare_type: AC}]"
Kaduwela,Dambulla,480.0,"[:Fare {fare: 480.0, route_id: route_db78ea66_313_1767932356, route_type: Normal Route, fare_type: AC}]"
Kaduwela,Puttalam,1085.0,"[:Fare {fare: 1085.0, route_id: route_db78ea66_36_1767932356, route_type: Normal Route, fare_type: AC}]"
Kaduwela,Nittabuwa,1100.0,"[:Fare {fare: 1100.0, route_id: route_db78ea66_194_1767932356, route_type: Normal Route, fare_type: AC}]"
Kaduwela,Norochchole,1220.0,"[:Fare {fare: 1220.0, route_id: route_db78ea66_34_1767932356, route_type: Normal Route, fare_type: AC}]"
Kaduwela,Kalpitiya,1350.0,"[:Fare {fare: 1350.0, route_id: route_db78ea66_33_1767932356, route_type: Normal Route, fare_type: AC}]"
Kaduwela,Maradankadawala,490.0,"[:Fare {fare: 490.0, route_id: route_db78ea66_39_1767932356, route_type: Normal Route, fare_type: AC}]"
Kaduwela,Habarana,345.0,"[:Fare {fare: 345.0, route_id: route_db78ea66_40_1767932356, route_type: Normal Route, fare_type: AC}]"
Kaduwela,Minneriya,200.0,"[:Fare {fare: 200.0, route_id: route_db78ea66_203_1767932356, route_type: Normal Route, fare_type: AC}]"
Kaduwela,Welikanda,210.0,"[:Fare {fare: 210.0, route_id: route_db78ea66_32_1767932356, route_type: Normal Route, fare_type: AC}]"
Kaduwela,Walachchena,415.0,"[:Fare {fare: 415.0, route_id: route_db78ea66_31_1767932356, route_type: Normal Route, fare_type: AC}]"
Kaduwela,Eravur,510.0,"[:Fare {fare: 510.0, route_id: route_db78ea66_30_1767932356, route_type: Normal Route, fare_type: AC}]"
Kaduwela,Kaththankudi,635.0,"[:Fare {fare: 635.0, route_id: route_db78ea66_28_1767932356, route_type: Normal Route, fare_type: AC}]"
Kaduwela,Kalawanchikudi,745.0,"[:Fare {fare: 745.0, route_id: route_db78ea66_27_1767932356, route_type: Normal Route, fare_type: AC}]"
Kaduwela,Kalmunai,810.0,"[:Fare {fare: 810.0, route_id: route_db78ea66_26_1767932356, route_type: Normal Route, fare_type: AC}]"
Kaduwela,Akkareipaththu,930.0,"[:Fare {fare: 930.0, route_id: route_db78ea66_23_1767932356, route_type: Normal Route, fare_type: AC}]"
Kaduwela,Kiribathgoda,1250.0,"[:Fare {fare: 1250.0, route_id: route_db78ea66_192_1767932356, route_type: Normal Route, fare_type: AC}]"
Kaduwela,Yakkala,1150.0,"[:Fare {fare: 1150.0, route_id: route_db78ea66_193_1767932356, route_type: Normal Route, fare_type: AC}]"
Kaduwela,Warakapola,1010.0,"[:Fare {fare: 1010.0, route_id: route_db78ea66_195_1767932356, route_type: Normal Route, fare_type: AC}]"
Kaduwela,Warakapola,1250.0,"[:Fare {fare: 1250.0, route_id: route_db78ea66_283_1767932356, route_type: Normal Route, fare_type: AC}]"
Kaduwela,Polgahawela,910.0,"[:Fare {fare: 910.0, route_id: route_db78ea66_196_1767932356, route_type: Normal Route, fare_type: AC}]"
Kaduwela,Palawiya,1120.0,"[:Fare {fare: 1120.0, route_id: route_db78ea66_35_1767932356, route_type: Normal Route, fare_type: AC}]"
Kaduwela,Kegalle,1120.0,"[:Fare {fare: 1120.0, route_id: route_db78ea66_284_1767932356, route_type: Normal Route, fare_type: AC}]"
Kaduwela,Akurana,820.0,"[:Fare {fare: 820.0, route_id: route_db78ea66_287_1767932356, route_type: Normal Route, fare_type: AC}]"
Kaduwela,Ibbagamuwa,715.0,"[:Fare {fare: 715.0, route_id: route_db78ea66_198_1767932356, route_type: Normal Route, fare_type: AC}]"
Kaduwela,Malsiripura,645.0,"[:Fare {fare: 645.0, route_id: route_db78ea66_312_1767932356, route_type: Normal Route, fare_type: AC}]"
Kaduwela,Galewela,570.0,"[:Fare {fare: 570.0, route_id: route_db78ea66_200_1767932356, route_type: Normal Route, fare_type: AC}]"
Kaduwela,Nugegoda,165.0,"[:Fare {fare: 165.0, route_id: route_db78ea66_234_1767932356, route_type: Normal Route, fare_type: AC}]"
Kaduwela,Wallampitiya,120.0,"[:Fare {fare: 120.0, route_id: route_db78ea66_3_1767932356, route_type: Normal Route, fare_type: AC}]"
Kaduwela,Nindawur,845.0,"[:Fare {fare: 845.0, route_id: route_db78ea66_25_1767932356, route_type: Normal Route, fare_type: AC}]"
Kaduwela,Batticaloa,590.0,"[:Fare {fare: 590.0, route_id: route_db78ea66_29_1767932356, route_type: Normal Route, fare_type: AC}]"
Kaduwela,Oluwil,875.0,"[:Fare {fare: 875.0, route_id: route_db78ea66_24_1767932356, route_type: Normal Route, fare_type: AC}]"
Kaduwela,Padukka,1560.0,"[:Fare {fare: 1560.0, route_id: route_db78ea66_280_1767932356, route_type: Normal Route, fare_type: AC}]"
Kaduwela,Pugoda,1450.0,"[:Fare {fare: 1450.0, route_id: route_db78ea66_281_1767932356, route_type: Normal Route, fare_type: AC}]"
Kaduwela,Aththanagalla,1360.0,"[:Fare {fare: 1360.0, route_id: route_db78ea66_282_1767932356, route_type: Normal Route, fare_type: AC}]"
Kaduwela,Horana,1655.0,"[:Fare {fare: 1655.0, route_id: route_db78ea66_279_1767932356, route_type: Normal Route, fare_type: AC}]"
Hanwalla,Kaduwela,120.0,"[:Fare {fare: 120.0, route_id: route_db78ea66_2_1767932356, route_type: Normal Route, fare_type: AC}]"
Awissawella,Kaduwela,240.0,"[:Fare {fare: 240.0, route_id: route_db78ea66_4_1767932356, route_type: Normal Route, fare_type: AC}]"
Awissawella,Hanwalla,180.0,"[:Fare {fare: 180.0, route_id: route_db78ea66_5_1767932356, route_type: Normal Route, fare_type: AC}]"
Awissawella,Ahaliyagoda,160.0,"[:Fare {fare: 160.0, route_id: route_db78ea66_433_1767932356, route_type: Normal Route, fare_type: AC}]"
Awissawella,Ratnapura,335.0,"[:Fare {fare: 335.0, route_id: route_db78ea66_432_1767932356, route_type: Normal Route, fare_type: AC}]"
Awissawella,Palmadulla,445.0,"[:Fare {fare: 445.0, route_id: route_db78ea66_431_1767932356, route_type: Normal Route, fare_type: AC}]"
Awissawella,Godakawela,580.0,"[:Fare {fare: 580.0, route_id: route_db78ea66_430_1767932356, route_type: Normal Route, fare_type: AC}]"
Awissawella,Ambilipitiya,765.0,"[:Fare {fare: 765.0, route_id: route_db78ea66_429_1767932356, route_type: Normal Route, fare_type: AC}]"
Awissawella,Nugegoda,345.0,"[:Fare {fare: 345.0, route_id: route_db78ea66_166_1767932356, route_type: Normal Route, fare_type: AC}]"
Awissawella,Wallampitiya,290.0,"[:Fare {fare: 290.0, route_id: route_db78ea66_278_1767932356, route_type: Normal Route, fare_type: AC}]"
Awissawella,Maharagama,320.0,"[:Fare {fare: 320.0, route_id: route_db78ea66_259_1767932356, route_type: Normal Route, fare_type: AC}]"
Awissawella,Homagama,280.0,"[:Fare {fare: 280.0, route_id: route_db78ea66_260_1767932356, route_type: Normal Route, fare_type: AC}]"
Awissawella,Makumbura,290.0,"[:Fare {fare: 290.0, route_id: route_db78ea66_167_1767932356, route_type: Normal Route, fare_type: AC}]"
Awissawella,Kaluaggala,165.0,"[:Fare {fare: 165.0, route_id: route_db78ea66_168_1767932356, route_type: Normal Route, fare_type: AC}]"
Ahaliyagoda,Kaduwela,315.0,"[:Fare {fare: 315.0, route_id: route_db78ea66_7_1767932356, route_type: Normal Route, fare_type: AC}]"
Ahaliyagoda,Hanwalla,255.0,"[:Fare {fare: 255.0, route_id: route_db78ea66_8_1767932356, route_type: Normal Route, fare_type: AC}]"
Ahaliyagoda,Awissawella,160.0,"[:Fare {fare: 160.0, route_id: route_db78ea66_9_1767932356, route_type: Normal Route, fare_type: AC}]"
Ahaliyagoda,Ratnapura,255.0,"[:Fare {fare: 255.0, route_id: route_db78ea66_428_1767932356, route_type: Normal Route, fare_type: AC}]"
Ahaliyagoda,Palmadulla,365.0,"[:Fare {fare: 365.0, route_id: route_db78ea66_427_1767932356, route_type: Normal Route, fare_type: AC}]"
Ahaliyagoda,Godakawela,500.0,"[:Fare {fare: 500.0, route_id: route_db78ea66_426_1767932356, route_type: Normal Route, fare_type: AC}]"
Ahaliyagoda,Ambilipitiya,690.0,"[:Fare {fare: 690.0, route_id: route_db78ea66_425_1767932356, route_type: Normal Route, fare_type: AC}]"
Ahaliyagoda,Wallampitiya,365.0,"[:Fare {fare: 365.0, route_id: route_db78ea66_8_1767932356, route_type: Normal Route, fare_type: AC}]"
Ahaliyagoda,Maharagama,400.0,"[:Fare {fare: 400.0, route_id: route_db78ea66_262_1767932356, route_type: Normal Route, fare_type: AC}]"
Ahaliyagoda,Homagama,360.0,"[:Fare {fare: 360.0, route_id: route_db78ea66_263_1767932356, route_type: Normal Route, fare_type: AC}]"
Kuruwita,Kaduwela,415.0,"[:Fare {fare: 415.0, route_id: route_db78ea66_11_1767932356, route_type: Normal Route, fare_type: AC}]"
Kuruwita,Hanwalla,360.0,"[:Fare {fare: 360.0, route_id: route_db78ea66_12_1767932356, route_type: Normal Route, fare_type: AC}]"
Kuruwita,Awissawella,255.0,"[:Fare {fare: 255.0, route_id: route_db78ea66_13_1767932356, route_type: Normal Route, fare_type: AC}]"
Kuruwita,Ahaliyagoda,180.0,"[:Fare {fare: 180.0, route_id: route_db78ea66_14_1767932356, route_type: Normal Route, fare_type: AC}]"
Kuruwita,Wallampitiya,470.0,"[:Fare {fare: 470.0, route_id: route_db78ea66_12_1767932356, route_type: Normal Route, fare_type: AC}]"
Kuruwita,Maharagama,500.0,"[:Fare {fare: 500.0, route_id: route_db78ea66_266_1767932356, route_type: Normal Route, fare_type: AC}]"
Kuruwita,Homagama,460.0,"[:Fare {fare: 460.0, route_id: route_db78ea66_267_1767932356, route_type: Normal Route, fare_type: AC}]"
Ratnapura,Kaduwela,480.0,"[:Fare {fare: 480.0, route_id: route_db78ea66_16_1767932356, route_type: Normal Route, fare_type: AC}]"
Ratnapura,Hanwalla,425.0,"[:Fare {fare: 425.0, route_id: route_db78ea66_17_1767932356, route_type: Normal Route, fare_type: AC}]"
Ratnapura,Awissawella,320.0,"[:Fare {fare: 320.0, route_id: route_db78ea66_18_1767932356, route_type: Normal Route, fare_type: AC}]"
Ratnapura,Ahaliyagoda,245.0,"[:Fare {fare: 245.0, route_id: route_db78ea66_19_1767932356, route_type: Normal Route, fare_type: AC}]"
Ratnapura,Kuruwita,140.0,"[:Fare {fare: 140.0, route_id: route_db78ea66_20_1767932356, route_type: Normal Route, fare_type: AC}]"
Ratnapura,Palmadulla,190.0,"[:Fare {fare: 190.0, route_id: route_db78ea66_424_1767932356, route_type: Normal Route, fare_type: AC}]"
Ratnapura,Godakawela,320.0,"[:Fare {fare: 320.0, route_id: route_db78ea66_423_1767932356, route_type: Normal Route, fare_type: AC}]"
Ratnapura,Ambilipitiya,510.0,"[:Fare {fare: 510.0, route_id: route_db78ea66_422_1767932356, route_type: Normal Route, fare_type: AC}]"
Ratnapura,Wallampitiya,535.0,"[:Fare {fare: 535.0, route_id: route_db78ea66_17_1767932356, route_type: Normal Route, fare_type: AC}]"
Ratnapura,Maharagama,570.0,"[:Fare {fare: 570.0, route_id: route_db78ea66_271_1767932356, route_type: Normal Route, fare_type: AC}]"
Ratnapura,Homagama,525.0,"[:Fare {fare: 525.0, route_id: route_db78ea66_272_1767932356, route_type: Normal Route, fare_type: AC}]"
Palmadulla,Kaduwela,600.0,"[:Fare {fare: 600.0, route_id: route_db78ea66_22_1767932356, route_type: Normal Route, fare_type: AC}]"
Palmadulla,Hanwalla,550.0,"[:Fare {fare: 550.0, route_id: route_db78ea66_23_1767932356, route_type: Normal Route, fare_type: AC}]"
Palmadulla,Awissawella,445.0,"[:Fare {fare: 445.0, route_id: route_db78ea66_24_1767932356, route_type: Normal Route, fare_type: AC}]"
Palmadulla,Ahaliyagoda,365.0,"[:Fare {fare: 365.0, route_id: route_db78ea66_25_1767932356, route_type: Normal Route, fare_type: AC}]"
Palmadulla,Kuruwita,270.0,"[:Fare {fare: 270.0, route_id: route_db78ea66_26_1767932356, route_type: Normal Route, fare_type: AC}]"
Palmadulla,Ratnapura,200.0,"[:Fare {fare: 200.0, route_id: route_db78ea66_27_1767932356, route_type: Normal Route, fare_type: AC}]"
Palmadulla,Godakawela,210.0,"[:Fare {fare: 210.0, route_id: route_db78ea66_421_1767932356, route_type: Normal Route, fare_type: AC}]"
Palmadulla,Ambilipitiya,400.0,"[:Fare {fare: 400.0, route_id: route_db78ea66_420_1767932356, route_type: Normal Route, fare_type: AC}]"
Palmadulla,Wallampitiya,660.0,"[:Fare {fare: 660.0, route_id: route_db78ea66_23_1767932356, route_type: Normal Route, fare_type: AC}]"
Palmadulla,Maharagama,690.0,"[:Fare {fare: 690.0, route_id: route_db78ea66_277_1767932356, route_type: Normal Route, fare_type: AC}]"
Palmadulla,Homagama,645.0,"[:Fare {fare: 645.0, route_id: route_db78ea66_278_1767932356, route_type: Normal Route, fare_type: AC}]"
Godakawela,Kaduwela,735.0,"[:Fare {fare: 735.0, route_id: route_db78ea66_29_1767932356, route_type: Normal Route, fare_type: AC}]"
Godakawela,Hanwalla,680.0,"[:Fare {fare: 680.0, route_id: route_db78ea66_30_1767932356, route_type: Normal Route, fare_type: AC}]"
Godakawela,Awissawella,580.0,"[:Fare {fare: 580.0, route_id: route_db78ea66_31_1767932356, route_type: Normal Route, fare_type: AC}]"
Godakawela,Ahaliyagoda,500.0,"[:Fare {fare: 500.0, route_id: route_db78ea66_32_1767932356, route_type: Normal Route, fare_type: AC}]"
Godakawela,Kuruwita,400.0,"[:Fare {fare: 400.0, route_id: route_db78ea66_33_1767932356, route_type: Normal Route, fare_type: AC}]"
Godakawela,Ratnapura,335.0,"[:Fare {fare: 335.0, route_id: route_db78ea66_34_1767932356, route_type: Normal Route, fare_type: AC}]"
Godakawela,Palmadulla,210.0,"[:Fare {fare: 210.0, route_id: route_db78ea66_35_1767932356, route_type: Normal Route, fare_type: AC}]"
Godakawela,Ambilipitiya,270.0,"[:Fare {fare: 270.0, route_id: route_db78ea66_419_1767932356, route_type: Normal Route, fare_type: AC}]"
Godakawela,Wallampitiya,790.0,"[:Fare {fare: 790.0, route_id: route_db78ea66_30_1767932356, route_type: Normal Route, fare_type: AC}]"
Godakawela,Maharagama,820.0,"[:Fare {fare: 820.0, route_id: route_db78ea66_46_1767932356, route_type: Normal Route, fare_type: AC}]"
Godakawela,Homagama,780.0,"[:Fare {fare: 780.0, route_id: route_db78ea66_47_1767932356, route_type: Normal Route, fare_type: AC}]"
Udawalawa Junction,Kaduwela,855.0,"[:Fare {fare: 855.0, route_id: route_db78ea66_37_1767932356, route_type: Normal Route, fare_type: AC}]"
Udawalawa Junction,Hanwalla,800.0,"[:Fare {fare: 800.0, route_id: route_db78ea66_38_1767932356, route_type: Normal Route, fare_type: AC}]"
Udawalawa Junction,Awissawella,700.0,"[:Fare {fare: 700.0, route_id: route_db78ea66_39_1767932356, route_type: Normal Route, fare_type: AC}]"
Udawalawa Junction,Ahaliyagoda,620.0,"[:Fare {fare: 620.0, route_id: route_db78ea66_40_1767932356, route_type: Normal Route, fare_type: AC}]"
Udawalawa Junction,Kuruwita,525.0,"[:Fare {fare: 525.0, route_id: route_db78ea66_41_1767932356, route_type: Normal Route, fare_type: AC}]"
Udawalawa Junction,Ratnapura,460.0,"[:Fare {fare: 460.0, route_id: route_db78ea66_42_1767932356, route_type: Normal Route, fare_type: AC}]"
Udawalawa Junction,Palmadulla,335.0,"[:Fare {fare: 335.0, route_id: route_db78ea66_43_1767932356, route_type: Normal Route, fare_type: AC}]"
Udawalawa Junction,Godakawela,200.0,"[:Fare {fare: 200.0, route_id: route_db78ea66_44_1767932356, route_type: Normal Route, fare_type: AC}]"
Udawalawa Junction,Wallampitiya,910.0,"[:Fare {fare: 910.0, route_id: route_db78ea66_38_1767932356, route_type: Normal Route, fare_type: AC}]"
Udawalawa Junction,Maharagama,940.0,"[:Fare {fare: 940.0, route_id: route_db78ea66_54_1767932356, route_type: Normal Route, fare_type: AC}]"
Udawalawa Junction,Homagama,900.0,"[:Fare {fare: 900.0, route_id: route_db78ea66_55_1767932356, route_type: Normal Route, fare_type: AC}]"
Ambilipitiya,Kaduwela,920.0,"[:Fare {fare: 920.0, route_id: route_db78ea66_46_1767932356, route_type: Normal Route, fare_type: AC}]"
Ambilipitiya,Hanwalla,865.0,"[:Fare {fare: 865.0, route_id: route_db78ea66_47_1767932356, route_type: Normal Route, fare_type: AC}]"
Ambilipitiya,Awissawella,765.0,"[:Fare {fare: 765.0, route_id: route_db78ea66_48_1767932356, route_type: Normal Route, fare_type: AC}]"
Ambilipitiya,Ahaliyagoda,690.0,"[:Fare {fare: 690.0, route_id: route_db78ea66_49_1767932356, route_type: Normal Route, fare_type: AC}]"
Ambilipitiya,Kuruwita,590.0,"[:Fare {fare: 590.0, route_id: route_db78ea66_50_1767932356, route_type: Normal Route, fare_type: AC}]"
Ambilipitiya,Ratnapura,525.0,"[:Fare {fare: 525.0, route_id: route_db78ea66_51_1767932356, route_type: Normal Route, fare_type: AC}]"
Ambilipitiya,Palmadulla,400.0,"[:Fare {fare: 400.0, route_id: route_db78ea66_52_1767932356, route_type: Normal Route, fare_type: AC}]"
Ambilipitiya,Godakawela,270.0,"[:Fare {fare: 270.0, route_id: route_db78ea66_53_1767932356, route_type: Normal Route, fare_type: AC}]"
Ambilipitiya,Udawalawa Junction,140.0,"[:Fare {fare: 140.0, route_id: route_db78ea66_54_1767932356, route_type: Normal Route, fare_type: AC}]"
Ambilipitiya,Tangalle,335.0,"[:Fare {fare: 335.0, route_id: route_db78ea66_432_1767932356, route_type: Normal Route, fare_type: AC}]"
Ambilipitiya,Beliatta,380.0,"[:Fare {fare: 380.0, route_id: route_db78ea66_431_1767932356, route_type: Normal Route, fare_type: AC}]"
Ambilipitiya,Agunakolapalassa,225.0,"[:Fare {fare: 225.0, route_id: route_db78ea66_434_1767932356, route_type: Normal Route, fare_type: AC}]"
Ambilipitiya,Maharagama,1010.0,"[:Fare {fare: 1010.0, route_id: route_db78ea66_63_1767932356, route_type: Normal Route, fare_type: AC}]"
Ambilipitiya,Homagama,965.0,"[:Fare {fare: 965.0, route_id: route_db78ea66_64_1767932356, route_type: Normal Route, fare_type: AC}]"
Ambilipitiya,Ranna,270.0,"[:Fare {fare: 270.0, route_id: route_db78ea66_433_1767932356, route_type: Normal Route, fare_type: AC}]"
Ambilipitiya,Barawakubuka,165.0,"[:Fare {fare: 165.0, route_id: route_db78ea66_435_1767932356, route_type: Normal Route, fare_type: AC}]"
Ambilipitiya,Thunkama,80.0,"[:Fare {fare: 80.0, route_id: route_db78ea66_436_1767932356, route_type: Normal Route, fare_type: AC}]"
Thelwatta,Panadura,400.0,"[:Fare {fare: 400.0, route_id: route_db78ea66_324_1767932356, route_type: Normal Route, fare_type: AC}]"
Thelwatta,Ja Ela,165.0,"[:Fare {fare: 165.0, route_id: route_db78ea66_329_1767932356, route_type: Normal Route, fare_type: AC}]"
Thelwatta,Ja Ela,165.0,"[:Fare {fare: 165.0, route_id: route_db78ea66_226_1767932356, route_type: Normal Route, fare_type: AC}]"
Thelwatta,Wattala,225.0,"[:Fare {fare: 225.0, route_id: route_db78ea66_283_1767932356, route_type: Normal Route, fare_type: AC}]"
Thelwatta,Katunayake,80.0,"[:Fare {fare: 80.0, route_id: route_cb15d6ac_2_1767932250, route_type: Katunayake Expressway, fare_type: AC}]"
Thelwatta,Narahenpita,280.0,"[:Fare {fare: 280.0, route_id: route_db78ea66_326_1767932356, route_type: Normal Route, fare_type: AC}]"
Thelwatta,Moratuwa,365.0,"[:Fare {fare: 365.0, route_id: route_db78ea66_221_1767932356, route_type: Normal Route, fare_type: AC}]"
Thelwatta,Dehiwala,315.0,"[:Fare {fare: 315.0, route_id: route_db78ea66_325_1767932356, route_type: Normal Route, fare_type: AC}]"
Thelwatta,18 Kanuwa,80.0,"[:Fare {fare: 80.0, route_id: route_db78ea66_327_1767932356, route_type: Normal Route, fare_type: AC}]"
Puttalam,Mundalama,225.0,"[:Fare {fare: 225.0, route_id: route_db78ea66_64_1767932356, route_type: Normal Route, fare_type: AC}]"
Puttalam,Mundalama,225.0,"[:Fare {fare: 225.0, route_id: route_cb15d6ac_14_1767932250, route_type: Katunayake Expressway, fare_type: AC}]"
Puttalam,Nochchiyagama,345.0,"[:Fare {fare: 345.0, route_id: route_cb15d6ac_20_1767932250, route_type: Katunayake Expressway, fare_type: AC}]"
Puttalam,Anuradhapura,480.0,"[:Fare {fare: 480.0, route_id: route_cb15d6ac_26_1767932250, route_type: Katunayake Expressway, fare_type: AC}]"
Puttalam,Medawachchiya,635.0,"[:Fare {fare: 635.0, route_id: route_cb15d6ac_33_1767932250, route_type: Katunayake Expressway, fare_type: AC}]"
Puttalam,Parayanaran kulam,865.0,"[:Fare {fare: 865.0, route_id: route_cb15d6ac_50_1767932250, route_type: Katunayake Expressway, fare_type: AC}]"
Puttalam,Murunkan,950.0,"[:Fare {fare: 950.0, route_id: route_cb15d6ac_60_1767932250, route_type: Katunayake Expressway, fare_type: AC}]"
Puttalam,Uilankulam,1010.0,"[:Fare {fare: 1010.0, route_id: route_cb15d6ac_71_1767932250, route_type: Katunayake Expressway, fare_type: AC}]"
Puttalam,Mannar,1100.0,"[:Fare {fare: 1100.0, route_id: route_cb15d6ac_83_1767932250, route_type: Katunayake Expressway, fare_type: AC}]"
Puttalam,Vennappuwa,500.0,"[:Fare {fare: 500.0, route_id: route_db78ea66_255_1767932356, route_type: Normal Route, fare_type: AC}]"
Puttalam,Vennappuwa,500.0,"[:Fare {fare: 500.0, route_id: route_cb15d6ac_122_1767932250, route_type: Katunayake Expressway, fare_type: AC}]"
Puttalam,Madurankuliya,160.0,"[:Fare {fare: 160.0, route_id: route_db78ea66_259_1767932356, route_type: Normal Route, fare_type: AC}]"
Puttalam,Madurankuliya,160.0,"[:Fare {fare: 160.0, route_id: route_cb15d6ac_126_1767932250, route_type: Katunayake Expressway, fare_type: AC}]"
Puttalam,Kalaoya,255.0,"[:Fare {fare: 255.0, route_id: route_cb15d6ac_253_1767932250, route_type: Katunayake Expressway, fare_type: AC}]"
Puttalam,Vavuniya,765.0,"[:Fare {fare: 765.0, route_id: route_cb15d6ac_283_1767932250, route_type: Katunayake Expressway, fare_type: AC}]"
Puttalam,Omanthe,845.0,"[:Fare {fare: 845.0, route_id: route_cb15d6ac_293_1767932250, route_type: Katunayake Expressway, fare_type: AC}]"
Puttalam,Mankulam,1040.0,"[:Fare {fare: 1040.0, route_id: route_cb15d6ac_304_1767932250, route_type: Katunayake Expressway, fare_type: AC}]"
Puttalam,Kilinochchi,1205.0,"[:Fare {fare: 1205.0, route_id: route_cb15d6ac_316_1767932250, route_type: Katunayake Expressway, fare_type: AC}]"
Puttalam,Kodikamam,1450.0,"[:Fare {fare: 1450.0, route_id: route_cb15d6ac_329_1767932250, route_type: Katunayake Expressway, fare_type: AC}]"
Puttalam,Jaffna,1605.0,"[:Fare {fare: 1605.0, route_id: route_cb15d6ac_343_1767932250, route_type: Katunayake Expressway, fare_type: AC}]"
Puttalam,Panadura,920.0,"[:Fare {fare: 920.0, route_id: route_db78ea66_346_1767932356, route_type: Normal Route, fare_type: AC}]"
Puttalam,Marawila,460.0,"[:Fare {fare: 460.0, route_id: route_db78ea66_256_1767932356, route_type: Normal Route, fare_type: AC}]"
Puttalam,Marawila,460.0,"[:Fare {fare: 460.0, route_id: route_cb15d6ac_123_1767932250, route_type: Katunayake Expressway, fare_type: AC}]"
Puttalam,Chilaw,365.0,"[:Fare {fare: 365.0, route_id: route_db78ea66_63_1767932356, route_type: Normal Route, fare_type: AC}]"
Puttalam,Chilaw,365.0,"[:Fare {fare: 365.0, route_id: route_cb15d6ac_13_1767932250, route_type: Katunayake Expressway, fare_type: AC}]"
Puttalam,Ja Ela,690.0,"[:Fare {fare: 690.0, route_id: route_db78ea66_253_1767932356, route_type: Normal Route, fare_type: AC}]"
Puttalam,Wattala,745.0,"[:Fare {fare: 745.0, route_id: route_db78ea66_316_1767932356, route_type: Normal Route, fare_type: AC}]"
Puttalam,Negambo,600.0,"[:Fare {fare: 600.0, route_id: route_db78ea66_136_1767932356, route_type: Normal Route, fare_type: AC}]"
Puttalam,Katunayake,635.0,"[:Fare {fare: 635.0, route_id: route_cb15d6ac_11_1767932250, route_type: Katunayake Expressway, fare_type: AC}]"
Puttalam,Thelwatta,600.0,"[:Fare {fare: 600.0, route_id: route_db78ea66_62_1767932356, route_type: Normal Route, fare_type: AC}]"
Puttalam,Thelwatta,600.0,"[:Fare {fare: 600.0, route_id: route_cb15d6ac_12_1767932250, route_type: Katunayake Expressway, fare_type: AC}]"
Puttalam,Thanthirimale Junction,745.0,"[:Fare {fare: 745.0, route_id: route_cb15d6ac_41_1767932250, route_type: Katunayake Expressway, fare_type: AC}]"
Puttalam,Norochchole,210.0,"[:Fare {fare: 210.0, route_id: route_db78ea66_1_1767932356, route_type: Normal Route, fare_type: AC}]"
Puttalam,Kalpitiya,345.0,"[:Fare {fare: 345.0, route_id: route_db78ea66_0_1767932356, route_type: Normal Route, fare_type: AC}]"
Puttalam,Palawiya,80.0,"[:Fare {fare: 80.0, route_id: route_db78ea66_2_1767932356, route_type: Normal Route, fare_type: AC}]"
Puttalam,Narahenpita,800.0,"[:Fare {fare: 800.0, route_id: route_db78ea66_348_1767932356, route_type: Normal Route, fare_type: AC}]"
Puttalam,Moratuwa,890.0,"[:Fare {fare: 890.0, route_id: route_db78ea66_239_1767932356, route_type: Normal Route, fare_type: AC}]"
Puttalam,Dehiwala,830.0,"[:Fare {fare: 830.0, route_id: route_db78ea66_347_1767932356, route_type: Normal Route, fare_type: AC}]"
Puttalam,18 Kanuwa,635.0,"[:Fare {fare: 635.0, route_id: route_db78ea66_349_1767932356, route_type: Normal Route, fare_type: AC}]"
Thanthirimale Junction,Mundalama,890.0,"[:Fare {fare: 890.0, route_id: route_db78ea66_86_1767932356, route_type: Normal Route, fare_type: AC}]"
Thanthirimale Junction,Mundalama,890.0,"[:Fare {fare: 890.0, route_id: route_cb15d6ac_40_1767932250, route_type: Katunayake Expressway, fare_type: AC}]"
Thanthirimale Junction,Nochchiyagama,480.0,"[:Fare {fare: 480.0, route_id: route_db78ea66_88_1767932356, route_type: Normal Route, fare_type: AC}]"
Thanthirimale Junction,Nochchiyagama,480.0,"[:Fare {fare: 480.0, route_id: route_cb15d6ac_42_1767932250, route_type: Katunayake Expressway, fare_type: AC}]"
Thanthirimale Junction,Anuradhapura,345.0,"[:Fare {fare: 345.0, route_id: route_db78ea66_89_1767932356, route_type: Normal Route, fare_type: AC}]"
Thanthirimale Junction,Anuradhapura,360.0,"[:Fare {fare: 360.0, route_id: route_db78ea66_159_1767932356, route_type: Normal Route, fare_type: AC}]"
Thanthirimale Junction,Anuradhapura,345.0,"[:Fare {fare: 345.0, route_id: route_cb15d6ac_43_1767932250, route_type: Katunayake Expressway, fare_type: AC}]"
Thanthirimale Junction,Medawachchiya,190.0,"[:Fare {fare: 190.0, route_id: route_db78ea66_90_1767932356, route_type: Normal Route, fare_type: AC}]"
Thanthirimale Junction,Medawachchiya,190.0,"[:Fare {fare: 190.0, route_id: route_cb15d6ac_44_1767932250, route_type: Katunayake Expressway, fare_type: AC}]"
Thanthirimale Junction,Chilaw,1030.0,"[:Fare {fare: 1030.0, route_id: route_db78ea66_85_1767932356, route_type: Normal Route, fare_type: AC}]"
Thanthirimale Junction,Negambo,1260.0,"[:Fare {fare: 1260.0, route_id: route_db78ea66_154_1767932356, route_type: Normal Route, fare_type: AC}]"
Thanthirimale Junction,Katunayake,1295.0,"[:Fare {fare: 1295.0, route_id: route_cb15d6ac_37_1767932250, route_type: Katunayake Expressway, fare_type: AC}]"
Thanthirimale Junction,Thelwatta,1260.0,"[:Fare {fare: 1260.0, route_id: route_db78ea66_84_1767932356, route_type: Normal Route, fare_type: AC}]"
Thanthirimale Junction,Thelwatta,1260.0,"[:Fare {fare: 1260.0, route_id: route_cb15d6ac_38_1767932250, route_type: Katunayake Expressway, fare_type: AC}]"
Thanthirimale Junction,Puttalam,745.0,"[:Fare {fare: 745.0, route_id: route_db78ea66_87_1767932356, route_type: Normal Route, fare_type: AC}]"
Prayanarankulam,Mundalama,1010.0,"[:Fare {fare: 1010.0, route_id: route_db78ea66_94_1767932356, route_type: Normal Route, fare_type: AC}]"
Prayanarankulam,Nochchiyagama,600.0,"[:Fare {fare: 600.0, route_id: route_db78ea66_96_1767932356, route_type: Normal Route, fare_type: AC}]"
Prayanarankulam,Anuradhapura,470.0,"[:Fare {fare: 470.0, route_id: route_db78ea66_97_1767932356, route_type: Normal Route, fare_type: AC}]"
Prayanarankulam,Anuradhapura,480.0,"[:Fare {fare: 480.0, route_id: route_db78ea66_166_1767932356, route_type: Normal Route, fare_type: AC}]"
Prayanarankulam,Medawachchiya,315.0,"[:Fare {fare: 315.0, route_id: route_db78ea66_98_1767932356, route_type: Normal Route, fare_type: AC}]"
Prayanarankulam,Chilaw,1150.0,"[:Fare {fare: 1150.0, route_id: route_db78ea66_93_1767932356, route_type: Normal Route, fare_type: AC}]"
Prayanarankulam,Negambo,1380.0,"[:Fare {fare: 1380.0, route_id: route_db78ea66_161_1767932356, route_type: Normal Route, fare_type: AC}]"
Prayanarankulam,Thelwatta,1380.0,"[:Fare {fare: 1380.0, route_id: route_db78ea66_92_1767932356, route_type: Normal Route, fare_type: AC}]"
Prayanarankulam,Puttalam,865.0,"[:Fare {fare: 865.0, route_id: route_db78ea66_95_1767932356, route_type: Normal Route, fare_type: AC}]"
Prayanarankulam,Thanthirimale Junction,200.0,"[:Fare {fare: 200.0, route_id: route_db78ea66_99_1767932356, route_type: Normal Route, fare_type: AC}]"
Pesalei,Mundalama,1340.0,"[:Fare {fare: 1340.0, route_id: route_db78ea66_201_1767932356, route_type: Normal Route, fare_type: AC}]"
Pesalei,Nochchiyagama,930.0,"[:Fare {fare: 930.0, route_id: route_db78ea66_203_1767932356, route_type: Normal Route, fare_type: AC}]"
Pesalei,Anuradhapura,810.0,"[:Fare {fare: 810.0, route_id: route_db78ea66_204_1767932356, route_type: Normal Route, fare_type: AC}]"
Pesalei,Medawachchiya,645.0,"[:Fare {fare: 645.0, route_id: route_db78ea66_205_1767932356, route_type: Normal Route, fare_type: AC}]"
Pesalei,Murunkan,320.0,"[:Fare {fare: 320.0, route_id: route_db78ea66_208_1767932356, route_type: Normal Route, fare_type: AC}]"
Pesalei,Uilankulam,270.0,"[:Fare {fare: 270.0, route_id: route_db78ea66_209_1767932356, route_type: Normal Route, fare_type: AC}]"
Pesalei,Mannar,180.0,"[:Fare {fare: 180.0, route_id: route_db78ea66_210_1767932356, route_type: Normal Route, fare_type: AC}]"
Pesalei,Chilaw,1480.0,"[:Fare {fare: 1480.0, route_id: route_db78ea66_200_1767932356, route_type: Normal Route, fare_type: AC}]"
Pesalei,Negambo,1710.0,"[:Fare {fare: 1710.0, route_id: route_db78ea66_199_1767932356, route_type: Normal Route, fare_type: AC}]"
Pesalei,Puttalam,1195.0,"[:Fare {fare: 1195.0, route_id: route_db78ea66_202_1767932356, route_type: Normal Route, fare_type: AC}]"
Pesalei,Thanthirimale Junction,535.0,"[:Fare {fare: 535.0, route_id: route_db78ea66_206_1767932356, route_type: Normal Route, fare_type: AC}]"
Pesalei,Prayanarankulam,415.0,"[:Fare {fare: 415.0, route_id: route_db78ea66_207_1767932356, route_type: Normal Route, fare_type: AC}]"
Thaleimannaram,Mundalama,1415.0,"[:Fare {fare: 1415.0, route_id: route_db78ea66_213_1767932356, route_type: Normal Route, fare_type: AC}]"
Thaleimannaram,Nochchiyagama,1010.0,"[:Fare {fare: 1010.0, route_id: route_db78ea66_215_1767932356, route_type: Normal Route, fare_type: AC}]"
Thaleimannaram,Anuradhapura,890.0,"[:Fare {fare: 890.0, route_id: route_db78ea66_216_1767932356, route_type: Normal Route, fare_type: AC}]"
Thaleimannaram,Medawachchiya,725.0,"[:Fare {fare: 725.0, route_id: route_db78ea66_217_1767932356, route_type: Normal Route, fare_type: AC}]"
Thaleimannaram,Murunkan,400.0,"[:Fare {fare: 400.0, route_id: route_db78ea66_220_1767932356, route_type: Normal Route, fare_type: AC}]"
Thaleimannaram,Uilankulam,345.0,"[:Fare {fare: 345.0, route_id: route_db78ea66_221_1767932356, route_type: Normal Route, fare_type: AC}]"
Thaleimannaram,Mannar,255.0,"[:Fare {fare: 255.0, route_id: route_db78ea66_222_1767932356, route_type: Normal Route, fare_type: AC}]"
Thaleimannaram,Chilaw,1560.0,"[:Fare {fare: 1560.0, route_id: route_db78ea66_212_1767932356, route_type: Normal Route, fare_type: AC}]"
Thaleimannaram,Negambo,1790.0,"[:Fare {fare: 1790.0, route_id: route_db78ea66_211_1767932356, route_type: Normal Route, fare_type: AC}]"
Thaleimannaram,Puttalam,1270.0,"[:Fare {fare: 1270.0, route_id: route_db78ea66_214_1767932356, route_type: Normal Route, fare_type: AC}]"
Thaleimannaram,Thanthirimale Junction,615.0,"[:Fare {fare: 615.0, route_id: route_db78ea66_218_1767932356, route_type: Normal Route, fare_type: AC}]"
Thaleimannaram,Prayanarankulam,490.0,"[:Fare {fare: 490.0, route_id: route_db78ea66_219_1767932356, route_type: Normal Route, fare_type: AC}]"
Thaleimannaram,Pesalei,160.0,"[:Fare {fare: 160.0, route_id: route_db78ea66_223_1767932356, route_type: Normal Route, fare_type: AC}]"
Navagaththegama,Vennappuwa,570.0,"[:Fare {fare: 570.0, route_id: route_db78ea66_418_1767932356, route_type: Normal Route, fare_type: AC}]"
Navagaththegama,Pallama,320.0,"[:Fare {fare: 320.0, route_id: route_db78ea66_421_1767932356, route_type: Normal Route, fare_type: AC}]"
Navagaththegama,Adigama,255.0,"[:Fare {fare: 255.0, route_id: route_db78ea66_422_1767932356, route_type: Normal Route, fare_type: AC}]"
Navagaththegama,Anamaduwa,180.0,"[:Fare {fare: 180.0, route_id: route_db78ea66_423_1767932356, route_type: Normal Route, fare_type: AC}]"
Navagaththegama,Marawila,525.0,"[:Fare {fare: 525.0, route_id: route_db78ea66_419_1767932356, route_type: Normal Route, fare_type: AC}]"
Navagaththegama,Chilaw,435.0,"[:Fare {fare: 435.0, route_id: route_db78ea66_420_1767932356, route_type: Normal Route, fare_type: AC}]"
Navagaththegama,Ja Ela,755.0,"[:Fare {fare: 755.0, route_id: route_db78ea66_416_1767932356, route_type: Normal Route, fare_type: AC}]"
Navagaththegama,Wattala,810.0,"[:Fare {fare: 810.0, route_id: route_db78ea66_415_1767932356, route_type: Normal Route, fare_type: AC}]"
Navagaththegama,Thelwatta,670.0,"[:Fare {fare: 670.0, route_id: route_db78ea66_417_1767932356, route_type: Normal Route, fare_type: AC}]"
Galigamuwa,Vennappuwa,690.0,"[:Fare {fare: 690.0, route_id: route_db78ea66_428_1767932356, route_type: Normal Route, fare_type: AC}]"
Galigamuwa,Pallama,445.0,"[:Fare {fare: 445.0, route_id: route_db78ea66_431_1767932356, route_type: Normal Route, fare_type: AC}]"
Galigamuwa,Adigama,380.0,"[:Fare {fare: 380.0, route_id: route_db78ea66_432_1767932356, route_type: Normal Route, fare_type: AC}]"
Galigamuwa,Anamaduwa,300.0,"[:Fare {fare: 300.0, route_id: route_db78ea66_433_1767932356, route_type: Normal Route, fare_type: AC}]"
Galigamuwa,Marawila,645.0,"[:Fare {fare: 645.0, route_id: route_db78ea66_429_1767932356, route_type: Normal Route, fare_type: AC}]"
Galigamuwa,Chilaw,555.0,"[:Fare {fare: 555.0, route_id: route_db78ea66_430_1767932356, route_type: Normal Route, fare_type: AC}]"
Galigamuwa,Ja Ela,875.0,"[:Fare {fare: 875.0, route_id: route_db78ea66_426_1767932356, route_type: Normal Route, fare_type: AC}]"
Galigamuwa,Wattala,930.0,"[:Fare {fare: 930.0, route_id: route_db78ea66_425_1767932356, route_type: Normal Route, fare_type: AC}]"
Galigamuwa,Awissawella,335.0,"[:Fare {fare: 335.0, route_id: route_db78ea66_445_1767932356, route_type: Normal Route, fare_type: AC}]"
Galigamuwa,Ahaliyagoda,415.0,"[:Fare {fare: 415.0, route_id: route_db78ea66_444_1767932356, route_type: Normal Route, fare_type: AC}]"
Galigamuwa,Ratnapura,590.0,"[:Fare {fare: 590.0, route_id: route_db78ea66_443_1767932356, route_type: Normal Route, fare_type: AC}]"
Galigamuwa,Palmadulla,700.0,"[:Fare {fare: 700.0, route_id: route_db78ea66_442_1767932356, route_type: Normal Route, fare_type: AC}]"
Galigamuwa,Godakawela,830.0,"[:Fare {fare: 830.0, route_id: route_db78ea66_441_1767932356, route_type: Normal Route, fare_type: AC}]"
Galigamuwa,Ambilipitiya,1020.0,"[:Fare {fare: 1020.0, route_id: route_db78ea66_440_1767932356, route_type: Normal Route, fare_type: AC}]"
Galigamuwa,Thelwatta,790.0,"[:Fare {fare: 790.0, route_id: route_db78ea66_427_1767932356, route_type: Normal Route, fare_type: AC}]"
Galigamuwa,Navagaththegama,200.0,"[:Fare {fare: 200.0, route_id: route_db78ea66_434_1767932356, route_type: Normal Route, fare_type: AC}]"
Galigamuwa,Nittabuwa,755.0,"[:Fare {fare: 755.0, route_id: route_db78ea66_168_1767932356, route_type: Normal Route, fare_type: AC}]"
Galigamuwa,Kiribathgoda,910.0,"[:Fare {fare: 910.0, route_id: route_db78ea66_166_1767932356, route_type: Normal Route, fare_type: AC}]"
Galigamuwa,Yakkala,810.0,"[:Fare {fare: 810.0, route_id: route_db78ea66_167_1767932356, route_type: Normal Route, fare_type: AC}]"
Galigamuwa,Warakapola,670.0,"[:Fare {fare: 670.0, route_id: route_db78ea66_169_1767932356, route_type: Normal Route, fare_type: AC}]"
Galigamuwa,Polgahawela,570.0,"[:Fare {fare: 570.0, route_id: route_db78ea66_170_1767932356, route_type: Normal Route, fare_type: AC}]"
Galigamuwa,Nugegoda,600.0,"[:Fare {fare: 600.0, route_id: route_db78ea66_175_1767932356, route_type: Normal Route, fare_type: AC}]"
Galigamuwa,Wariyapola,345.0,"[:Fare {fare: 345.0, route_id: route_db78ea66_172_1767932356, route_type: Normal Route, fare_type: AC}]"
Galigamuwa,Dhaladagama,210.0,"[:Fare {fare: 210.0, route_id: route_db78ea66_173_1767932356, route_type: Normal Route, fare_type: AC}]"
Galigamuwa,Aguruwalla,210.0,"[:Fare {fare: 210.0, route_id: route_db78ea66_179_1767932356, route_type: Normal Route, fare_type: AC}]"
Galigamuwa,Makumbura,550.0,"[:Fare {fare: 550.0, route_id: route_db78ea66_176_1767932356, route_type: Normal Route, fare_type: AC}]"
Galigamuwa,Kaluaggala,425.0,"[:Fare {fare: 425.0, route_id: route_db78ea66_177_1767932356, route_type: Normal Route, fare_type: AC}]"
Thabuththegama,Vennappuwa,790.0,"[:Fare {fare: 790.0, route_id: route_db78ea66_439_1767932356, route_type: Normal Route, fare_type: AC}]"
Thabuththegama,Pallama,550.0,"[:Fare {fare: 550.0, route_id: route_db78ea66_442_1767932356, route_type: Normal Route, fare_type: AC}]"
Thabuththegama,Adigama,480.0,"[:Fare {fare: 480.0, route_id: route_db78ea66_443_1767932356, route_type: Normal Route, fare_type: AC}]"
Thabuththegama,Anamaduwa,400.0,"[:Fare {fare: 400.0, route_id: route_db78ea66_444_1767932356, route_type: Normal Route, fare_type: AC}]"
Thabuththegama,Marawila,745.0,"[:Fare {fare: 745.0, route_id: route_db78ea66_440_1767932356, route_type: Normal Route, fare_type: AC}]"
Thabuththegama,Chilaw,660.0,"[:Fare {fare: 660.0, route_id: route_db78ea66_441_1767932356, route_type: Normal Route, fare_type: AC}]"
Thabuththegama,Ja Ela,975.0,"[:Fare {fare: 975.0, route_id: route_db78ea66_437_1767932356, route_type: Normal Route, fare_type: AC}]"
Thabuththegama,Wattala,1030.0,"[:Fare {fare: 1030.0, route_id: route_db78ea66_436_1767932356, route_type: Normal Route, fare_type: AC}]"
Thabuththegama,Thelwatta,890.0,"[:Fare {fare: 890.0, route_id: route_db78ea66_438_1767932356, route_type: Normal Route, fare_type: AC}]"
Thabuththegama,Navagaththegama,300.0,"[:Fare {fare: 300.0, route_id: route_db78ea66_445_1767932356, route_type: Normal Route, fare_type: AC}]"
Thabuththegama,Galigamuwa,180.0,"[:Fare {fare: 180.0, route_id: route_db78ea66_446_1767932356, route_type: Normal Route, fare_type: AC}]"
Thabuththegama,Nittabuwa,855.0,"[:Fare {fare: 855.0, route_id: route_db78ea66_177_1767932356, route_type: Normal Route, fare_type: AC}]"
Thabuththegama,Kiribathgoda,1010.0,"[:Fare {fare: 1010.0, route_id: route_db78ea66_175_1767932356, route_type: Normal Route, fare_type: AC}]"
Thabuththegama,Yakkala,910.0,"[:Fare {fare: 910.0, route_id: route_db78ea66_176_1767932356, route_type: Normal Route, fare_type: AC}]"
Thabuththegama,Warakapola,765.0,"[:Fare {fare: 765.0, route_id: route_db78ea66_178_1767932356, route_type: Normal Route, fare_type: AC}]"
Thabuththegama,Polgahawela,670.0,"[:Fare {fare: 670.0, route_id: route_db78ea66_179_1767932356, route_type: Normal Route, fare_type: AC}]"
Thabuththegama,Wariyapola,445.0,"[:Fare {fare: 445.0, route_id: route_db78ea66_181_1767932356, route_type: Normal Route, fare_type: AC}]"
Thabuththegama,Dhaladagama,315.0,"[:Fare {fare: 315.0, route_id: route_db78ea66_182_1767932356, route_type: Normal Route, fare_type: AC}]"
Thalawa,Vennappuwa,855.0,"[:Fare {fare: 855.0, route_id: route_db78ea66_451_1767932356, route_type: Normal Route, fare_type: AC}]"
Thalawa,Pallama,615.0,"[:Fare {fare: 615.0, route_id: route_db78ea66_454_1767932356, route_type: Normal Route, fare_type: AC}]"
Thalawa,Adigama,550.0,"[:Fare {fare: 550.0, route_id: route_db78ea66_455_1767932356, route_type: Normal Route, fare_type: AC}]"
Thalawa,Anamaduwa,470.0,"[:Fare {fare: 470.0, route_id: route_db78ea66_456_1767932356, route_type: Normal Route, fare_type: AC}]"
Thalawa,Matale,670.0,"[:Fare {fare: 670.0, route_id: route_db78ea66_310_1767932356, route_type: Normal Route, fare_type: AC}]"
Thalawa,Nawula,525.0,"[:Fare {fare: 525.0, route_id: route_db78ea66_312_1767932356, route_type: Normal Route, fare_type: AC}]"
Thalawa,Dambulla,425.0,"[:Fare {fare: 425.0, route_id: route_db78ea66_313_1767932356, route_type: Normal Route, fare_type: AC}]"
Thalawa,Kakirawa,300.0,"[:Fare {fare: 300.0, route_id: route_db78ea66_314_1767932356, route_type: Normal Route, fare_type: AC}]"
Thalawa,Marawila,810.0,"[:Fare {fare: 810.0, route_id: route_db78ea66_452_1767932356, route_type: Normal Route, fare_type: AC}]"
Thalawa,Chilaw,725.0,"[:Fare {fare: 725.0, route_id: route_db78ea66_453_1767932356, route_type: Normal Route, fare_type: AC}]"
Thalawa,Ja Ela,1040.0,"[:Fare {fare: 1040.0, route_id: route_db78ea66_449_1767932356, route_type: Normal Route, fare_type: AC}]"
Thalawa,Wattala,1100.0,"[:Fare {fare: 1100.0, route_id: route_db78ea66_448_1767932356, route_type: Normal Route, fare_type: AC}]"
Thalawa,Thelwatta,950.0,"[:Fare {fare: 950.0, route_id: route_db78ea66_450_1767932356, route_type: Normal Route, fare_type: AC}]"
Thalawa,Navagaththegama,365.0,"[:Fare {fare: 365.0, route_id: route_db78ea66_457_1767932356, route_type: Normal Route, fare_type: AC}]"
Thalawa,Galigamuwa,245.0,"[:Fare {fare: 245.0, route_id: route_db78ea66_458_1767932356, route_type: Normal Route, fare_type: AC}]"
Thalawa,Thabuththegama,140.0,"[:Fare {fare: 140.0, route_id: route_db78ea66_459_1767932356, route_type: Normal Route, fare_type: AC}]"
Thalawa,Akurana,755.0,"[:Fare {fare: 755.0, route_id: route_db78ea66_309_1767932356, route_type: Normal Route, fare_type: AC}]"
Thalawa,Eppawala,160.0,"[:Fare {fare: 160.0, route_id: route_db78ea66_315_1767932356, route_type: Normal Route, fare_type: AC}]"
Thalawa,Madawalaulpatha,590.0,"[:Fare {fare: 590.0, route_id: route_db78ea66_311_1767932356, route_type: Normal Route, fare_type: AC}]"
Nittabuwa,Mount Lavinia,380.0,"[:Fare {fare: 380.0, route_id: route_db78ea66_240_1767932356, route_type: Normal Route, fare_type: AC}]"
Nittabuwa,Panadura,445.0,"[:Fare {fare: 445.0, route_id: route_db78ea66_18_1767932356, route_type: Normal Route, fare_type: AC}]"
Nittabuwa,Panadura,460.0,"[:Fare {fare: 460.0, route_id: route_db78ea66_239_1767932356, route_type: Normal Route, fare_type: AC}]"
Nittabuwa,Kalutara,535.0,"[:Fare {fare: 535.0, route_id: route_db78ea66_17_1767932356, route_type: Normal Route, fare_type: AC}]"
Nittabuwa,Aluthgama,635.0,"[:Fare {fare: 635.0, route_id: route_db78ea66_16_1767932356, route_type: Normal Route, fare_type: AC}]"
Nittabuwa,Ambalangoda,765.0,"[:Fare {fare: 765.0, route_id: route_db78ea66_15_1767932356, route_type: Normal Route, fare_type: AC}]"
Nittabuwa,Matara,1175.0,"[:Fare {fare: 1175.0, route_id: route_db78ea66_12_1767932356, route_type: Normal Route, fare_type: AC}]"
Nittabuwa,Negambo,290.0,"[:Fare {fare: 290.0, route_id: route_db78ea66_358_1767932356, route_type: Normal Route, fare_type: AC}]"
Nittabuwa,Kaduwela,245.0,"[:Fare {fare: 245.0, route_id: route_db78ea66_242_1767932356, route_type: Normal Route, fare_type: AC}]"
Nittabuwa,Minuwangoda,180.0,"[:Fare {fare: 180.0, route_id: route_db78ea66_359_1767932356, route_type: Normal Route, fare_type: AC}]"
Nittabuwa,Kiribathgoda,240.0,"[:Fare {fare: 240.0, route_id: route_db78ea66_227_1767932356, route_type: Normal Route, fare_type: AC}]"
Nittabuwa,Yakkala,120.0,"[:Fare {fare: 120.0, route_id: route_db78ea66_228_1767932356, route_type: Normal Route, fare_type: AC}]"
Nittabuwa,Yakkala,120.0,"[:Fare {fare: 120.0, route_id: route_db78ea66_52_1767932356, route_type: Normal Route, fare_type: AC}]"
Nittabuwa,Narahenpita,315.0,"[:Fare {fare: 315.0, route_id: route_db78ea66_382_1767932356, route_type: Normal Route, fare_type: AC}]"
Nittabuwa,Moratuwa,390.0,"[:Fare {fare: 390.0, route_id: route_db78ea66_381_1767932356, route_type: Normal Route, fare_type: AC}]"
Nittabuwa,Nugegoda,335.0,"[:Fare {fare: 335.0, route_id: route_db78ea66_241_1767932356, route_type: Normal Route, fare_type: AC}]"
Nittabuwa,Balummahara,140.0,"[:Fare {fare: 140.0, route_id: route_db78ea66_243_1767932356, route_type: Normal Route, fare_type: AC}]"
Nittabuwa,Dikwella,1285.0,"[:Fare {fare: 1285.0, route_id: route_db78ea66_11_1767932356, route_type: Normal Route, fare_type: AC}]"
Nittabuwa,Beliatta,1360.0,"[:Fare {fare: 1360.0, route_id: route_db78ea66_10_1767932356, route_type: Normal Route, fare_type: AC}]"
Nittabuwa,Ahangama,1040.0,"[:Fare {fare: 1040.0, route_id: route_db78ea66_13_1767932356, route_type: Normal Route, fare_type: AC}]"
Nittabuwa,Walasmulla,1450.0,"[:Fare {fare: 1450.0, route_id: route_db78ea66_9_1767932356, route_type: Normal Route, fare_type: AC}]"
Norochchole,Mundalama,290.0,"[:Fare {fare: 290.0, route_id: route_db78ea66_287_1767932356, route_type: Normal Route, fare_type: AC}]"
Norochchole,Vennappuwa,570.0,"[:Fare {fare: 570.0, route_id: route_db78ea66_284_1767932356, route_type: Normal Route, fare_type: AC}]"
Norochchole,Marawila,525.0,"[:Fare {fare: 525.0, route_id: route_db78ea66_285_1767932356, route_type: Normal Route, fare_type: AC}]"
Norochchole,Chilaw,435.0,"[:Fare {fare: 435.0, route_id: route_db78ea66_286_1767932356, route_type: Normal Route, fare_type: AC}]"
Norochchole,Ja Ela,755.0,"[:Fare {fare: 755.0, route_id: route_db78ea66_282_1767932356, route_type: Normal Route, fare_type: AC}]"
Norochchole,Wattala,810.0,"[:Fare {fare: 810.0, route_id: route_db78ea66_281_1767932356, route_type: Normal Route, fare_type: AC}]"
Norochchole,Thelwatta,670.0,"[:Fare {fare: 670.0, route_id: route_db78ea66_283_1767932356, route_type: Normal Route, fare_type: AC}]"
Norochchole,Kalpitiya,210.0,"[:Fare {fare: 210.0, route_id: route_db78ea66_497_1767932356, route_type: Normal Route, fare_type: AC}]"
Norochchole,Palawiya,180.0,"[:Fare {fare: 180.0, route_id: route_db78ea66_288_1767932356, route_type: Normal Route, fare_type: AC}]"
Kalpitiya,Mundalama,425.0,"[:Fare {fare: 425.0, route_id: route_db78ea66_306_1767932356, route_type: Normal Route, fare_type: AC}]"
Kalpitiya,Vennappuwa,700.0,"[:Fare {fare: 700.0, route_id: route_db78ea66_303_1767932356, route_type: Normal Route, fare_type: AC}]"
Kalpitiya,Marawila,660.0,"[:Fare {fare: 660.0, route_id: route_db78ea66_304_1767932356, route_type: Normal Route, fare_type: AC}]"
Kalpitiya,Chilaw,570.0,"[:Fare {fare: 570.0, route_id: route_db78ea66_305_1767932356, route_type: Normal Route, fare_type: AC}]"
Kalpitiya,Ja Ela,890.0,"[:Fare {fare: 890.0, route_id: route_db78ea66_301_1767932356, route_type: Normal Route, fare_type: AC}]"
Kalpitiya,Wattala,940.0,"[:Fare {fare: 940.0, route_id: route_db78ea66_300_1767932356, route_type: Normal Route, fare_type: AC}]"
Kalpitiya,Thelwatta,800.0,"[:Fare {fare: 800.0, route_id: route_db78ea66_302_1767932356, route_type: Normal Route, fare_type: AC}]"
Kalpitiya,Norochchole,210.0,"[:Fare {fare: 210.0, route_id: route_db78ea66_308_1767932356, route_type: Normal Route, fare_type: AC}]"
Kalpitiya,Palawiya,315.0,"[:Fare {fare: 315.0, route_id: route_db78ea66_307_1767932356, route_type: Normal Route, fare_type: AC}]"
Kalpitiya,Palakuda Junction,160.0,"[:Fare {fare: 160.0, route_id: route_db78ea66_309_1767932356, route_type: Normal Route, fare_type: AC}]"
Maradankadawala,Nochchiyagama,415.0,"[:Fare {fare: 415.0, route_id: route_db78ea66_16_1767932356, route_type: Normal Route, fare_type: AC}]"
Maradankadawala,Anuradhapura,290.0,"[:Fare {fare: 290.0, route_id: route_db78ea66_17_1767932356, route_type: Normal Route, fare_type: AC}]"
Maradankadawala,Dambulla,255.0,"[:Fare {fare: 255.0, route_id: route_db78ea66_0_1767932356, route_type: Normal Route, fare_type: AC}]"
Maradankadawala,Puttalam,680.0,"[:Fare {fare: 680.0, route_id: route_db78ea66_15_1767932356, route_type: Normal Route, fare_type: AC}]"
Maradankadawala,Norochchole,810.0,"[:Fare {fare: 810.0, route_id: route_db78ea66_13_1767932356, route_type: Normal Route, fare_type: AC}]"
Maradankadawala,Kalpitiya,940.0,"[:Fare {fare: 940.0, route_id: route_db78ea66_12_1767932356, route_type: Normal Route, fare_type: AC}]"
Maradankadawala,Palawiya,715.0,"[:Fare {fare: 715.0, route_id: route_db78ea66_14_1767932356, route_type: Normal Route, fare_type: AC}]"
Maradankadawala,Mahiyanganaya,830.0,"[:Fare {fare: 830.0, route_id: route_db78ea66_495_1767932356, route_type: Normal Route, fare_type: AC}]"
Maradankadawala,Badulla,1250.0,"[:Fare {fare: 1250.0, route_id: route_db78ea66_490_1767932356, route_type: Normal Route, fare_type: AC}]"
Maradankadawala,Meegahakiwla,1085.0,"[:Fare {fare: 1085.0, route_id: route_db78ea66_492_1767932356, route_type: Normal Route, fare_type: AC}]"
Maradankadawala,Thaldena,1160.0,"[:Fare {fare: 1160.0, route_id: route_db78ea66_491_1767932356, route_type: Normal Route, fare_type: AC}]"
Maradankadawala,Buddankotte,1010.0,"[:Fare {fare: 1010.0, route_id: route_db78ea66_493_1767932356, route_type: Normal Route, fare_type: AC}]"
Maradankadawala,17 junction,900.0,"[:Fare {fare: 900.0, route_id: route_db78ea66_494_1767932356, route_type: Normal Route, fare_type: AC}]"
Maradankadawala,Hebarawa,700.0,"[:Fare {fare: 700.0, route_id: route_db78ea66_496_1767932356, route_type: Normal Route, fare_type: AC}]"
Maradankadawala,Hettipola,660.0,"[:Fare {fare: 660.0, route_id: route_db78ea66_497_1767932356, route_type: Normal Route, fare_type: AC}]"
Maradankadawala,Laggala,570.0,"[:Fare {fare: 570.0, route_id: route_db78ea66_498_1767932356, route_type: Normal Route, fare_type: AC}]"
Maradankadawala,Bakamuna,400.0,"[:Fare {fare: 400.0, route_id: route_db78ea66_499_1767932356, route_type: Normal Route, fare_type: AC}]"
Habarana,Nochchiyagama,555.0,"[:Fare {fare: 555.0, route_id: route_db78ea66_22_1767932356, route_type: Normal Route, fare_type: AC}]"
Habarana,Anuradhapura,435.0,"[:Fare {fare: 435.0, route_id: route_db78ea66_23_1767932356, route_type: Normal Route, fare_type: AC}]"
Habarana,Mawanalla,745.0,"[:Fare {fare: 745.0, route_id: route_db78ea66_272_1767932356, route_type: Normal Route, fare_type: AC}]"
Habarana,Mawanalla,780.0,"[:Fare {fare: 780.0, route_id: route_db78ea66_260_1767932356, route_type: Normal Route, fare_type: AC}]"
Habarana,Matale,460.0,"[:Fare {fare: 460.0, route_id: route_db78ea66_25_1767932356, route_type: Normal Route, fare_type: AC}]"
Habarana,Nawula,315.0,"[:Fare {fare: 315.0, route_id: route_db78ea66_26_1767932356, route_type: Normal Route, fare_type: AC}]"
Habarana,Dambulla,210.0,"[:Fare {fare: 210.0, route_id: route_db78ea66_27_1767932356, route_type: Normal Route, fare_type: AC}]"
Habarana,Kaduwela,345.0,"[:Fare {fare: 345.0, route_id: route_db78ea66_54_1767932356, route_type: Normal Route, fare_type: AC}]"
Habarana,Awissawella,1105.0,"[:Fare {fare: 1105.0, route_id: route_db78ea66_268_1767932356, route_type: Normal Route, fare_type: AC}]"
Habarana,Puttalam,820.0,"[:Fare {fare: 820.0, route_id: route_db78ea66_21_1767932356, route_type: Normal Route, fare_type: AC}]"
Habarana,Galigamuwa,855.0,"[:Fare {fare: 855.0, route_id: route_db78ea66_270_1767932356, route_type: Normal Route, fare_type: AC}]"
Habarana,Nittabuwa,830.0,"[:Fare {fare: 830.0, route_id: route_db78ea66_112_1767932356, route_type: Normal Route, fare_type: AC}]"
Habarana,Norochchole,950.0,"[:Fare {fare: 950.0, route_id: route_db78ea66_19_1767932356, route_type: Normal Route, fare_type: AC}]"
Habarana,Kalpitiya,1085.0,"[:Fare {fare: 1085.0, route_id: route_db78ea66_18_1767932356, route_type: Normal Route, fare_type: AC}]"
Habarana,Maradankadawala,225.0,"[:Fare {fare: 225.0, route_id: route_db78ea66_24_1767932356, route_type: Normal Route, fare_type: AC}]"
Habarana,Minneriya,225.0,"[:Fare {fare: 225.0, route_id: route_db78ea66_55_1767932356, route_type: Normal Route, fare_type: AC}]"
Habarana,Welikanda,480.0,"[:Fare {fare: 480.0, route_id: route_db78ea66_53_1767932356, route_type: Normal Route, fare_type: AC}]"
Habarana,Walachchena,680.0,"[:Fare {fare: 680.0, route_id: route_db78ea66_52_1767932356, route_type: Normal Route, fare_type: AC}]"
Habarana,Eravur,780.0,"[:Fare {fare: 780.0, route_id: route_db78ea66_51_1767932356, route_type: Normal Route, fare_type: AC}]"
Habarana,Kaththankudi,900.0,"[:Fare {fare: 900.0, route_id: route_db78ea66_49_1767932356, route_type: Normal Route, fare_type: AC}]"
Habarana,Kalawanchikudi,1010.0,"[:Fare {fare: 1010.0, route_id: route_db78ea66_48_1767932356, route_type: Normal Route, fare_type: AC}]"
Habarana,Kalmunai,1075.0,"[:Fare {fare: 1075.0, route_id: route_db78ea66_47_1767932356, route_type: Normal Route, fare_type: AC}]"
Habarana,Akkareipaththu,1195.0,"[:Fare {fare: 1195.0, route_id: route_db78ea66_44_1767932356, route_type: Normal Route, fare_type: AC}]"
Habarana,Kiribathgoda,985.0,"[:Fare {fare: 985.0, route_id: route_db78ea66_110_1767932356, route_type: Normal Route, fare_type: AC}]"
Habarana,Yakkala,890.0,"[:Fare {fare: 890.0, route_id: route_db78ea66_111_1767932356, route_type: Normal Route, fare_type: AC}]"
Habarana,Warakapola,745.0,"[:Fare {fare: 745.0, route_id: route_db78ea66_113_1767932356, route_type: Normal Route, fare_type: AC}]"
Habarana,Warakapola,985.0,"[:Fare {fare: 985.0, route_id: route_db78ea66_258_1767932356, route_type: Normal Route, fare_type: AC}]"
Habarana,Polgahawela,645.0,"[:Fare {fare: 645.0, route_id: route_db78ea66_449_1767932356, route_type: Normal Route, fare_type: AC}]"
Habarana,Palawiya,855.0,"[:Fare {fare: 855.0, route_id: route_db78ea66_20_1767932356, route_type: Normal Route, fare_type: AC}]"
Habarana,Kegalle,820.0,"[:Fare {fare: 820.0, route_id: route_db78ea66_271_1767932356, route_type: Normal Route, fare_type: AC}]"
Habarana,Kegalle,855.0,"[:Fare {fare: 855.0, route_id: route_db78ea66_259_1767932356, route_type: Normal Route, fare_type: AC}]"
Habarana,Katugastota,690.0,"[:Fare {fare: 690.0, route_id: route_db78ea66_273_1767932356, route_type: Normal Route, fare_type: AC}]"
Habarana,Akurana,550.0,"[:Fare {fare: 550.0, route_id: route_db78ea66_275_1767932356, route_type: Normal Route, fare_type: AC}]"
Habarana,Akurana,555.0,"[:Fare {fare: 555.0, route_id: route_db78ea66_262_1767932356, route_type: Normal Route, fare_type: AC}]"
Habarana,Ibbagamuwa,445.0,"[:Fare {fare: 445.0, route_id: route_db78ea66_116_1767932356, route_type: Normal Route, fare_type: AC}]"
Habarana,Malsiripura,380.0,"[:Fare {fare: 380.0, route_id: route_db78ea66_117_1767932356, route_type: Normal Route, fare_type: AC}]"
Habarana,Galewela,300.0,"[:Fare {fare: 300.0, route_id: route_db78ea66_118_1767932356, route_type: Normal Route, fare_type: AC}]"
Habarana,Nugegoda,1370.0,"[:Fare {fare: 1370.0, route_id: route_db78ea66_265_1767932356, route_type: Normal Route, fare_type: AC}]"
Habarana,Nindawur,1105.0,"[:Fare {fare: 1105.0, route_id: route_db78ea66_46_1767932356, route_type: Normal Route, fare_type: AC}]"
Habarana,Batticaloa,855.0,"[:Fare {fare: 855.0, route_id: route_db78ea66_50_1767932356, route_type: Normal Route, fare_type: AC}]"
Habarana,Oluwil,1140.0,"[:Fare {fare: 1140.0, route_id: route_db78ea66_45_1767932356, route_type: Normal Route, fare_type: AC}]"
Habarana,Aguruwalla,985.0,"[:Fare {fare: 985.0, route_id: route_db78ea66_269_1767932356, route_type: Normal Route, fare_type: AC}]"
Habarana,Makumbura,1315.0,"[:Fare {fare: 1315.0, route_id: route_db78ea66_266_1767932356, route_type: Normal Route, fare_type: AC}]"
Habarana,Kaluaggala,1195.0,"[:Fare {fare: 1195.0, route_id: route_db78ea66_267_1767932356, route_type: Normal Route, fare_type: AC}]"
Habarana,Padukka,1295.0,"[:Fare {fare: 1295.0, route_id: route_db78ea66_255_1767932356, route_type: Normal Route, fare_type: AC}]"
Habarana,Pugoda,1180.0,"[:Fare {fare: 1180.0, route_id: route_db78ea66_256_1767932356, route_type: Normal Route, fare_type: AC}]"
Habarana,Aththanagalla,1100.0,"[:Fare {fare: 1100.0, route_id: route_db78ea66_257_1767932356, route_type: Normal Route, fare_type: AC}]"
Habarana,Horana,1390.0,"[:Fare {fare: 1390.0, route_id: route_db78ea66_254_1767932356, route_type: Normal Route, fare_type: AC}]"
Minneriya,Nochchiyagama,700.0,"[:Fare {fare: 700.0, route_id: route_db78ea66_29_1767932356, route_type: Normal Route, fare_type: AC}]"
Minneriya,Anuradhapura,580.0,"[:Fare {fare: 580.0, route_id: route_db78ea66_30_1767932356, route_type: Normal Route, fare_type: AC}]"
Minneriya,Mawanalla,920.0,"[:Fare {fare: 920.0, route_id: route_db78ea66_272_1767932356, route_type: Normal Route, fare_type: AC}]"
Minneriya,Matale,600.0,"[:Fare {fare: 600.0, route_id: route_db78ea66_275_1767932356, route_type: Normal Route, fare_type: AC}]"
Minneriya,Nawula,460.0,"[:Fare {fare: 460.0, route_id: route_db78ea66_276_1767932356, route_type: Normal Route, fare_type: AC}]"
Minneriya,Dambulla,360.0,"[:Fare {fare: 360.0, route_id: route_db78ea66_130_1767932356, route_type: Normal Route, fare_type: AC}]"
Minneriya,Kaduwela,200.0,"[:Fare {fare: 200.0, route_id: route_db78ea66_43_1767932356, route_type: Normal Route, fare_type: AC}]"
Minneriya,Puttalam,965.0,"[:Fare {fare: 965.0, route_id: route_db78ea66_28_1767932356, route_type: Normal Route, fare_type: AC}]"
Minneriya,Nittabuwa,975.0,"[:Fare {fare: 975.0, route_id: route_db78ea66_123_1767932356, route_type: Normal Route, fare_type: AC}]"
Minneriya,Norochchole,1100.0,"[:Fare {fare: 1100.0, route_id: route_db78ea66_26_1767932356, route_type: Normal Route, fare_type: AC}]"
Minneriya,Kalpitiya,1225.0,"[:Fare {fare: 1225.0, route_id: route_db78ea66_25_1767932356, route_type: Normal Route, fare_type: AC}]"
Minneriya,Maradankadawala,365.0,"[:Fare {fare: 365.0, route_id: route_db78ea66_31_1767932356, route_type: Normal Route, fare_type: AC}]"
Minneriya,Habarana,225.0,"[:Fare {fare: 225.0, route_id: route_db78ea66_32_1767932356, route_type: Normal Route, fare_type: AC}]"
Minneriya,Welikanda,335.0,"[:Fare {fare: 335.0, route_id: route_db78ea66_42_1767932356, route_type: Normal Route, fare_type: AC}]"
Minneriya,Walachchena,535.0,"[:Fare {fare: 535.0, route_id: route_db78ea66_41_1767932356, route_type: Normal Route, fare_type: AC}]"
Minneriya,Eravur,635.0,"[:Fare {fare: 635.0, route_id: route_db78ea66_40_1767932356, route_type: Normal Route, fare_type: AC}]"
Minneriya,Kaththankudi,755.0,"[:Fare {fare: 755.0, route_id: route_db78ea66_38_1767932356, route_type: Normal Route, fare_type: AC}]"
Minneriya,Kalawanchikudi,865.0,"[:Fare {fare: 865.0, route_id: route_db78ea66_37_1767932356, route_type: Normal Route, fare_type: AC}]"
Minneriya,Kalmunai,930.0,"[:Fare {fare: 930.0, route_id: route_db78ea66_36_1767932356, route_type: Normal Route, fare_type: AC}]"
Minneriya,Akkareipaththu,1050.0,"[:Fare {fare: 1050.0, route_id: route_db78ea66_33_1767932356, route_type: Normal Route, fare_type: AC}]"
Minneriya,Kiribathgoda,1130.0,"[:Fare {fare: 1130.0, route_id: route_db78ea66_121_1767932356, route_type: Normal Route, fare_type: AC}]"
Minneriya,Yakkala,1030.0,"[:Fare {fare: 1030.0, route_id: route_db78ea66_181_1767932356, route_type: Normal Route, fare_type: AC}]"
Minneriya,Warakapola,890.0,"[:Fare {fare: 890.0, route_id: route_db78ea66_124_1767932356, route_type: Normal Route, fare_type: AC}]"
Minneriya,Warakapola,1130.0,"[:Fare {fare: 1130.0, route_id: route_db78ea66_270_1767932356, route_type: Normal Route, fare_type: AC}]"
Minneriya,Polgahawela,790.0,"[:Fare {fare: 790.0, route_id: route_db78ea66_125_1767932356, route_type: Normal Route, fare_type: AC}]"
Minneriya,Palawiya,995.0,"[:Fare {fare: 995.0, route_id: route_db78ea66_27_1767932356, route_type: Normal Route, fare_type: AC}]"
Minneriya,Kegalle,995.0,"[:Fare {fare: 995.0, route_id: route_db78ea66_271_1767932356, route_type: Normal Route, fare_type: AC}]"
Minneriya,Akurana,700.0,"[:Fare {fare: 700.0, route_id: route_db78ea66_274_1767932356, route_type: Normal Route, fare_type: AC}]"
Minneriya,Ibbagamuwa,590.0,"[:Fare {fare: 590.0, route_id: route_db78ea66_127_1767932356, route_type: Normal Route, fare_type: AC}]"
Minneriya,Malsiripura,525.0,"[:Fare {fare: 525.0, route_id: route_db78ea66_128_1767932356, route_type: Normal Route, fare_type: AC}]"
Minneriya,Galewela,445.0,"[:Fare {fare: 445.0, route_id: route_db78ea66_129_1767932356, route_type: Normal Route, fare_type: AC}]"
Minneriya,Nindawur,965.0,"[:Fare {fare: 965.0, route_id: route_db78ea66_35_1767932356, route_type: Normal Route, fare_type: AC}]"
Minneriya,Batticaloa,715.0,"[:Fare {fare: 715.0, route_id: route_db78ea66_39_1767932356, route_type: Normal Route, fare_type: AC}]"
Minneriya,Oluwil,995.0,"[:Fare {fare: 995.0, route_id: route_db78ea66_34_1767932356, route_type: Normal Route, fare_type: AC}]"
Minneriya,Padukka,1435.0,"[:Fare {fare: 1435.0, route_id: route_db78ea66_267_1767932356, route_type: Normal Route, fare_type: AC}]"
Minneriya,Pugoda,1330.0,"[:Fare {fare: 1330.0, route_id: route_db78ea66_268_1767932356, route_type: Normal Route, fare_type: AC}]"
Minneriya,Aththanagalla,1240.0,"[:Fare {fare: 1240.0, route_id: route_db78ea66_269_1767932356, route_type: Normal Route, fare_type: AC}]"
Minneriya,Horana,1535.0,"[:Fare {fare: 1535.0, route_id: route_db78ea66_266_1767932356, route_type: Normal Route, fare_type: AC}]"
Welikanda,Nochchiyagama,950.0,"[:Fare {fare: 950.0, route_id: route_db78ea66_46_1767932356, route_type: Normal Route, fare_type: AC}]"
Welikanda,Anuradhapura,830.0,"[:Fare {fare: 830.0, route_id: route_db78ea66_47_1767932356, route_type: Normal Route, fare_type: AC}]"
Welikanda,Mawanalla,1175.0,"[:Fare {fare: 1175.0, route_id: route_db78ea66_299_1767932356, route_type: Normal Route, fare_type: AC}]"
Welikanda,Matale,855.0,"[:Fare {fare: 855.0, route_id: route_db78ea66_302_1767932356, route_type: Normal Route, fare_type: AC}]"
Welikanda,Nawula,715.0,"[:Fare {fare: 715.0, route_id: route_db78ea66_303_1767932356, route_type: Normal Route, fare_type: AC}]"
Welikanda,Dambulla,615.0,"[:Fare {fare: 615.0, route_id: route_db78ea66_155_1767932356, route_type: Normal Route, fare_type: AC}]"
Welikanda,Kaduwela,210.0,"[:Fare {fare: 210.0, route_id: route_db78ea66_51_1767932356, route_type: Normal Route, fare_type: AC}]"
Welikanda,Puttalam,1220.0,"[:Fare {fare: 1220.0, route_id: route_db78ea66_45_1767932356, route_type: Normal Route, fare_type: AC}]"
Welikanda,Nittabuwa,1225.0,"[:Fare {fare: 1225.0, route_id: route_db78ea66_148_1767932356, route_type: Normal Route, fare_type: AC}]"
Welikanda,Norochchole,1350.0,"[:Fare {fare: 1350.0, route_id: route_db78ea66_43_1767932356, route_type: Normal Route, fare_type: AC}]"
Welikanda,Kalpitiya,1480.0,"[:Fare {fare: 1480.0, route_id: route_db78ea66_42_1767932356, route_type: Normal Route, fare_type: AC}]"
Welikanda,Maradankadawala,620.0,"[:Fare {fare: 620.0, route_id: route_db78ea66_48_1767932356, route_type: Normal Route, fare_type: AC}]"
Welikanda,Habarana,480.0,"[:Fare {fare: 480.0, route_id: route_db78ea66_49_1767932356, route_type: Normal Route, fare_type: AC}]"
Welikanda,Minneriya,335.0,"[:Fare {fare: 335.0, route_id: route_db78ea66_50_1767932356, route_type: Normal Route, fare_type: AC}]"
Welikanda,Walachchena,280.0,"[:Fare {fare: 280.0, route_id: route_db78ea66_22_1767932356, route_type: Normal Route, fare_type: AC}]"
Welikanda,Eravur,380.0,"[:Fare {fare: 380.0, route_id: route_db78ea66_21_1767932356, route_type: Normal Route, fare_type: AC}]"
Welikanda,Kaththankudi,500.0,"[:Fare {fare: 500.0, route_id: route_db78ea66_19_1767932356, route_type: Normal Route, fare_type: AC}]"
Welikanda,Kalawanchikudi,615.0,"[:Fare {fare: 615.0, route_id: route_db78ea66_18_1767932356, route_type: Normal Route, fare_type: AC}]"
Welikanda,Kalmunai,680.0,"[:Fare {fare: 680.0, route_id: route_db78ea66_17_1767932356, route_type: Normal Route, fare_type: AC}]"
Welikanda,Akkareipaththu,800.0,"[:Fare {fare: 800.0, route_id: route_db78ea66_14_1767932356, route_type: Normal Route, fare_type: AC}]"
Welikanda,Kiribathgoda,1380.0,"[:Fare {fare: 1380.0, route_id: route_db78ea66_146_1767932356, route_type: Normal Route, fare_type: AC}]"
Welikanda,Yakkala,1285.0,"[:Fare {fare: 1285.0, route_id: route_db78ea66_147_1767932356, route_type: Normal Route, fare_type: AC}]"
Welikanda,Warakapola,1140.0,"[:Fare {fare: 1140.0, route_id: route_db78ea66_149_1767932356, route_type: Normal Route, fare_type: AC}]"
Welikanda,Warakapola,1380.0,"[:Fare {fare: 1380.0, route_id: route_db78ea66_297_1767932356, route_type: Normal Route, fare_type: AC}]"
Welikanda,Polgahawela,1040.0,"[:Fare {fare: 1040.0, route_id: route_db78ea66_150_1767932356, route_type: Normal Route, fare_type: AC}]"
Welikanda,Palawiya,1250.0,"[:Fare {fare: 1250.0, route_id: route_db78ea66_44_1767932356, route_type: Normal Route, fare_type: AC}]"
Welikanda,Kegalle,1250.0,"[:Fare {fare: 1250.0, route_id: route_db78ea66_298_1767932356, route_type: Normal Route, fare_type: AC}]"
Welikanda,Akurana,950.0,"[:Fare {fare: 950.0, route_id: route_db78ea66_301_1767932356, route_type: Normal Route, fare_type: AC}]"
Welikanda,Ibbagamuwa,845.0,"[:Fare {fare: 845.0, route_id: route_db78ea66_152_1767932356, route_type: Normal Route, fare_type: AC}]"
Welikanda,Malsiripura,780.0,"[:Fare {fare: 780.0, route_id: route_db78ea66_153_1767932356, route_type: Normal Route, fare_type: AC}]"
Welikanda,Galewela,700.0,"[:Fare {fare: 700.0, route_id: route_db78ea66_154_1767932356, route_type: Normal Route, fare_type: AC}]"
Welikanda,Nindawur,715.0,"[:Fare {fare: 715.0, route_id: route_db78ea66_16_1767932356, route_type: Normal Route, fare_type: AC}]"
Welikanda,Batticaloa,460.0,"[:Fare {fare: 460.0, route_id: route_db78ea66_20_1767932356, route_type: Normal Route, fare_type: AC}]"
Welikanda,Oluwil,745.0,"[:Fare {fare: 745.0, route_id: route_db78ea66_15_1767932356, route_type: Normal Route, fare_type: AC}]"
Welikanda,Padukka,1690.0,"[:Fare {fare: 1690.0, route_id: route_db78ea66_294_1767932356, route_type: Normal Route, fare_type: AC}]"
Welikanda,Pugoda,1580.0,"[:Fare {fare: 1580.0, route_id: route_db78ea66_295_1767932356, route_type: Normal Route, fare_type: AC}]"
Welikanda,Aththanagalla,1490.0,"[:Fare {fare: 1490.0, route_id: route_db78ea66_296_1767932356, route_type: Normal Route, fare_type: AC}]"
Welikanda,Horana,1790.0,"[:Fare {fare: 1790.0, route_id: route_db78ea66_293_1767932356, route_type: Normal Route, fare_type: AC}]"
Walachchena,Nochchiyagama,1150.0,"[:Fare {fare: 1150.0, route_id: route_db78ea66_56_1767932356, route_type: Normal Route, fare_type: AC}]"
Walachchena,Anuradhapura,1030.0,"[:Fare {fare: 1030.0, route_id: route_db78ea66_57_1767932356, route_type: Normal Route, fare_type: AC}]"
Walachchena,Dambulla,810.0,"[:Fare {fare: 810.0, route_id: route_db78ea66_169_1767932356, route_type: Normal Route, fare_type: AC}]"
Walachchena,Kaduwela,415.0,"[:Fare {fare: 415.0, route_id: route_db78ea66_61_1767932356, route_type: Normal Route, fare_type: AC}]"
Walachchena,Puttalam,1415.0,"[:Fare {fare: 1415.0, route_id: route_db78ea66_55_1767932356, route_type: Normal Route, fare_type: AC}]"
Walachchena,Nittabuwa,1425.0,"[:Fare {fare: 1425.0, route_id: route_db78ea66_162_1767932356, route_type: Normal Route, fare_type: AC}]"
Walachchena,Norochchole,1545.0,"[:Fare {fare: 1545.0, route_id: route_db78ea66_53_1767932356, route_type: Normal Route, fare_type: AC}]"
Walachchena,Kalpitiya,1680.0,"[:Fare {fare: 1680.0, route_id: route_db78ea66_52_1767932356, route_type: Normal Route, fare_type: AC}]"
Walachchena,Maradankadawala,820.0,"[:Fare {fare: 820.0, route_id: route_db78ea66_58_1767932356, route_type: Normal Route, fare_type: AC}]"
Walachchena,Habarana,680.0,"[:Fare {fare: 680.0, route_id: route_db78ea66_59_1767932356, route_type: Normal Route, fare_type: AC}]"
Walachchena,Minneriya,535.0,"[:Fare {fare: 535.0, route_id: route_db78ea66_60_1767932356, route_type: Normal Route, fare_type: AC}]"
Walachchena,Welikanda,280.0,"[:Fare {fare: 280.0, route_id: route_db78ea66_62_1767932356, route_type: Normal Route, fare_type: AC}]"
Walachchena,Eravur,180.0,"[:Fare {fare: 180.0, route_id: route_db78ea66_13_1767932356, route_type: Normal Route, fare_type: AC}]"
Walachchena,Kaththankudi,300.0,"[:Fare {fare: 300.0, route_id: route_db78ea66_11_1767932356, route_type: Normal Route, fare_type: AC}]"
Walachchena,Kalawanchikudi,415.0,"[:Fare {fare: 415.0, route_id: route_db78ea66_10_1767932356, route_type: Normal Route, fare_type: AC}]"
Walachchena,Kalmunai,480.0,"[:Fare {fare: 480.0, route_id: route_db78ea66_9_1767932356, route_type: Normal Route, fare_type: AC}]"
Walachchena,Akkareipaththu,600.0,"[:Fare {fare: 600.0, route_id: route_db78ea66_6_1767932356, route_type: Normal Route, fare_type: AC}]"
Walachchena,Kiribathgoda,1580.0,"[:Fare {fare: 1580.0, route_id: route_db78ea66_160_1767932356, route_type: Normal Route, fare_type: AC}]"
Walachchena,Yakkala,1480.0,"[:Fare {fare: 1480.0, route_id: route_db78ea66_161_1767932356, route_type: Normal Route, fare_type: AC}]"
Walachchena,Warakapola,1340.0,"[:Fare {fare: 1340.0, route_id: route_db78ea66_163_1767932356, route_type: Normal Route, fare_type: AC}]"
Walachchena,Polgahawela,1240.0,"[:Fare {fare: 1240.0, route_id: route_db78ea66_164_1767932356, route_type: Normal Route, fare_type: AC}]"
Walachchena,Palawiya,1450.0,"[:Fare {fare: 1450.0, route_id: route_db78ea66_54_1767932356, route_type: Normal Route, fare_type: AC}]"
Walachchena,Ibbagamuwa,1040.0,"[:Fare {fare: 1040.0, route_id: route_db78ea66_166_1767932356, route_type: Normal Route, fare_type: AC}]"
Walachchena,Malsiripura,975.0,"[:Fare {fare: 975.0, route_id: route_db78ea66_167_1767932356, route_type: Normal Route, fare_type: AC}]"
Walachchena,Galewela,900.0,"[:Fare {fare: 900.0, route_id: route_db78ea66_168_1767932356, route_type: Normal Route, fare_type: AC}]"
Walachchena,Nindawur,510.0,"[:Fare {fare: 510.0, route_id: route_db78ea66_8_1767932356, route_type: Normal Route, fare_type: AC}]"
Walachchena,Batticaloa,255.0,"[:Fare {fare: 255.0, route_id: route_db78ea66_12_1767932356, route_type: Normal Route, fare_type: AC}]"
Walachchena,Oluwil,550.0,"[:Fare {fare: 550.0, route_id: route_db78ea66_7_1767932356, route_type: Normal Route, fare_type: AC}]"
Eravur,Nochchiyagama,1250.0,"[:Fare {fare: 1250.0, route_id: route_db78ea66_67_1767932356, route_type: Normal Route, fare_type: AC}]"
Eravur,Anuradhapura,1130.0,"[:Fare {fare: 1130.0, route_id: route_db78ea66_68_1767932356, route_type: Normal Route, fare_type: AC}]"
Eravur,Dambulla,910.0,"[:Fare {fare: 910.0, route_id: route_db78ea66_184_1767932356, route_type: Normal Route, fare_type: AC}]"
Eravur,Kaduwela,510.0,"[:Fare {fare: 510.0, route_id: route_db78ea66_72_1767932356, route_type: Normal Route, fare_type: AC}]"
Eravur,Kaduwela,510.0,"[:Fare {fare: 510.0, route_id: route_db78ea66_187_1767932356, route_type: Normal Route, fare_type: AC}]"
Eravur,Puttalam,1515.0,"[:Fare {fare: 1515.0, route_id: route_db78ea66_66_1767932356, route_type: Normal Route, fare_type: AC}]"
Eravur,Nittabuwa,1525.0,"[:Fare {fare: 1525.0, route_id: route_db78ea66_177_1767932356, route_type: Normal Route, fare_type: AC}]"
Eravur,Norochchole,1645.0,"[:Fare {fare: 1645.0, route_id: route_db78ea66_64_1767932356, route_type: Normal Route, fare_type: AC}]"
Eravur,Kalpitiya,1780.0,"[:Fare {fare: 1780.0, route_id: route_db78ea66_63_1767932356, route_type: Normal Route, fare_type: AC}]"
Eravur,Maradankadawala,920.0,"[:Fare {fare: 920.0, route_id: route_db78ea66_69_1767932356, route_type: Normal Route, fare_type: AC}]"
Eravur,Habarana,780.0,"[:Fare {fare: 780.0, route_id: route_db78ea66_70_1767932356, route_type: Normal Route, fare_type: AC}]"
Eravur,Habarana,780.0,"[:Fare {fare: 780.0, route_id: route_db78ea66_185_1767932356, route_type: Normal Route, fare_type: AC}]"
Eravur,Minneriya,635.0,"[:Fare {fare: 635.0, route_id: route_db78ea66_71_1767932356, route_type: Normal Route, fare_type: AC}]"
Eravur,Minneriya,635.0,"[:Fare {fare: 635.0, route_id: route_db78ea66_186_1767932356, route_type: Normal Route, fare_type: AC}]"
Eravur,Welikanda,380.0,"[:Fare {fare: 380.0, route_id: route_db78ea66_73_1767932356, route_type: Normal Route, fare_type: AC}]"
Eravur,Welikanda,380.0,"[:Fare {fare: 380.0, route_id: route_db78ea66_188_1767932356, route_type: Normal Route, fare_type: AC}]"
Eravur,Walachchena,180.0,"[:Fare {fare: 180.0, route_id: route_db78ea66_74_1767932356, route_type: Normal Route, fare_type: AC}]"
Eravur,Walachchena,180.0,"[:Fare {fare: 180.0, route_id: route_db78ea66_189_1767932356, route_type: Normal Route, fare_type: AC}]"
Eravur,Kaththankudi,200.0,"[:Fare {fare: 200.0, route_id: route_db78ea66_4_1767932356, route_type: Normal Route, fare_type: AC}]"
Eravur,Kalawanchikudi,315.0,"[:Fare {fare: 315.0, route_id: route_db78ea66_3_1767932356, route_type: Normal Route, fare_type: AC}]"
Eravur,Kalmunai,380.0,"[:Fare {fare: 380.0, route_id: route_db78ea66_2_1767932356, route_type: Normal Route, fare_type: AC}]"
Eravur,Akkareipaththu,500.0,"[:Fare {fare: 500.0, route_id: route_db78ea66_499_1767932356, route_type: Normal Route, fare_type: AC}]"
Eravur,Kiribathgoda,1680.0,"[:Fare {fare: 1680.0, route_id: route_db78ea66_175_1767932356, route_type: Normal Route, fare_type: AC}]"
Eravur,Yakkala,1580.0,"[:Fare {fare: 1580.0, route_id: route_db78ea66_176_1767932356, route_type: Normal Route, fare_type: AC}]"
Eravur,Warakapola,1435.0,"[:Fare {fare: 1435.0, route_id: route_db78ea66_178_1767932356, route_type: Normal Route, fare_type: AC}]"
Eravur,Polgahawela,1340.0,"[:Fare {fare: 1340.0, route_id: route_db78ea66_179_1767932356, route_type: Normal Route, fare_type: AC}]"
Eravur,Palawiya,1545.0,"[:Fare {fare: 1545.0, route_id: route_db78ea66_65_1767932356, route_type: Normal Route, fare_type: AC}]"
Eravur,Ibbagamuwa,1140.0,"[:Fare {fare: 1140.0, route_id: route_db78ea66_181_1767932356, route_type: Normal Route, fare_type: AC}]"
Eravur,Malsiripura,1075.0,"[:Fare {fare: 1075.0, route_id: route_db78ea66_182_1767932356, route_type: Normal Route, fare_type: AC}]"
Eravur,Galewela,995.0,"[:Fare {fare: 995.0, route_id: route_db78ea66_183_1767932356, route_type: Normal Route, fare_type: AC}]"
Eravur,Nindawur,415.0,"[:Fare {fare: 415.0, route_id: route_db78ea66_1_1767932356, route_type: Normal Route, fare_type: AC}]"
Eravur,Batticaloa,160.0,"[:Fare {fare: 160.0, route_id: route_db78ea66_5_1767932356, route_type: Normal Route, fare_type: AC}]"
Eravur,Wakaneri Junction,255.0,"[:Fare {fare: 255.0, route_id: route_db78ea66_360_1767932356, route_type: Normal Route, fare_type: AC}]"
Eravur,Oluwil,445.0,"[:Fare {fare: 445.0, route_id: route_db78ea66_0_1767932356, route_type: Normal Route, fare_type: AC}]"
Eravur,Kiraan,140.0,"[:Fare {fare: 140.0, route_id: route_db78ea66_361_1767932356, route_type: Normal Route, fare_type: AC}]"
Kaththankudi,Nochchiyagama,1370.0,"[:Fare {fare: 1370.0, route_id: route_db78ea66_79_1767932356, route_type: Normal Route, fare_type: AC}]"
Kaththankudi,Anuradhapura,1250.0,"[:Fare {fare: 1250.0, route_id: route_db78ea66_80_1767932356, route_type: Normal Route, fare_type: AC}]"
Kaththankudi,Dambulla,1030.0,"[:Fare {fare: 1030.0, route_id: route_db78ea66_217_1767932356, route_type: Normal Route, fare_type: AC}]"
Kaththankudi,Kaduwela,635.0,"[:Fare {fare: 635.0, route_id: route_db78ea66_84_1767932356, route_type: Normal Route, fare_type: AC}]"
Kaththankudi,Puttalam,1635.0,"[:Fare {fare: 1635.0, route_id: route_db78ea66_78_1767932356, route_type: Normal Route, fare_type: AC}]"
Kaththankudi,Nittabuwa,1645.0,"[:Fare {fare: 1645.0, route_id: route_db78ea66_210_1767932356, route_type: Normal Route, fare_type: AC}]"
Kaththankudi,Norochchole,1770.0,"[:Fare {fare: 1770.0, route_id: route_db78ea66_76_1767932356, route_type: Normal Route, fare_type: AC}]"
Kaththankudi,Kalpitiya,1900.0,"[:Fare {fare: 1900.0, route_id: route_db78ea66_75_1767932356, route_type: Normal Route, fare_type: AC}]"
Kaththankudi,Maradankadawala,1040.0,"[:Fare {fare: 1040.0, route_id: route_db78ea66_81_1767932356, route_type: Normal Route, fare_type: AC}]"
Kaththankudi,Habarana,900.0,"[:Fare {fare: 900.0, route_id: route_db78ea66_82_1767932356, route_type: Normal Route, fare_type: AC}]"
Kaththankudi,Minneriya,755.0,"[:Fare {fare: 755.0, route_id: route_db78ea66_83_1767932356, route_type: Normal Route, fare_type: AC}]"
Kaththankudi,Welikanda,500.0,"[:Fare {fare: 500.0, route_id: route_db78ea66_85_1767932356, route_type: Normal Route, fare_type: AC}]"
Kaththankudi,Walachchena,300.0,"[:Fare {fare: 300.0, route_id: route_db78ea66_110_1767932356, route_type: Normal Route, fare_type: AC}]"
Kaththankudi,Eravur,200.0,"[:Fare {fare: 200.0, route_id: route_db78ea66_87_1767932356, route_type: Normal Route, fare_type: AC}]"
Kaththankudi,Eravur,200.0,"[:Fare {fare: 200.0, route_id: route_db78ea66_223_1767932356, route_type: Normal Route, fare_type: AC}]"
Kaththankudi,Kalawanchikudi,190.0,"[:Fare {fare: 190.0, route_id: route_db78ea66_492_1767932356, route_type: Normal Route, fare_type: AC}]"
Kaththankudi,Kalmunai,255.0,"[:Fare {fare: 255.0, route_id: route_db78ea66_491_1767932356, route_type: Normal Route, fare_type: AC}]"
Kaththankudi,Akkareipaththu,380.0,"[:Fare {fare: 380.0, route_id: route_db78ea66_488_1767932356, route_type: Normal Route, fare_type: AC}]"
Kaththankudi,Kiribathgoda,1800.0,"[:Fare {fare: 1800.0, route_id: route_db78ea66_208_1767932356, route_type: Normal Route, fare_type: AC}]"
Kaththankudi,Yakkala,1700.0,"[:Fare {fare: 1700.0, route_id: route_db78ea66_209_1767932356, route_type: Normal Route, fare_type: AC}]"
Kaththankudi,Warakapola,1560.0,"[:Fare {fare: 1560.0, route_id: route_db78ea66_211_1767932356, route_type: Normal Route, fare_type: AC}]"
Kaththankudi,Polgahawela,1460.0,"[:Fare {fare: 1460.0, route_id: route_db78ea66_212_1767932356, route_type: Normal Route, fare_type: AC}]"
Kaththankudi,Palawiya,1665.0,"[:Fare {fare: 1665.0, route_id: route_db78ea66_77_1767932356, route_type: Normal Route, fare_type: AC}]"
Kaththankudi,Ibbagamuwa,1260.0,"[:Fare {fare: 1260.0, route_id: route_db78ea66_214_1767932356, route_type: Normal Route, fare_type: AC}]"
Kaththankudi,Malsiripura,1195.0,"[:Fare {fare: 1195.0, route_id: route_db78ea66_215_1767932356, route_type: Normal Route, fare_type: AC}]"
Kaththankudi,Galewela,1120.0,"[:Fare {fare: 1120.0, route_id: route_db78ea66_216_1767932356, route_type: Normal Route, fare_type: AC}]"
Kaththankudi,Nindawur,290.0,"[:Fare {fare: 290.0, route_id: route_db78ea66_490_1767932356, route_type: Normal Route, fare_type: AC}]"
Kaththankudi,Batticaloa,100.0,"[:Fare {fare: 100.0, route_id: route_db78ea66_224_1767932356, route_type: Normal Route, fare_type: AC}]"
Kaththankudi,Oluwil,320.0,"[:Fare {fare: 320.0, route_id: route_db78ea66_489_1767932356, route_type: Normal Route, fare_type: AC}]"
Kalawanchikudi,Nochchiyagama,1480.0,"[:Fare {fare: 1480.0, route_id: route_db78ea66_92_1767932356, route_type: Normal Route, fare_type: AC}]"
Kalawanchikudi,Anuradhapura,1360.0,"[:Fare {fare: 1360.0, route_id: route_db78ea66_93_1767932356, route_type: Normal Route, fare_type: AC}]"
Kalawanchikudi,Dambulla,1140.0,"[:Fare {fare: 1140.0, route_id: route_db78ea66_235_1767932356, route_type: Normal Route, fare_type: AC}]"
Kalawanchikudi,Kaduwela,745.0,"[:Fare {fare: 745.0, route_id: route_db78ea66_97_1767932356, route_type: Normal Route, fare_type: AC}]"
Kalawanchikudi,Puttalam,1745.0,"[:Fare {fare: 1745.0, route_id: route_db78ea66_91_1767932356, route_type: Normal Route, fare_type: AC}]"
Kalawanchikudi,Nittabuwa,1755.0,"[:Fare {fare: 1755.0, route_id: route_db78ea66_228_1767932356, route_type: Normal Route, fare_type: AC}]"
Kalawanchikudi,Norochchole,1875.0,"[:Fare {fare: 1875.0, route_id: route_db78ea66_89_1767932356, route_type: Normal Route, fare_type: AC}]"
Kalawanchikudi,Kalpitiya,2010.0,"[:Fare {fare: 2010.0, route_id: route_db78ea66_88_1767932356, route_type: Normal Route, fare_type: AC}]"
Kalawanchikudi,Maradankadawala,1150.0,"[:Fare {fare: 1150.0, route_id: route_db78ea66_94_1767932356, route_type: Normal Route, fare_type: AC}]"
Kalawanchikudi,Habarana,1010.0,"[:Fare {fare: 1010.0, route_id: route_db78ea66_95_1767932356, route_type: Normal Route, fare_type: AC}]"
Kalawanchikudi,Minneriya,865.0,"[:Fare {fare: 865.0, route_id: route_db78ea66_96_1767932356, route_type: Normal Route, fare_type: AC}]"
Kalawanchikudi,Welikanda,615.0,"[:Fare {fare: 615.0, route_id: route_db78ea66_98_1767932356, route_type: Normal Route, fare_type: AC}]"
Kalawanchikudi,Walachchena,415.0,"[:Fare {fare: 415.0, route_id: route_db78ea66_99_1767932356, route_type: Normal Route, fare_type: AC}]"
Kalawanchikudi,Eravur,315.0,"[:Fare {fare: 315.0, route_id: route_db78ea66_100_1767932356, route_type: Normal Route, fare_type: AC}]"
Kalawanchikudi,Eravur,315.0,"[:Fare {fare: 315.0, route_id: route_db78ea66_241_1767932356, route_type: Normal Route, fare_type: AC}]"
Kalawanchikudi,Kaththankudi,190.0,"[:Fare {fare: 190.0, route_id: route_db78ea66_101_1767932356, route_type: Normal Route, fare_type: AC}]"
Kalawanchikudi,Kalmunai,140.0,"[:Fare {fare: 140.0, route_id: route_db78ea66_487_1767932356, route_type: Normal Route, fare_type: AC}]"
Kalawanchikudi,Akkareipaththu,270.0,"[:Fare {fare: 270.0, route_id: route_db78ea66_484_1767932356, route_type: Normal Route, fare_type: AC}]"
Kalawanchikudi,Kiribathgoda,1910.0,"[:Fare {fare: 1910.0, route_id: route_db78ea66_226_1767932356, route_type: Normal Route, fare_type: AC}]"
Kalawanchikudi,Yakkala,1810.0,"[:Fare {fare: 1810.0, route_id: route_db78ea66_227_1767932356, route_type: Normal Route, fare_type: AC}]"
Kalawanchikudi,Warakapola,1665.0,"[:Fare {fare: 1665.0, route_id: route_db78ea66_229_1767932356, route_type: Normal Route, fare_type: AC}]"
Kalawanchikudi,Polgahawela,1570.0,"[:Fare {fare: 1570.0, route_id: route_db78ea66_230_1767932356, route_type: Normal Route, fare_type: AC}]"
Kalawanchikudi,Palawiya,1780.0,"[:Fare {fare: 1780.0, route_id: route_db78ea66_90_1767932356, route_type: Normal Route, fare_type: AC}]"
Kalawanchikudi,Ibbagamuwa,1370.0,"[:Fare {fare: 1370.0, route_id: route_db78ea66_232_1767932356, route_type: Normal Route, fare_type: AC}]"
Kalawanchikudi,Malsiripura,1305.0,"[:Fare {fare: 1305.0, route_id: route_db78ea66_233_1767932356, route_type: Normal Route, fare_type: AC}]"
Kalawanchikudi,Galewela,1225.0,"[:Fare {fare: 1225.0, route_id: route_db78ea66_234_1767932356, route_type: Normal Route, fare_type: AC}]"
Kalawanchikudi,Nindawur,180.0,"[:Fare {fare: 180.0, route_id: route_db78ea66_486_1767932356, route_type: Normal Route, fare_type: AC}]"
Kalawanchikudi,Batticaloa,240.0,"[:Fare {fare: 240.0, route_id: route_db78ea66_242_1767932356, route_type: Normal Route, fare_type: AC}]"
Kalawanchikudi,Wakaneri Junction,490.0,"[:Fare {fare: 490.0, route_id: route_db78ea66_387_1767932356, route_type: Normal Route, fare_type: AC}]"
Kalawanchikudi,Oluwil,210.0,"[:Fare {fare: 210.0, route_id: route_db78ea66_485_1767932356, route_type: Normal Route, fare_type: AC}]"
Kalawanchikudi,Kiraan,380.0,"[:Fare {fare: 380.0, route_id: route_db78ea66_388_1767932356, route_type: Normal Route, fare_type: AC}]"
Kalmunai,Nochchiyagama,1545.0,"[:Fare {fare: 1545.0, route_id: route_db78ea66_106_1767932356, route_type: Normal Route, fare_type: AC}]"
Kalmunai,Anuradhapura,1425.0,"[:Fare {fare: 1425.0, route_id: route_db78ea66_107_1767932356, route_type: Normal Route, fare_type: AC}]"
Kalmunai,Mawanalla,1545.0,"[:Fare {fare: 1545.0, route_id: route_db78ea66_228_1767932356, route_type: Normal Route, fare_type: AC}]"
Kalmunai,Dambulla,1205.0,"[:Fare {fare: 1205.0, route_id: route_db78ea66_397_1767932356, route_type: Normal Route, fare_type: AC}]"
Kalmunai,Kaduwela,810.0,"[:Fare {fare: 810.0, route_id: route_db78ea66_111_1767932356, route_type: Normal Route, fare_type: AC}]"
Kalmunai,Kaduwela,2150.0,"[:Fare {fare: 2150.0, route_id: route_db78ea66_478_1767932356, route_type: Normal Route, fare_type: AC}]"
Kalmunai,Kaduwela,2230.0,"[:Fare {fare: 2230.0, route_id: route_db78ea66_322_1767932356, route_type: Normal Route, fare_type: AC}]"
Kalmunai,Kaduwela,2260.0,"[:Fare {fare: 2260.0, route_id: route_db78ea66_183_1767932356, route_type: Normal Route, fare_type: AC}]"
Kalmunai,Awissawella,2000.0,"[:Fare {fare: 2000.0, route_id: route_db78ea66_479_1767932356, route_type: Normal Route, fare_type: AC}]"
Kalmunai,Awissawella,2075.0,"[:Fare {fare: 2075.0, route_id: route_db78ea66_323_1767932356, route_type: Normal Route, fare_type: AC}]"
Kalmunai,Awissawella,2105.0,"[:Fare {fare: 2105.0, route_id: route_db78ea66_184_1767932356, route_type: Normal Route, fare_type: AC}]"
Kalmunai,Ahaliyagoda,1920.0,"[:Fare {fare: 1920.0, route_id: route_db78ea66_480_1767932356, route_type: Normal Route, fare_type: AC}]"
Kalmunai,Ahaliyagoda,2000.0,"[:Fare {fare: 2000.0, route_id: route_db78ea66_324_1767932356, route_type: Normal Route, fare_type: AC}]"
Kalmunai,Ahaliyagoda,2030.0,"[:Fare {fare: 2030.0, route_id: route_db78ea66_185_1767932356, route_type: Normal Route, fare_type: AC}]"
Kalmunai,Kuruwita,1820.0,"[:Fare {fare: 1820.0, route_id: route_db78ea66_481_1767932356, route_type: Normal Route, fare_type: AC}]"
Kalmunai,Kuruwita,1900.0,"[:Fare {fare: 1900.0, route_id: route_db78ea66_325_1767932356, route_type: Normal Route, fare_type: AC}]"
Kalmunai,Kuruwita,1930.0,"[:Fare {fare: 1930.0, route_id: route_db78ea66_186_1767932356, route_type: Normal Route, fare_type: AC}]"
Kalmunai,Ratnapura,1755.0,"[:Fare {fare: 1755.0, route_id: route_db78ea66_482_1767932356, route_type: Normal Route, fare_type: AC}]"
Kalmunai,Ratnapura,1835.0,"[:Fare {fare: 1835.0, route_id: route_db78ea66_326_1767932356, route_type: Normal Route, fare_type: AC}]"
Kalmunai,Ratnapura,1865.0,"[:Fare {fare: 1865.0, route_id: route_db78ea66_187_1767932356, route_type: Normal Route, fare_type: AC}]"
Kalmunai,Palmadulla,1635.0,"[:Fare {fare: 1635.0, route_id: route_db78ea66_483_1767932356, route_type: Normal Route, fare_type: AC}]"
Kalmunai,Palmadulla,1710.0,"[:Fare {fare: 1710.0, route_id: route_db78ea66_327_1767932356, route_type: Normal Route, fare_type: AC}]"
Kalmunai,Palmadulla,1745.0,"[:Fare {fare: 1745.0, route_id: route_db78ea66_188_1767932356, route_type: Normal Route, fare_type: AC}]"
Kalmunai,Godakawela,1500.0,"[:Fare {fare: 1500.0, route_id: route_db78ea66_484_1767932356, route_type: Normal Route, fare_type: AC}]"
Kalmunai,Godakawela,1580.0,"[:Fare {fare: 1580.0, route_id: route_db78ea66_328_1767932356, route_type: Normal Route, fare_type: AC}]"
Kalmunai,Godakawela,1610.0,"[:Fare {fare: 1610.0, route_id: route_db78ea66_189_1767932356, route_type: Normal Route, fare_type: AC}]"
Kalmunai,Udawalawa Junction,1380.0,"[:Fare {fare: 1380.0, route_id: route_db78ea66_485_1767932356, route_type: Normal Route, fare_type: AC}]"
Kalmunai,Udawalawa Junction,1460.0,"[:Fare {fare: 1460.0, route_id: route_db78ea66_329_1767932356, route_type: Normal Route, fare_type: AC}]"
Kalmunai,Udawalawa Junction,1490.0,"[:Fare {fare: 1490.0, route_id: route_db78ea66_190_1767932356, route_type: Normal Route, fare_type: AC}]"
Kalmunai,Puttalam,1810.0,"[:Fare {fare: 1810.0, route_id: route_db78ea66_105_1767932356, route_type: Normal Route, fare_type: AC}]"
Kalmunai,Nittabuwa,1845.0,"[:Fare {fare: 1845.0, route_id: route_db78ea66_225_1767932356, route_type: Normal Route, fare_type: AC}]"
Kalmunai,Nittabuwa,1820.0,"[:Fare {fare: 1820.0, route_id: route_db78ea66_392_1767932356, route_type: Normal Route, fare_type: AC}]"
Kalmunai,Norochchole,1940.0,"[:Fare {fare: 1940.0, route_id: route_db78ea66_103_1767932356, route_type: Normal Route, fare_type: AC}]"
Kalmunai,Kalpitiya,2075.0,"[:Fare {fare: 2075.0, route_id: route_db78ea66_102_1767932356, route_type: Normal Route, fare_type: AC}]"
Kalmunai,Maradankadawala,1220.0,"[:Fare {fare: 1220.0, route_id: route_db78ea66_108_1767932356, route_type: Normal Route, fare_type: AC}]"
Kalmunai,Habarana,1075.0,"[:Fare {fare: 1075.0, route_id: route_db78ea66_109_1767932356, route_type: Normal Route, fare_type: AC}]"
Kalmunai,Minneriya,930.0,"[:Fare {fare: 930.0, route_id: route_db78ea66_110_1767932356, route_type: Normal Route, fare_type: AC}]"
Kalmunai,Welikanda,680.0,"[:Fare {fare: 680.0, route_id: route_db78ea66_112_1767932356, route_type: Normal Route, fare_type: AC}]"
Kalmunai,Walachchena,480.0,"[:Fare {fare: 480.0, route_id: route_db78ea66_113_1767932356, route_type: Normal Route, fare_type: AC}]"
Kalmunai,Eravur,380.0,"[:Fare {fare: 380.0, route_id: route_db78ea66_114_1767932356, route_type: Normal Route, fare_type: AC}]"
Kalmunai,Eravur,380.0,"[:Fare {fare: 380.0, route_id: route_db78ea66_260_1767932356, route_type: Normal Route, fare_type: AC}]"
Kalmunai,Kaththankudi,255.0,"[:Fare {fare: 255.0, route_id: route_db78ea66_115_1767932356, route_type: Normal Route, fare_type: AC}]"
Kalmunai,Kalawanchikudi,140.0,"[:Fare {fare: 140.0, route_id: route_db78ea66_116_1767932356, route_type: Normal Route, fare_type: AC}]"
Kalmunai,Akkareipaththu,200.0,"[:Fare {fare: 200.0, route_id: route_db78ea66_481_1767932356, route_type: Normal Route, fare_type: AC}]"
Kalmunai,Thirukkovil,280.0,"[:Fare {fare: 280.0, route_id: route_db78ea66_198_1767932356, route_type: Normal Route, fare_type: AC}]"
Kalmunai,Kiribathgoda,2000.0,"[:Fare {fare: 2000.0, route_id: route_db78ea66_223_1767932356, route_type: Normal Route, fare_type: AC}]"
Kalmunai,Kiribathgoda,1975.0,"[:Fare {fare: 1975.0, route_id: route_db78ea66_186_1767932356, route_type: Normal Route, fare_type: AC}]"
Kalmunai,Yakkala,1900.0,"[:Fare {fare: 1900.0, route_id: route_db78ea66_224_1767932356, route_type: Normal Route, fare_type: AC}]"
Kalmunai,Yakkala,1875.0,"[:Fare {fare: 1875.0, route_id: route_db78ea66_187_1767932356, route_type: Normal Route, fare_type: AC}]"
Kalmunai,Warakapola,1755.0,"[:Fare {fare: 1755.0, route_id: route_db78ea66_226_1767932356, route_type: Normal Route, fare_type: AC}]"
Kalmunai,Warakapola,1730.0,"[:Fare {fare: 1730.0, route_id: route_db78ea66_393_1767932356, route_type: Normal Route, fare_type: AC}]"
Kalmunai,Polgahawela,1635.0,"[:Fare {fare: 1635.0, route_id: route_db78ea66_190_1767932356, route_type: Normal Route, fare_type: AC}]"
Kalmunai,Palawiya,1845.0,"[:Fare {fare: 1845.0, route_id: route_db78ea66_104_1767932356, route_type: Normal Route, fare_type: AC}]"
Kalmunai,Kegalle,1620.0,"[:Fare {fare: 1620.0, route_id: route_db78ea66_227_1767932356, route_type: Normal Route, fare_type: AC}]"
Kalmunai,Peradeniya,1435.0,"[:Fare {fare: 1435.0, route_id: route_db78ea66_229_1767932356, route_type: Normal Route, fare_type: AC}]"
Kalmunai,Ibbagamuwa,1435.0,"[:Fare {fare: 1435.0, route_id: route_db78ea66_192_1767932356, route_type: Normal Route, fare_type: AC}]"
Kalmunai,Malsiripura,1370.0,"[:Fare {fare: 1370.0, route_id: route_db78ea66_396_1767932356, route_type: Normal Route, fare_type: AC}]"
Kalmunai,Galewela,1295.0,"[:Fare {fare: 1295.0, route_id: route_db78ea66_194_1767932356, route_type: Normal Route, fare_type: AC}]"
Kalmunai,Wallampitiya,2210.0,"[:Fare {fare: 2210.0, route_id: route_db78ea66_477_1767932356, route_type: Normal Route, fare_type: AC}]"
Kalmunai,Wallampitiya,2285.0,"[:Fare {fare: 2285.0, route_id: route_db78ea66_321_1767932356, route_type: Normal Route, fare_type: AC}]"
Kalmunai,Wallampitiya,2320.0,"[:Fare {fare: 2320.0, route_id: route_db78ea66_182_1767932356, route_type: Normal Route, fare_type: AC}]"
Kalmunai,Pallekale,1350.0,"[:Fare {fare: 1350.0, route_id: route_db78ea66_231_1767932356, route_type: Normal Route, fare_type: AC}]"
Kalmunai,Theldeniya,1250.0,"[:Fare {fare: 1250.0, route_id: route_db78ea66_232_1767932356, route_type: Normal Route, fare_type: AC}]"
Kalmunai,Madamahanuwara,1175.0,"[:Fare {fare: 1175.0, route_id: route_db78ea66_233_1767932356, route_type: Normal Route, fare_type: AC}]"
Kalmunai,Ududhumbara,1100.0,"[:Fare {fare: 1100.0, route_id: route_db78ea66_234_1767932356, route_type: Normal Route, fare_type: AC}]"
Kalmunai,Hasalaka,930.0,"[:Fare {fare: 930.0, route_id: route_db78ea66_235_1767932356, route_type: Normal Route, fare_type: AC}]"
Kalmunai,Mahiyanganaya,900.0,"[:Fare {fare: 900.0, route_id: route_db78ea66_236_1767932356, route_type: Normal Route, fare_type: AC}]"
Kalmunai,Padiyathalawa,700.0,"[:Fare {fare: 700.0, route_id: route_db78ea66_237_1767932356, route_type: Normal Route, fare_type: AC}]"
Kalmunai,Mahaoya,590.0,"[:Fare {fare: 590.0, route_id: route_db78ea66_238_1767932356, route_type: Normal Route, fare_type: AC}]"
Kalmunai,Aranthalawa,510.0,"[:Fare {fare: 510.0, route_id: route_db78ea66_239_1767932356, route_type: Normal Route, fare_type: AC}]"
Kalmunai,Uhana,300.0,"[:Fare {fare: 300.0, route_id: route_db78ea66_240_1767932356, route_type: Normal Route, fare_type: AC}]"
Kalmunai,Ampara,240.0,"[:Fare {fare: 240.0, route_id: route_db78ea66_241_1767932356, route_type: Normal Route, fare_type: AC}]"
Kalmunai,Nindawur,80.0,"[:Fare {fare: 80.0, route_id: route_db78ea66_483_1767932356, route_type: Normal Route, fare_type: AC}]"
Kalmunai,Batticaloa,300.0,"[:Fare {fare: 300.0, route_id: route_db78ea66_261_1767932356, route_type: Normal Route, fare_type: AC}]"
Kalmunai,Wakaneri Junction,555.0,"[:Fare {fare: 555.0, route_id: route_db78ea66_402_1767932356, route_type: Normal Route, fare_type: AC}]"
Kalmunai,Oluwil,140.0,"[:Fare {fare: 140.0, route_id: route_db78ea66_482_1767932356, route_type: Normal Route, fare_type: AC}]"
Kalmunai,Kiraan,445.0,"[:Fare {fare: 445.0, route_id: route_db78ea66_403_1767932356, route_type: Normal Route, fare_type: AC}]"
Kalmunai,Thanamalwila,1140.0,"[:Fare {fare: 1140.0, route_id: route_db78ea66_486_1767932356, route_type: Normal Route, fare_type: AC}]"
Kalmunai,Thanamalwila,1220.0,"[:Fare {fare: 1220.0, route_id: route_db78ea66_330_1767932356, route_type: Normal Route, fare_type: AC}]"
Kalmunai,Thanamalwila,1250.0,"[:Fare {fare: 1250.0, route_id: route_db78ea66_191_1767932356, route_type: Normal Route, fare_type: AC}]"
Kalmunai,Wallawaya,940.0,"[:Fare {fare: 940.0, route_id: route_db78ea66_487_1767932356, route_type: Normal Route, fare_type: AC}]"
Kalmunai,Wallawaya,1020.0,"[:Fare {fare: 1020.0, route_id: route_db78ea66_331_1767932356, route_type: Normal Route, fare_type: AC}]"
Kalmunai,Wallawaya,1050.0,"[:Fare {fare: 1050.0, route_id: route_db78ea66_192_1767932356, route_type: Normal Route, fare_type: AC}]"
Kalmunai,Monaragala,755.0,"[:Fare {fare: 755.0, route_id: route_db78ea66_488_1767932356, route_type: Normal Route, fare_type: AC}]"
Kalmunai,Monaragala,830.0,"[:Fare {fare: 830.0, route_id: route_db78ea66_332_1767932356, route_type: Normal Route, fare_type: AC}]"
Kalmunai,Monaragala,865.0,"[:Fare {fare: 865.0, route_id: route_db78ea66_193_1767932356, route_type: Normal Route, fare_type: AC}]"
Kalmunai,Siyabalanduwa,555.0,"[:Fare {fare: 555.0, route_id: route_db78ea66_489_1767932356, route_type: Normal Route, fare_type: AC}]"
Kalmunai,Siyabalanduwa,635.0,"[:Fare {fare: 635.0, route_id: route_db78ea66_333_1767932356, route_type: Normal Route, fare_type: AC}]"
Kalmunai,Siyabalanduwa,670.0,"[:Fare {fare: 670.0, route_id: route_db78ea66_194_1767932356, route_type: Normal Route, fare_type: AC}]"
Kalmunai,Buddama junction,460.0,"[:Fare {fare: 460.0, route_id: route_db78ea66_490_1767932356, route_type: Normal Route, fare_type: AC}]"
Kalmunai,Buddama junction,535.0,"[:Fare {fare: 535.0, route_id: route_db78ea66_334_1767932356, route_type: Normal Route, fare_type: AC}]"
Kalmunai,Wadinagala,390.0,"[:Fare {fare: 390.0, route_id: route_db78ea66_491_1767932356, route_type: Normal Route, fare_type: AC}]"
Kalmunai,Wadinagala,470.0,"[:Fare {fare: 470.0, route_id: route_db78ea66_335_1767932356, route_type: Normal Route, fare_type: AC}]"
Kalmunai,Higurana,280.0,"[:Fare {fare: 280.0, route_id: route_db78ea66_492_1767932356, route_type: Normal Route, fare_type: AC}]"
Kalmunai,Higurana,360.0,"[:Fare {fare: 360.0, route_id: route_db78ea66_336_1767932356, route_type: Normal Route, fare_type: AC}]"
Kalmunai,Digawappi Junction,315.0,"[:Fare {fare: 315.0, route_id: route_db78ea66_337_1767932356, route_type: Normal Route, fare_type: AC}]"
Kalmunai,Brown Junction,225.0,"[:Fare {fare: 225.0, route_id: route_db78ea66_493_1767932356, route_type: Normal Route, fare_type: AC}]"
Kalmunai,Malwatta,165.0,"[:Fare {fare: 165.0, route_id: route_db78ea66_494_1767932356, route_type: Normal Route, fare_type: AC}]"
Kalmunai,Sammanthure,100.0,"[:Fare {fare: 100.0, route_id: route_db78ea66_495_1767932356, route_type: Normal Route, fare_type: AC}]"
Kalmunai,Lahugala Hospital,550.0,"[:Fare {fare: 550.0, route_id: route_db78ea66_195_1767932356, route_type: Normal Route, fare_type: AC}]"
Kalmunai,Komaari,390.0,"[:Fare {fare: 390.0, route_id: route_db78ea66_197_1767932356, route_type: Normal Route, fare_type: AC}]"
Akkareipaththu,Nochchiyagama,1665.0,"[:Fare {fare: 1665.0, route_id: route_db78ea66_121_1767932356, route_type: Normal Route, fare_type: AC}]"
Akkareipaththu,Anuradhapura,1545.0,"[:Fare {fare: 1545.0, route_id: route_db78ea66_122_1767932356, route_type: Normal Route, fare_type: AC}]"
Akkareipaththu,Dambulla,1330.0,"[:Fare {fare: 1330.0, route_id: route_db78ea66_258_1767932356, route_type: Normal Route, fare_type: AC}]"
Akkareipaththu,Kaduwela,930.0,"[:Fare {fare: 930.0, route_id: route_db78ea66_126_1767932356, route_type: Normal Route, fare_type: AC}]"
Akkareipaththu,Kaduwela,2105.0,"[:Fare {fare: 2105.0, route_id: route_db78ea66_156_1767932356, route_type: Normal Route, fare_type: AC}]"
Akkareipaththu,Kaduwela,2140.0,"[:Fare {fare: 2140.0, route_id: route_db78ea66_494_1767932356, route_type: Normal Route, fare_type: AC}]"
Akkareipaththu,Awissawella,1955.0,"[:Fare {fare: 1955.0, route_id: route_db78ea66_157_1767932356, route_type: Normal Route, fare_type: AC}]"
Akkareipaththu,Awissawella,1985.0,"[:Fare {fare: 1985.0, route_id: route_db78ea66_495_1767932356, route_type: Normal Route, fare_type: AC}]"
Akkareipaththu,Ahaliyagoda,1875.0,"[:Fare {fare: 1875.0, route_id: route_db78ea66_158_1767932356, route_type: Normal Route, fare_type: AC}]"
Akkareipaththu,Ahaliyagoda,1910.0,"[:Fare {fare: 1910.0, route_id: route_db78ea66_496_1767932356, route_type: Normal Route, fare_type: AC}]"
Akkareipaththu,Kuruwita,1780.0,"[:Fare {fare: 1780.0, route_id: route_db78ea66_159_1767932356, route_type: Normal Route, fare_type: AC}]"
Akkareipaththu,Kuruwita,1810.0,"[:Fare {fare: 1810.0, route_id: route_db78ea66_497_1767932356, route_type: Normal Route, fare_type: AC}]"
Akkareipaththu,Ratnapura,1710.0,"[:Fare {fare: 1710.0, route_id: route_db78ea66_160_1767932356, route_type: Normal Route, fare_type: AC}]"
Akkareipaththu,Ratnapura,1745.0,"[:Fare {fare: 1745.0, route_id: route_db78ea66_498_1767932356, route_type: Normal Route, fare_type: AC}]"
Akkareipaththu,Palmadulla,1590.0,"[:Fare {fare: 1590.0, route_id: route_db78ea66_161_1767932356, route_type: Normal Route, fare_type: AC}]"
Akkareipaththu,Palmadulla,1620.0,"[:Fare {fare: 1620.0, route_id: route_db78ea66_499_1767932356, route_type: Normal Route, fare_type: AC}]"
Akkareipaththu,Godakawela,1460.0,"[:Fare {fare: 1460.0, route_id: route_db78ea66_162_1767932356, route_type: Normal Route, fare_type: AC}]"
Akkareipaththu,Godakawela,1490.0,"[:Fare {fare: 1490.0, route_id: route_db78ea66_0_1767932356, route_type: Normal Route, fare_type: AC}]"
Akkareipaththu,Udawalawa Junction,1340.0,"[:Fare {fare: 1340.0, route_id: route_db78ea66_163_1767932356, route_type: Normal Route, fare_type: AC}]"
Akkareipaththu,Udawalawa Junction,1370.0,"[:Fare {fare: 1370.0, route_id: route_db78ea66_1_1767932356, route_type: Normal Route, fare_type: AC}]"
Akkareipaththu,Puttalam,1930.0,"[:Fare {fare: 1930.0, route_id: route_db78ea66_120_1767932356, route_type: Normal Route, fare_type: AC}]"
Akkareipaththu,Nittabuwa,1940.0,"[:Fare {fare: 1940.0, route_id: route_db78ea66_251_1767932356, route_type: Normal Route, fare_type: AC}]"
Akkareipaththu,Norochchole,2065.0,"[:Fare {fare: 2065.0, route_id: route_db78ea66_118_1767932356, route_type: Normal Route, fare_type: AC}]"
Akkareipaththu,Kalpitiya,2195.0,"[:Fare {fare: 2195.0, route_id: route_db78ea66_117_1767932356, route_type: Normal Route, fare_type: AC}]"
Akkareipaththu,Maradankadawala,1340.0,"[:Fare {fare: 1340.0, route_id: route_db78ea66_123_1767932356, route_type: Normal Route, fare_type: AC}]"
Akkareipaththu,Habarana,1195.0,"[:Fare {fare: 1195.0, route_id: route_db78ea66_124_1767932356, route_type: Normal Route, fare_type: AC}]"
Akkareipaththu,Minneriya,1050.0,"[:Fare {fare: 1050.0, route_id: route_db78ea66_125_1767932356, route_type: Normal Route, fare_type: AC}]"
Akkareipaththu,Welikanda,800.0,"[:Fare {fare: 800.0, route_id: route_db78ea66_127_1767932356, route_type: Normal Route, fare_type: AC}]"
Akkareipaththu,Walachchena,600.0,"[:Fare {fare: 600.0, route_id: route_db78ea66_128_1767932356, route_type: Normal Route, fare_type: AC}]"
Akkareipaththu,Eravur,500.0,"[:Fare {fare: 500.0, route_id: route_db78ea66_129_1767932356, route_type: Normal Route, fare_type: AC}]"
Akkareipaththu,Eravur,500.0,"[:Fare {fare: 500.0, route_id: route_db78ea66_264_1767932356, route_type: Normal Route, fare_type: AC}]"
Akkareipaththu,Kaththankudi,380.0,"[:Fare {fare: 380.0, route_id: route_db78ea66_130_1767932356, route_type: Normal Route, fare_type: AC}]"
Akkareipaththu,Kalawanchikudi,270.0,"[:Fare {fare: 270.0, route_id: route_db78ea66_131_1767932356, route_type: Normal Route, fare_type: AC}]"
Akkareipaththu,Kalmunai,200.0,"[:Fare {fare: 200.0, route_id: route_db78ea66_132_1767932356, route_type: Normal Route, fare_type: AC}]"
Akkareipaththu,Thirukkovil,160.0,"[:Fare {fare: 160.0, route_id: route_db78ea66_9_1767932356, route_type: Normal Route, fare_type: AC}]"
Akkareipaththu,Kiribathgoda,2095.0,"[:Fare {fare: 2095.0, route_id: route_db78ea66_249_1767932356, route_type: Normal Route, fare_type: AC}]"
Akkareipaththu,Yakkala,2000.0,"[:Fare {fare: 2000.0, route_id: route_db78ea66_250_1767932356, route_type: Normal Route, fare_type: AC}]"
Akkareipaththu,Warakapola,1855.0,"[:Fare {fare: 1855.0, route_id: route_db78ea66_252_1767932356, route_type: Normal Route, fare_type: AC}]"
Akkareipaththu,Polgahawela,1755.0,"[:Fare {fare: 1755.0, route_id: route_db78ea66_253_1767932356, route_type: Normal Route, fare_type: AC}]"
Akkareipaththu,Palawiya,1965.0,"[:Fare {fare: 1965.0, route_id: route_db78ea66_119_1767932356, route_type: Normal Route, fare_type: AC}]"
Akkareipaththu,Ibbagamuwa,1560.0,"[:Fare {fare: 1560.0, route_id: route_db78ea66_255_1767932356, route_type: Normal Route, fare_type: AC}]"
Akkareipaththu,Malsiripura,1490.0,"[:Fare {fare: 1490.0, route_id: route_db78ea66_256_1767932356, route_type: Normal Route, fare_type: AC}]"
Akkareipaththu,Galewela,1415.0,"[:Fare {fare: 1415.0, route_id: route_db78ea66_257_1767932356, route_type: Normal Route, fare_type: AC}]"
Akkareipaththu,Wallampitiya,2160.0,"[:Fare {fare: 2160.0, route_id: route_db78ea66_155_1767932356, route_type: Normal Route, fare_type: AC}]"
Akkareipaththu,Wallampitiya,2195.0,"[:Fare {fare: 2195.0, route_id: route_db78ea66_493_1767932356, route_type: Normal Route, fare_type: AC}]"
Akkareipaththu,Nindawur,165.0,"[:Fare {fare: 165.0, route_id: route_db78ea66_269_1767932356, route_type: Normal Route, fare_type: AC}]"
Akkareipaththu,Batticaloa,425.0,"[:Fare {fare: 425.0, route_id: route_db78ea66_265_1767932356, route_type: Normal Route, fare_type: AC}]"
Akkareipaththu,Wakaneri Junction,680.0,"[:Fare {fare: 680.0, route_id: route_db78ea66_418_1767932356, route_type: Normal Route, fare_type: AC}]"
Akkareipaththu,Oluwil,120.0,"[:Fare {fare: 120.0, route_id: route_db78ea66_270_1767932356, route_type: Normal Route, fare_type: AC}]"
Akkareipaththu,Kiraan,570.0,"[:Fare {fare: 570.0, route_id: route_db78ea66_419_1767932356, route_type: Normal Route, fare_type: AC}]"
Akkareipaththu,Thanamalwila,1100.0,"[:Fare {fare: 1100.0, route_id: route_db78ea66_164_1767932356, route_type: Normal Route, fare_type: AC}]"
Akkareipaththu,Thanamalwila,1130.0,"[:Fare {fare: 1130.0, route_id: route_db78ea66_2_1767932356, route_type: Normal Route, fare_type: AC}]"
Akkareipaththu,Wallawaya,900.0,"[:Fare {fare: 900.0, route_id: route_db78ea66_165_1767932356, route_type: Normal Route, fare_type: AC}]"
Akkareipaththu,Wallawaya,930.0,"[:Fare {fare: 930.0, route_id: route_db78ea66_3_1767932356, route_type: Normal Route, fare_type: AC}]"
Akkareipaththu,Monaragala,715.0,"[:Fare {fare: 715.0, route_id: route_db78ea66_166_1767932356, route_type: Normal Route, fare_type: AC}]"
Akkareipaththu,Monaragala,745.0,"[:Fare {fare: 745.0, route_id: route_db78ea66_4_1767932356, route_type: Normal Route, fare_type: AC}]"
Akkareipaththu,Siyabalanduwa,510.0,"[:Fare {fare: 510.0, route_id: route_db78ea66_167_1767932356, route_type: Normal Route, fare_type: AC}]"
Akkareipaththu,Siyabalanduwa,550.0,"[:Fare {fare: 550.0, route_id: route_db78ea66_5_1767932356, route_type: Normal Route, fare_type: AC}]"
Akkareipaththu,Buddama junction,415.0,"[:Fare {fare: 415.0, route_id: route_db78ea66_168_1767932356, route_type: Normal Route, fare_type: AC}]"
Akkareipaththu,Wadinagala,345.0,"[:Fare {fare: 345.0, route_id: route_db78ea66_169_1767932356, route_type: Normal Route, fare_type: AC}]"
Akkareipaththu,Higurana,240.0,"[:Fare {fare: 240.0, route_id: route_db78ea66_170_1767932356, route_type: Normal Route, fare_type: AC}]"
Akkareipaththu,Digawappi Junction,190.0,"[:Fare {fare: 190.0, route_id: route_db78ea66_171_1767932356, route_type: Normal Route, fare_type: AC}]"
Akkareipaththu,Lahugala Hospital,425.0,"[:Fare {fare: 425.0, route_id: route_db78ea66_6_1767932356, route_type: Normal Route, fare_type: AC}]"
Akkareipaththu,Komaari,270.0,"[:Fare {fare: 270.0, route_id: route_db78ea66_8_1767932356, route_type: Normal Route, fare_type: AC}]"
Thirukkovil,Nochchiyagama,1745.0,"[:Fare {fare: 1745.0, route_id: route_db78ea66_137_1767932356, route_type: Normal Route, fare_type: AC}]"
Thirukkovil,Anuradhapura,1620.0,"[:Fare {fare: 1620.0, route_id: route_db78ea66_138_1767932356, route_type: Normal Route, fare_type: AC}]"
Thirukkovil,Dambulla,1405.0,"[:Fare {fare: 1405.0, route_id: route_db78ea66_430_1767932356, route_type: Normal Route, fare_type: AC}]"
Thirukkovil,Kaduwela,1010.0,"[:Fare {fare: 1010.0, route_id: route_db78ea66_142_1767932356, route_type: Normal Route, fare_type: AC}]"
Thirukkovil,Kaduwela,2065.0,"[:Fare {fare: 2065.0, route_id: route_db78ea66_477_1767932356, route_type: Normal Route, fare_type: AC}]"
Thirukkovil,Awissawella,1910.0,"[:Fare {fare: 1910.0, route_id: route_db78ea66_478_1767932356, route_type: Normal Route, fare_type: AC}]"
Thirukkovil,Ahaliyagoda,1835.0,"[:Fare {fare: 1835.0, route_id: route_db78ea66_479_1767932356, route_type: Normal Route, fare_type: AC}]"
Thirukkovil,Kuruwita,1730.0,"[:Fare {fare: 1730.0, route_id: route_db78ea66_480_1767932356, route_type: Normal Route, fare_type: AC}]"
Thirukkovil,Ratnapura,1665.0,"[:Fare {fare: 1665.0, route_id: route_db78ea66_481_1767932356, route_type: Normal Route, fare_type: AC}]"
Thirukkovil,Palmadulla,1545.0,"[:Fare {fare: 1545.0, route_id: route_db78ea66_482_1767932356, route_type: Normal Route, fare_type: AC}]"
Thirukkovil,Godakawela,1415.0,"[:Fare {fare: 1415.0, route_id: route_db78ea66_483_1767932356, route_type: Normal Route, fare_type: AC}]"
Thirukkovil,Udawalawa Junction,1295.0,"[:Fare {fare: 1295.0, route_id: route_db78ea66_484_1767932356, route_type: Normal Route, fare_type: AC}]"
Thirukkovil,Puttalam,2010.0,"[:Fare {fare: 2010.0, route_id: route_db78ea66_136_1767932356, route_type: Normal Route, fare_type: AC}]"
Thirukkovil,Nittabuwa,2020.0,"[:Fare {fare: 2020.0, route_id: route_db78ea66_425_1767932356, route_type: Normal Route, fare_type: AC}]"
Thirukkovil,Norochchole,2140.0,"[:Fare {fare: 2140.0, route_id: route_db78ea66_134_1767932356, route_type: Normal Route, fare_type: AC}]"
Thirukkovil,Kalpitiya,2275.0,"[:Fare {fare: 2275.0, route_id: route_db78ea66_133_1767932356, route_type: Normal Route, fare_type: AC}]"
Thirukkovil,Maradankadawala,1415.0,"[:Fare {fare: 1415.0, route_id: route_db78ea66_139_1767932356, route_type: Normal Route, fare_type: AC}]"
Thirukkovil,Habarana,1270.0,"[:Fare {fare: 1270.0, route_id: route_db78ea66_140_1767932356, route_type: Normal Route, fare_type: AC}]"
Thirukkovil,Minneriya,1130.0,"[:Fare {fare: 1130.0, route_id: route_db78ea66_141_1767932356, route_type: Normal Route, fare_type: AC}]"
Thirukkovil,Welikanda,875.0,"[:Fare {fare: 875.0, route_id: route_db78ea66_143_1767932356, route_type: Normal Route, fare_type: AC}]"
Thirukkovil,Walachchena,680.0,"[:Fare {fare: 680.0, route_id: route_db78ea66_144_1767932356, route_type: Normal Route, fare_type: AC}]"
Thirukkovil,Eravur,580.0,"[:Fare {fare: 580.0, route_id: route_db78ea66_145_1767932356, route_type: Normal Route, fare_type: AC}]"
Thirukkovil,Eravur,580.0,"[:Fare {fare: 580.0, route_id: route_db78ea66_437_1767932356, route_type: Normal Route, fare_type: AC}]"
Thirukkovil,Kaththankudi,460.0,"[:Fare {fare: 460.0, route_id: route_db78ea66_146_1767932356, route_type: Normal Route, fare_type: AC}]"
Thirukkovil,Kalawanchikudi,345.0,"[:Fare {fare: 345.0, route_id: route_db78ea66_147_1767932356, route_type: Normal Route, fare_type: AC}]"
Thirukkovil,Kalmunai,280.0,"[:Fare {fare: 280.0, route_id: route_db78ea66_148_1767932356, route_type: Normal Route, fare_type: AC}]"
Thirukkovil,Akkareipaththu,160.0,"[:Fare {fare: 160.0, route_id: route_db78ea66_149_1767932356, route_type: Normal Route, fare_type: AC}]"
Thirukkovil,Warakapola,1930.0,"[:Fare {fare: 1930.0, route_id: route_db78ea66_426_1767932356, route_type: Normal Route, fare_type: AC}]"
Thirukkovil,Polgahawela,1835.0,"[:Fare {fare: 1835.0, route_id: route_db78ea66_427_1767932356, route_type: Normal Route, fare_type: AC}]"
Thirukkovil,Palawiya,2040.0,"[:Fare {fare: 2040.0, route_id: route_db78ea66_135_1767932356, route_type: Normal Route, fare_type: AC}]"
Thirukkovil,Malsiripura,1570.0,"[:Fare {fare: 1570.0, route_id: route_db78ea66_429_1767932356, route_type: Normal Route, fare_type: AC}]"
Thirukkovil,Wallampitiya,2120.0,"[:Fare {fare: 2120.0, route_id: route_db78ea66_476_1767932356, route_type: Normal Route, fare_type: AC}]"
Thirukkovil,Batticaloa,500.0,"[:Fare {fare: 500.0, route_id: route_db78ea66_438_1767932356, route_type: Normal Route, fare_type: AC}]"
Thirukkovil,Wakaneri Junction,755.0,"[:Fare {fare: 755.0, route_id: route_db78ea66_435_1767932356, route_type: Normal Route, fare_type: AC}]"
Thirukkovil,Kiraan,645.0,"[:Fare {fare: 645.0, route_id: route_db78ea66_436_1767932356, route_type: Normal Route, fare_type: AC}]"
Thirukkovil,Thanamalwila,1050.0,"[:Fare {fare: 1050.0, route_id: route_db78ea66_485_1767932356, route_type: Normal Route, fare_type: AC}]"
Thirukkovil,Wallawaya,855.0,"[:Fare {fare: 855.0, route_id: route_db78ea66_486_1767932356, route_type: Normal Route, fare_type: AC}]"
Thirukkovil,Monaragala,670.0,"[:Fare {fare: 670.0, route_id: route_db78ea66_487_1767932356, route_type: Normal Route, fare_type: AC}]"
Thirukkovil,Siyabalanduwa,470.0,"[:Fare {fare: 470.0, route_id: route_db78ea66_488_1767932356, route_type: Normal Route, fare_type: AC}]"
Thirukkovil,Lahugala Hospital,345.0,"[:Fare {fare: 345.0, route_id: route_db78ea66_489_1767932356, route_type: Normal Route, fare_type: AC}]"
Thirukkovil,Komaari,190.0,"[:Fare {fare: 190.0, route_id: route_db78ea66_491_1767932356, route_type: Normal Route, fare_type: AC}]"
Minuwangoda,Ja Ela,160.0,"[:Fare {fare: 160.0, route_id: route_db78ea66_173_1767932356, route_type: Normal Route, fare_type: AC}]"
Minuwangoda,Wattala,210.0,"[:Fare {fare: 210.0, route_id: route_db78ea66_172_1767932356, route_type: Normal Route, fare_type: AC}]"
Minuwangoda,Negambo,190.0,"[:Fare {fare: 190.0, route_id: route_db78ea66_357_1767932356, route_type: Normal Route, fare_type: AC}]"
Diwlapitiya,Ja Ela,210.0,"[:Fare {fare: 210.0, route_id: route_db78ea66_176_1767932356, route_type: Normal Route, fare_type: AC}]"
Diwlapitiya,Wattala,270.0,"[:Fare {fare: 270.0, route_id: route_db78ea66_175_1767932356, route_type: Normal Route, fare_type: AC}]"
Diwlapitiya,Minuwangoda,120.0,"[:Fare {fare: 120.0, route_id: route_db78ea66_177_1767932356, route_type: Normal Route, fare_type: AC}]"
Kotadeniyawa,Ja Ela,280.0,"[:Fare {fare: 280.0, route_id: route_db78ea66_180_1767932356, route_type: Normal Route, fare_type: AC}]"
Kotadeniyawa,Wattala,335.0,"[:Fare {fare: 335.0, route_id: route_db78ea66_179_1767932356, route_type: Normal Route, fare_type: AC}]"
Kotadeniyawa,Minuwangoda,200.0,"[:Fare {fare: 200.0, route_id: route_db78ea66_181_1767932356, route_type: Normal Route, fare_type: AC}]"
Kotadeniyawa,Diwlapitiya,140.0,"[:Fare {fare: 140.0, route_id: route_db78ea66_182_1767932356, route_type: Normal Route, fare_type: AC}]"
Giriulla,Dankotuwa,240.0,"[:Fare {fare: 240.0, route_id: route_db78ea66_269_1767932356, route_type: Normal Route, fare_type: AC}]"
Giriulla,Ja Ela,320.0,"[:Fare {fare: 320.0, route_id: route_db78ea66_185_1767932356, route_type: Normal Route, fare_type: AC}]"
Giriulla,Wattala,380.0,"[:Fare {fare: 380.0, route_id: route_db78ea66_184_1767932356, route_type: Normal Route, fare_type: AC}]"
Giriulla,Negambo,315.0,"[:Fare {fare: 315.0, route_id: route_db78ea66_268_1767932356, route_type: Normal Route, fare_type: AC}]"
Giriulla,Minuwangoda,245.0,"[:Fare {fare: 245.0, route_id: route_db78ea66_186_1767932356, route_type: Normal Route, fare_type: AC}]"
Giriulla,Diwlapitiya,190.0,"[:Fare {fare: 190.0, route_id: route_db78ea66_187_1767932356, route_type: Normal Route, fare_type: AC}]"
Giriulla,Kotadeniyawa,100.0,"[:Fare {fare: 100.0, route_id: route_db78ea66_188_1767932356, route_type: Normal Route, fare_type: AC}]"
Giriulla,Pannala,120.0,"[:Fare {fare: 120.0, route_id: route_db78ea66_270_1767932356, route_type: Normal Route, fare_type: AC}]"
Dabadeniya,Ja Ela,345.0,"[:Fare {fare: 345.0, route_id: route_db78ea66_191_1767932356, route_type: Normal Route, fare_type: AC}]"
Dabadeniya,Wattala,400.0,"[:Fare {fare: 400.0, route_id: route_db78ea66_190_1767932356, route_type: Normal Route, fare_type: AC}]"
Dabadeniya,Minuwangoda,270.0,"[:Fare {fare: 270.0, route_id: route_db78ea66_192_1767932356, route_type: Normal Route, fare_type: AC}]"
Dabadeniya,Diwlapitiya,210.0,"[:Fare {fare: 210.0, route_id: route_db78ea66_193_1767932356, route_type: Normal Route, fare_type: AC}]"
Dabadeniya,Kotadeniyawa,140.0,"[:Fare {fare: 140.0, route_id: route_db78ea66_194_1767932356, route_type: Normal Route, fare_type: AC}]"
Dabadeniya,Giriulla,65.0,"[:Fare {fare: 65.0, route_id: route_db78ea66_195_1767932356, route_type: Normal Route, fare_type: AC}]"
Narammala,Dankotuwa,315.0,"[:Fare {fare: 315.0, route_id: route_db78ea66_272_1767932356, route_type: Normal Route, fare_type: AC}]"
Narammala,Ja Ela,400.0,"[:Fare {fare: 400.0, route_id: route_db78ea66_198_1767932356, route_type: Normal Route, fare_type: AC}]"
Narammala,Wattala,460.0,"[:Fare {fare: 460.0, route_id: route_db78ea66_197_1767932356, route_type: Normal Route, fare_type: AC}]"
Narammala,Negambo,390.0,"[:Fare {fare: 390.0, route_id: route_db78ea66_271_1767932356, route_type: Normal Route, fare_type: AC}]"
Narammala,Minuwangoda,320.0,"[:Fare {fare: 320.0, route_id: route_db78ea66_199_1767932356, route_type: Normal Route, fare_type: AC}]"
Narammala,Diwlapitiya,270.0,"[:Fare {fare: 270.0, route_id: route_db78ea66_200_1767932356, route_type: Normal Route, fare_type: AC}]"
Narammala,Kotadeniyawa,200.0,"[:Fare {fare: 200.0, route_id: route_db78ea66_201_1767932356, route_type: Normal Route, fare_type: AC}]"
Narammala,Giriulla,160.0,"[:Fare {fare: 160.0, route_id: route_db78ea66_202_1767932356, route_type: Normal Route, fare_type: AC}]"
Narammala,Dabadeniya,120.0,"[:Fare {fare: 120.0, route_id: route_db78ea66_203_1767932356, route_type: Normal Route, fare_type: AC}]"
Narammala,Pannala,210.0,"[:Fare {fare: 210.0, route_id: route_db78ea66_273_1767932356, route_type: Normal Route, fare_type: AC}]"
Piduruwalla,Ja Ela,460.0,"[:Fare {fare: 460.0, route_id: route_db78ea66_206_1767932356, route_type: Normal Route, fare_type: AC}]"
Piduruwalla,Wattala,510.0,"[:Fare {fare: 510.0, route_id: route_db78ea66_205_1767932356, route_type: Normal Route, fare_type: AC}]"
Piduruwalla,Minuwangoda,380.0,"[:Fare {fare: 380.0, route_id: route_db78ea66_207_1767932356, route_type: Normal Route, fare_type: AC}]"
Piduruwalla,Diwlapitiya,320.0,"[:Fare {fare: 320.0, route_id: route_db78ea66_208_1767932356, route_type: Normal Route, fare_type: AC}]"
Piduruwalla,Kotadeniyawa,255.0,"[:Fare {fare: 255.0, route_id: route_db78ea66_209_1767932356, route_type: Normal Route, fare_type: AC}]"
Piduruwalla,Giriulla,210.0,"[:Fare {fare: 210.0, route_id: route_db78ea66_210_1767932356, route_type: Normal Route, fare_type: AC}]"
Piduruwalla,Dabadeniya,190.0,"[:Fare {fare: 190.0, route_id: route_db78ea66_211_1767932356, route_type: Normal Route, fare_type: AC}]"
Piduruwalla,Narammala,120.0,"[:Fare {fare: 120.0, route_id: route_db78ea66_212_1767932356, route_type: Normal Route, fare_type: AC}]"
Kiribathgoda,Narahenpita,160.0,"[:Fare {fare: 160.0, route_id: route_db78ea66_380_1767932356, route_type: Normal Route, fare_type: AC}]"
Kiribathgoda,Moratuwa,240.0,"[:Fare {fare: 240.0, route_id: route_db78ea66_379_1767932356, route_type: Normal Route, fare_type: AC}]"
Yakkala,Kiribathgoda,180.0,"[:Fare {fare: 180.0, route_id: route_db78ea66_225_1767932356, route_type: Normal Route, fare_type: AC}]"
Yakkala,Kiribathgoda,180.0,"[:Fare {fare: 180.0, route_id: route_db78ea66_49_1767932356, route_type: Normal Route, fare_type: AC}]"
Warakapola,Mount Lavinia,470.0,"[:Fare {fare: 470.0, route_id: route_db78ea66_245_1767932356, route_type: Normal Route, fare_type: AC}]"
Warakapola,Panadura,550.0,"[:Fare {fare: 550.0, route_id: route_db78ea66_244_1767932356, route_type: Normal Route, fare_type: AC}]"
Warakapola,Panadura,535.0,"[:Fare {fare: 535.0, route_id: route_db78ea66_30_1767932356, route_type: Normal Route, fare_type: AC}]"
Warakapola,Kalutara,620.0,"[:Fare {fare: 620.0, route_id: route_db78ea66_29_1767932356, route_type: Normal Route, fare_type: AC}]"
Warakapola,Aluthgama,725.0,"[:Fare {fare: 725.0, route_id: route_db78ea66_28_1767932356, route_type: Normal Route, fare_type: AC}]"
Warakapola,Ambalangoda,855.0,"[:Fare {fare: 855.0, route_id: route_db78ea66_27_1767932356, route_type: Normal Route, fare_type: AC}]"
Warakapola,Matara,1260.0,"[:Fare {fare: 1260.0, route_id: route_db78ea66_24_1767932356, route_type: Normal Route, fare_type: AC}]"
Warakapola,Negambo,380.0,"[:Fare {fare: 380.0, route_id: route_db78ea66_360_1767932356, route_type: Normal Route, fare_type: AC}]"
Warakapola,Kaduwela,335.0,"[:Fare {fare: 335.0, route_id: route_db78ea66_247_1767932356, route_type: Normal Route, fare_type: AC}]"
Warakapola,Nittabuwa,165.0,"[:Fare {fare: 165.0, route_id: route_db78ea66_232_1767932356, route_type: Normal Route, fare_type: AC}]"
Warakapola,Minuwangoda,270.0,"[:Fare {fare: 270.0, route_id: route_db78ea66_361_1767932356, route_type: Normal Route, fare_type: AC}]"
Warakapola,Kiribathgoda,320.0,"[:Fare {fare: 320.0, route_id: route_db78ea66_230_1767932356, route_type: Normal Route, fare_type: AC}]"
Warakapola,Yakkala,225.0,"[:Fare {fare: 225.0, route_id: route_db78ea66_231_1767932356, route_type: Normal Route, fare_type: AC}]"
Warakapola,Yakkala,225.0,"[:Fare {fare: 225.0, route_id: route_db78ea66_55_1767932356, route_type: Normal Route, fare_type: AC}]"
Warakapola,Narahenpita,400.0,"[:Fare {fare: 400.0, route_id: route_db78ea66_385_1767932356, route_type: Normal Route, fare_type: AC}]"
Warakapola,Moratuwa,480.0,"[:Fare {fare: 480.0, route_id: route_db78ea66_384_1767932356, route_type: Normal Route, fare_type: AC}]"
Warakapola,Nugegoda,425.0,"[:Fare {fare: 425.0, route_id: route_db78ea66_246_1767932356, route_type: Normal Route, fare_type: AC}]"
Warakapola,Balummahara,240.0,"[:Fare {fare: 240.0, route_id: route_db78ea66_248_1767932356, route_type: Normal Route, fare_type: AC}]"
Warakapola,Dikwella,1370.0,"[:Fare {fare: 1370.0, route_id: route_db78ea66_23_1767932356, route_type: Normal Route, fare_type: AC}]"
Warakapola,Beliatta,1450.0,"[:Fare {fare: 1450.0, route_id: route_db78ea66_22_1767932356, route_type: Normal Route, fare_type: AC}]"
Warakapola,Ahangama,1130.0,"[:Fare {fare: 1130.0, route_id: route_db78ea66_25_1767932356, route_type: Normal Route, fare_type: AC}]"
Warakapola,Walasmulla,1535.0,"[:Fare {fare: 1535.0, route_id: route_db78ea66_21_1767932356, route_type: Normal Route, fare_type: AC}]"
Warakapola,Padukka,390.0,"[:Fare {fare: 390.0, route_id: route_db78ea66_195_1767932356, route_type: Normal Route, fare_type: AC}]"
Warakapola,Pugoda,280.0,"[:Fare {fare: 280.0, route_id: route_db78ea66_196_1767932356, route_type: Normal Route, fare_type: AC}]"
Warakapola,Aththanagalla,190.0,"[:Fare {fare: 190.0, route_id: route_db78ea66_197_1767932356, route_type: Normal Route, fare_type: AC}]"
Warakapola,Horana,490.0,"[:Fare {fare: 490.0, route_id: route_db78ea66_194_1767932356, route_type: Normal Route, fare_type: AC}]"
Polgahawela,Awissawella,425.0,"[:Fare {fare: 425.0, route_id: route_db78ea66_452_1767932356, route_type: Normal Route, fare_type: AC}]"
Polgahawela,Ahaliyagoda,500.0,"[:Fare {fare: 500.0, route_id: route_db78ea66_451_1767932356, route_type: Normal Route, fare_type: AC}]"
Polgahawela,Ratnapura,680.0,"[:Fare {fare: 680.0, route_id: route_db78ea66_450_1767932356, route_type: Normal Route, fare_type: AC}]"
Polgahawela,Palmadulla,790.0,"[:Fare {fare: 790.0, route_id: route_db78ea66_449_1767932356, route_type: Normal Route, fare_type: AC}]"
Polgahawela,Godakawela,920.0,"[:Fare {fare: 920.0, route_id: route_db78ea66_448_1767932356, route_type: Normal Route, fare_type: AC}]"
Polgahawela,Ambilipitiya,1105.0,"[:Fare {fare: 1105.0, route_id: route_db78ea66_447_1767932356, route_type: Normal Route, fare_type: AC}]"
Polgahawela,Galigamuwa,165.0,"[:Fare {fare: 165.0, route_id: route_db78ea66_454_1767932356, route_type: Normal Route, fare_type: AC}]"
Polgahawela,Nittabuwa,270.0,"[:Fare {fare: 270.0, route_id: route_db78ea66_236_1767932356, route_type: Normal Route, fare_type: AC}]"
Polgahawela,Kiribathgoda,425.0,"[:Fare {fare: 425.0, route_id: route_db78ea66_234_1767932356, route_type: Normal Route, fare_type: AC}]"
Polgahawela,Yakkala,320.0,"[:Fare {fare: 320.0, route_id: route_db78ea66_235_1767932356, route_type: Normal Route, fare_type: AC}]"
Polgahawela,Yakkala,320.0,"[:Fare {fare: 320.0, route_id: route_db78ea66_59_1767932356, route_type: Normal Route, fare_type: AC}]"
Polgahawela,Warakapola,180.0,"[:Fare {fare: 180.0, route_id: route_db78ea66_237_1767932356, route_type: Normal Route, fare_type: AC}]"
Polgahawela,Narahenpita,500.0,"[:Fare {fare: 500.0, route_id: route_db78ea66_389_1767932356, route_type: Normal Route, fare_type: AC}]"
Polgahawela,Moratuwa,580.0,"[:Fare {fare: 580.0, route_id: route_db78ea66_388_1767932356, route_type: Normal Route, fare_type: AC}]"
Polgahawela,Aguruwalla,300.0,"[:Fare {fare: 300.0, route_id: route_db78ea66_453_1767932356, route_type: Normal Route, fare_type: AC}]"
Palawiya,Mundalama,190.0,"[:Fare {fare: 190.0, route_id: route_db78ea66_279_1767932356, route_type: Normal Route, fare_type: AC}]"
Palawiya,Vennappuwa,470.0,"[:Fare {fare: 470.0, route_id: route_db78ea66_276_1767932356, route_type: Normal Route, fare_type: AC}]"
Palawiya,Marawila,425.0,"[:Fare {fare: 425.0, route_id: route_db78ea66_277_1767932356, route_type: Normal Route, fare_type: AC}]"
Palawiya,Chilaw,335.0,"[:Fare {fare: 335.0, route_id: route_db78ea66_278_1767932356, route_type: Normal Route, fare_type: AC}]"
Palawiya,Ja Ela,660.0,"[:Fare {fare: 660.0, route_id: route_db78ea66_274_1767932356, route_type: Normal Route, fare_type: AC}]"
Palawiya,Wattala,715.0,"[:Fare {fare: 715.0, route_id: route_db78ea66_273_1767932356, route_type: Normal Route, fare_type: AC}]"
Palawiya,Thelwatta,570.0,"[:Fare {fare: 570.0, route_id: route_db78ea66_275_1767932356, route_type: Normal Route, fare_type: AC}]"
Palawiya,Norochchole,180.0,"[:Fare {fare: 180.0, route_id: route_db78ea66_499_1767932356, route_type: Normal Route, fare_type: AC}]"
Palawiya,Kalpitiya,315.0,"[:Fare {fare: 315.0, route_id: route_db78ea66_498_1767932356, route_type: Normal Route, fare_type: AC}]"
Palakuda Junction,Mundalama,345.0,"[:Fare {fare: 345.0, route_id: route_db78ea66_296_1767932356, route_type: Normal Route, fare_type: AC}]"
Palakuda Junction,Vennappuwa,620.0,"[:Fare {fare: 620.0, route_id: route_db78ea66_293_1767932356, route_type: Normal Route, fare_type: AC}]"
Palakuda Junction,Marawila,580.0,"[:Fare {fare: 580.0, route_id: route_db78ea66_294_1767932356, route_type: Normal Route, fare_type: AC}]"
Palakuda Junction,Chilaw,490.0,"[:Fare {fare: 490.0, route_id: route_db78ea66_295_1767932356, route_type: Normal Route, fare_type: AC}]"
Palakuda Junction,Ja Ela,810.0,"[:Fare {fare: 810.0, route_id: route_db78ea66_291_1767932356, route_type: Normal Route, fare_type: AC}]"
Palakuda Junction,Wattala,865.0,"[:Fare {fare: 865.0, route_id: route_db78ea66_290_1767932356, route_type: Normal Route, fare_type: AC}]"
Palakuda Junction,Thelwatta,725.0,"[:Fare {fare: 725.0, route_id: route_db78ea66_292_1767932356, route_type: Normal Route, fare_type: AC}]"
Palakuda Junction,Norochchole,120.0,"[:Fare {fare: 120.0, route_id: route_db78ea66_298_1767932356, route_type: Normal Route, fare_type: AC}]"
Palakuda Junction,Palawiya,240.0,"[:Fare {fare: 240.0, route_id: route_db78ea66_297_1767932356, route_type: Normal Route, fare_type: AC}]"
Kegalle,Mawanalla,160.0,"[:Fare {fare: 160.0, route_id: route_db78ea66_484_1767932356, route_type: Normal Route, fare_type: AC}]"
Kegalle,Mount Lavinia,600.0,"[:Fare {fare: 600.0, route_id: route_db78ea66_251_1767932356, route_type: Normal Route, fare_type: AC}]"
Kegalle,Panadura,670.0,"[:Fare {fare: 670.0, route_id: route_db78ea66_43_1767932356, route_type: Normal Route, fare_type: AC}]"
Kegalle,Panadura,680.0,"[:Fare {fare: 680.0, route_id: route_db78ea66_250_1767932356, route_type: Normal Route, fare_type: AC}]"
Kegalle,Kalutara,755.0,"[:Fare {fare: 755.0, route_id: route_db78ea66_42_1767932356, route_type: Normal Route, fare_type: AC}]"
Kegalle,Aluthgama,855.0,"[:Fare {fare: 855.0, route_id: route_db78ea66_41_1767932356, route_type: Normal Route, fare_type: AC}]"
Kegalle,Ambalangoda,985.0,"[:Fare {fare: 985.0, route_id: route_db78ea66_40_1767932356, route_type: Normal Route, fare_type: AC}]"
Kegalle,Matara,1390.0,"[:Fare {fare: 1390.0, route_id: route_db78ea66_37_1767932356, route_type: Normal Route, fare_type: AC}]"
Kegalle,Negambo,510.0,"[:Fare {fare: 510.0, route_id: route_db78ea66_363_1767932356, route_type: Normal Route, fare_type: AC}]"
Kegalle,Kaduwela,470.0,"[:Fare {fare: 470.0, route_id: route_db78ea66_253_1767932356, route_type: Normal Route, fare_type: AC}]"
Kegalle,Awissawella,365.0,"[:Fare {fare: 365.0, route_id: route_db78ea66_184_1767932356, route_type: Normal Route, fare_type: AC}]"
Kegalle,Galigamuwa,80.0,"[:Fare {fare: 80.0, route_id: route_db78ea66_186_1767932356, route_type: Normal Route, fare_type: AC}]"
Kegalle,Nittabuwa,300.0,"[:Fare {fare: 300.0, route_id: route_db78ea66_323_1767932356, route_type: Normal Route, fare_type: AC}]"
Kegalle,Nittabuwa,300.0,"[:Fare {fare: 300.0, route_id: route_db78ea66_255_1767932356, route_type: Normal Route, fare_type: AC}]"
Kegalle,Minuwangoda,400.0,"[:Fare {fare: 400.0, route_id: route_db78ea66_364_1767932356, route_type: Normal Route, fare_type: AC}]"
Kegalle,Kiribathgoda,460.0,"[:Fare {fare: 460.0, route_id: route_db78ea66_321_1767932356, route_type: Normal Route, fare_type: AC}]"
Kegalle,Kiribathgoda,460.0,"[:Fare {fare: 460.0, route_id: route_db78ea66_432_1767932356, route_type: Normal Route, fare_type: AC}]"
Kegalle,Yakkala,360.0,"[:Fare {fare: 360.0, route_id: route_db78ea66_322_1767932356, route_type: Normal Route, fare_type: AC}]"
Kegalle,Yakkala,360.0,"[:Fare {fare: 360.0, route_id: route_db78ea66_433_1767932356, route_type: Normal Route, fare_type: AC}]"
Kegalle,Warakapola,210.0,"[:Fare {fare: 210.0, route_id: route_db78ea66_324_1767932356, route_type: Normal Route, fare_type: AC}]"
Kegalle,Warakapola,210.0,"[:Fare {fare: 210.0, route_id: route_db78ea66_256_1767932356, route_type: Normal Route, fare_type: AC}]"
Kegalle,Peradeniya,270.0,"[:Fare {fare: 270.0, route_id: route_db78ea66_482_1767932356, route_type: Normal Route, fare_type: AC}]"
Kegalle,Nugegoda,555.0,"[:Fare {fare: 555.0, route_id: route_db78ea66_252_1767932356, route_type: Normal Route, fare_type: AC}]"
Kegalle,Nugegoda,635.0,"[:Fare {fare: 635.0, route_id: route_db78ea66_181_1767932356, route_type: Normal Route, fare_type: AC}]"
Kegalle,Balummahara,365.0,"[:Fare {fare: 365.0, route_id: route_db78ea66_254_1767932356, route_type: Normal Route, fare_type: AC}]"
Kegalle,Dikwella,1500.0,"[:Fare {fare: 1500.0, route_id: route_db78ea66_36_1767932356, route_type: Normal Route, fare_type: AC}]"
Kegalle,Beliatta,1580.0,"[:Fare {fare: 1580.0, route_id: route_db78ea66_35_1767932356, route_type: Normal Route, fare_type: AC}]"
Kegalle,Ahangama,1260.0,"[:Fare {fare: 1260.0, route_id: route_db78ea66_38_1767932356, route_type: Normal Route, fare_type: AC}]"
Kegalle,Walasmulla,1665.0,"[:Fare {fare: 1665.0, route_id: route_db78ea66_34_1767932356, route_type: Normal Route, fare_type: AC}]"
Kegalle,Aguruwalla,245.0,"[:Fare {fare: 245.0, route_id: route_db78ea66_185_1767932356, route_type: Normal Route, fare_type: AC}]"
Kegalle,Makumbura,580.0,"[:Fare {fare: 580.0, route_id: route_db78ea66_182_1767932356, route_type: Normal Route, fare_type: AC}]"
Kegalle,Kaluaggala,460.0,"[:Fare {fare: 460.0, route_id: route_db78ea66_183_1767932356, route_type: Normal Route, fare_type: AC}]"
Kegalle,Padukka,525.0,"[:Fare {fare: 525.0, route_id: route_db78ea66_199_1767932356, route_type: Normal Route, fare_type: AC}]"
Kegalle,Pugoda,415.0,"[:Fare {fare: 415.0, route_id: route_db78ea66_200_1767932356, route_type: Normal Route, fare_type: AC}]"
Kegalle,Aththanagalla,320.0,"[:Fare {fare: 320.0, route_id: route_db78ea66_201_1767932356, route_type: Normal Route, fare_type: AC}]"
Kegalle,Kadugannwa,210.0,"[:Fare {fare: 210.0, route_id: route_db78ea66_483_1767932356, route_type: Normal Route, fare_type: AC}]"
Kegalle,Molagoda,80.0,"[:Fare {fare: 80.0, route_id: route_db78ea66_485_1767932356, route_type: Normal Route, fare_type: AC}]"
Kegalle,Horana,620.0,"[:Fare {fare: 620.0, route_id: route_db78ea66_198_1767932356, route_type: Normal Route, fare_type: AC}]"
Peradeniya,Mawanalla,190.0,"[:Fare {fare: 190.0, route_id: route_db78ea66_337_1767932356, route_type: Normal Route, fare_type: AC}]"
Peradeniya,Panadura,855.0,"[:Fare {fare: 855.0, route_id: route_db78ea66_72_1767932356, route_type: Normal Route, fare_type: AC}]"
Peradeniya,Kalutara,940.0,"[:Fare {fare: 940.0, route_id: route_db78ea66_71_1767932356, route_type: Normal Route, fare_type: AC}]"
Peradeniya,Aluthgama,1040.0,"[:Fare {fare: 1040.0, route_id: route_db78ea66_70_1767932356, route_type: Normal Route, fare_type: AC}]"
Peradeniya,Ambalangoda,1175.0,"[:Fare {fare: 1175.0, route_id: route_db78ea66_69_1767932356, route_type: Normal Route, fare_type: AC}]"
Peradeniya,Matara,1580.0,"[:Fare {fare: 1580.0, route_id: route_db78ea66_66_1767932356, route_type: Normal Route, fare_type: AC}]"
Peradeniya,Nittabuwa,490.0,"[:Fare {fare: 490.0, route_id: route_db78ea66_334_1767932356, route_type: Normal Route, fare_type: AC}]"
Peradeniya,Kiribathgoda,645.0,"[:Fare {fare: 645.0, route_id: route_db78ea66_332_1767932356, route_type: Normal Route, fare_type: AC}]"
Peradeniya,Yakkala,550.0,"[:Fare {fare: 550.0, route_id: route_db78ea66_333_1767932356, route_type: Normal Route, fare_type: AC}]"
Peradeniya,Warakapola,400.0,"[:Fare {fare: 400.0, route_id: route_db78ea66_335_1767932356, route_type: Normal Route, fare_type: AC}]"
Peradeniya,Kegalle,270.0,"[:Fare {fare: 270.0, route_id: route_db78ea66_336_1767932356, route_type: Normal Route, fare_type: AC}]"
Peradeniya,Kegalle,270.0,"[:Fare {fare: 270.0, route_id: route_db78ea66_447_1767932356, route_type: Normal Route, fare_type: AC}]"
Peradeniya,Dikwella,1690.0,"[:Fare {fare: 1690.0, route_id: route_db78ea66_65_1767932356, route_type: Normal Route, fare_type: AC}]"
Peradeniya,Beliatta,1770.0,"[:Fare {fare: 1770.0, route_id: route_db78ea66_64_1767932356, route_type: Normal Route, fare_type: AC}]"
Peradeniya,Ahangama,1450.0,"[:Fare {fare: 1450.0, route_id: route_db78ea66_67_1767932356, route_type: Normal Route, fare_type: AC}]"
Peradeniya,Walasmulla,1855.0,"[:Fare {fare: 1855.0, route_id: route_db78ea66_63_1767932356, route_type: Normal Route, fare_type: AC}]"
Katugastota,Mawanalla,255.0,"[:Fare {fare: 255.0, route_id: route_db78ea66_344_1767932356, route_type: Normal Route, fare_type: AC}]"
Katugastota,Mawanalla,120.0,"[:Fare {fare: 120.0, route_id: route_db78ea66_203_1767932356, route_type: Normal Route, fare_type: AC}]"
Katugastota,Awissawella,500.0,"[:Fare {fare: 500.0, route_id: route_db78ea66_199_1767932356, route_type: Normal Route, fare_type: AC}]"
Katugastota,Galigamuwa,245.0,"[:Fare {fare: 245.0, route_id: route_db78ea66_201_1767932356, route_type: Normal Route, fare_type: AC}]"
Katugastota,Nittabuwa,555.0,"[:Fare {fare: 555.0, route_id: route_db78ea66_341_1767932356, route_type: Normal Route, fare_type: AC}]"
Katugastota,Kiribathgoda,715.0,"[:Fare {fare: 715.0, route_id: route_db78ea66_339_1767932356, route_type: Normal Route, fare_type: AC}]"
Katugastota,Yakkala,615.0,"[:Fare {fare: 615.0, route_id: route_db78ea66_340_1767932356, route_type: Normal Route, fare_type: AC}]"
Katugastota,Warakapola,470.0,"[:Fare {fare: 470.0, route_id: route_db78ea66_342_1767932356, route_type: Normal Route, fare_type: AC}]"
Katugastota,Kegalle,335.0,"[:Fare {fare: 335.0, route_id: route_db78ea66_343_1767932356, route_type: Normal Route, fare_type: AC}]"
Katugastota,Kegalle,210.0,"[:Fare {fare: 210.0, route_id: route_db78ea66_202_1767932356, route_type: Normal Route, fare_type: AC}]"
Katugastota,Peradeniya,140.0,"[:Fare {fare: 140.0, route_id: route_db78ea66_345_1767932356, route_type: Normal Route, fare_type: AC}]"
Katugastota,Nugegoda,765.0,"[:Fare {fare: 765.0, route_id: route_db78ea66_196_1767932356, route_type: Normal Route, fare_type: AC}]"
Katugastota,Aguruwalla,380.0,"[:Fare {fare: 380.0, route_id: route_db78ea66_200_1767932356, route_type: Normal Route, fare_type: AC}]"
Katugastota,Makumbura,715.0,"[:Fare {fare: 715.0, route_id: route_db78ea66_197_1767932356, route_type: Normal Route, fare_type: AC}]"
Katugastota,Kaluaggala,590.0,"[:Fare {fare: 590.0, route_id: route_db78ea66_198_1767932356, route_type: Normal Route, fare_type: AC}]"
Akurana,Mawanalla,290.0,"[:Fare {fare: 290.0, route_id: route_db78ea66_352_1767932356, route_type: Normal Route, fare_type: AC}]"
Akurana,Mawanalla,280.0,"[:Fare {fare: 280.0, route_id: route_db78ea66_222_1767932356, route_type: Normal Route, fare_type: AC}]"
Akurana,Mawanalla,300.0,"[:Fare {fare: 300.0, route_id: route_db78ea66_222_1767932356, route_type: Normal Route, fare_type: AC}]"
Akurana,Awissawella,645.0,"[:Fare {fare: 645.0, route_id: route_db78ea66_218_1767932356, route_type: Normal Route, fare_type: AC}]"
Akurana,Galigamuwa,390.0,"[:Fare {fare: 390.0, route_id: route_db78ea66_220_1767932356, route_type: Normal Route, fare_type: AC}]"
Akurana,Nittabuwa,590.0,"[:Fare {fare: 590.0, route_id: route_db78ea66_349_1767932356, route_type: Normal Route, fare_type: AC}]"
Akurana,Kiribathgoda,745.0,"[:Fare {fare: 745.0, route_id: route_db78ea66_347_1767932356, route_type: Normal Route, fare_type: AC}]"
Akurana,Yakkala,645.0,"[:Fare {fare: 645.0, route_id: route_db78ea66_348_1767932356, route_type: Normal Route, fare_type: AC}]"
Akurana,Warakapola,500.0,"[:Fare {fare: 500.0, route_id: route_db78ea66_350_1767932356, route_type: Normal Route, fare_type: AC}]"
Akurana,Warakapola,510.0,"[:Fare {fare: 510.0, route_id: route_db78ea66_220_1767932356, route_type: Normal Route, fare_type: AC}]"
Akurana,Kegalle,365.0,"[:Fare {fare: 365.0, route_id: route_db78ea66_351_1767932356, route_type: Normal Route, fare_type: AC}]"
Akurana,Kegalle,360.0,"[:Fare {fare: 360.0, route_id: route_db78ea66_221_1767932356, route_type: Normal Route, fare_type: AC}]"
Akurana,Kegalle,380.0,"[:Fare {fare: 380.0, route_id: route_db78ea66_221_1767932356, route_type: Normal Route, fare_type: AC}]"
Akurana,Peradeniya,180.0,"[:Fare {fare: 180.0, route_id: route_db78ea66_353_1767932356, route_type: Normal Route, fare_type: AC}]"
Akurana,Katugastota,80.0,"[:Fare {fare: 80.0, route_id: route_db78ea66_354_1767932356, route_type: Normal Route, fare_type: AC}]"
Akurana,Katugastota,225.0,"[:Fare {fare: 225.0, route_id: route_db78ea66_223_1767932356, route_type: Normal Route, fare_type: AC}]"
Akurana,Nugegoda,910.0,"[:Fare {fare: 910.0, route_id: route_db78ea66_215_1767932356, route_type: Normal Route, fare_type: AC}]"
Akurana,Aguruwalla,525.0,"[:Fare {fare: 525.0, route_id: route_db78ea66_219_1767932356, route_type: Normal Route, fare_type: AC}]"
Akurana,Makumbura,855.0,"[:Fare {fare: 855.0, route_id: route_db78ea66_216_1767932356, route_type: Normal Route, fare_type: AC}]"
Akurana,Kaluaggala,735.0,"[:Fare {fare: 735.0, route_id: route_db78ea66_217_1767932356, route_type: Normal Route, fare_type: AC}]"
Akurana,Padukka,820.0,"[:Fare {fare: 820.0, route_id: route_db78ea66_217_1767932356, route_type: Normal Route, fare_type: AC}]"
Akurana,Pugoda,715.0,"[:Fare {fare: 715.0, route_id: route_db78ea66_218_1767932356, route_type: Normal Route, fare_type: AC}]"
Akurana,Aththanagalla,620.0,"[:Fare {fare: 620.0, route_id: route_db78ea66_219_1767932356, route_type: Normal Route, fare_type: AC}]"
Akurana,Horana,920.0,"[:Fare {fare: 920.0, route_id: route_db78ea66_216_1767932356, route_type: Normal Route, fare_type: AC}]"
Ibbagamuwa,Nittabuwa,470.0,"[:Fare {fare: 470.0, route_id: route_db78ea66_389_1767932356, route_type: Normal Route, fare_type: AC}]"
Ibbagamuwa,Kiribathgoda,620.0,"[:Fare {fare: 620.0, route_id: route_db78ea66_387_1767932356, route_type: Normal Route, fare_type: AC}]"
Ibbagamuwa,Yakkala,525.0,"[:Fare {fare: 525.0, route_id: route_db78ea66_388_1767932356, route_type: Normal Route, fare_type: AC}]"
Ibbagamuwa,Yakkala,525.0,"[:Fare {fare: 525.0, route_id: route_db78ea66_70_1767932356, route_type: Normal Route, fare_type: AC}]"
Ibbagamuwa,Warakapola,380.0,"[:Fare {fare: 380.0, route_id: route_db78ea66_390_1767932356, route_type: Normal Route, fare_type: AC}]"
Ibbagamuwa,Polgahawela,280.0,"[:Fare {fare: 280.0, route_id: route_db78ea66_391_1767932356, route_type: Normal Route, fare_type: AC}]"
Ibbagamuwa,Narahenpita,700.0,"[:Fare {fare: 700.0, route_id: route_db78ea66_400_1767932356, route_type: Normal Route, fare_type: AC}]"
Ibbagamuwa,Moratuwa,780.0,"[:Fare {fare: 780.0, route_id: route_db78ea66_399_1767932356, route_type: Normal Route, fare_type: AC}]"
Malsiripura,Awissawella,690.0,"[:Fare {fare: 690.0, route_id: route_db78ea66_469_1767932356, route_type: Normal Route, fare_type: AC}]"
Malsiripura,Ahaliyagoda,765.0,"[:Fare {fare: 765.0, route_id: route_db78ea66_468_1767932356, route_type: Normal Route, fare_type: AC}]"
Malsiripura,Ratnapura,940.0,"[:Fare {fare: 940.0, route_id: route_db78ea66_467_1767932356, route_type: Normal Route, fare_type: AC}]"
Malsiripura,Palmadulla,1050.0,"[:Fare {fare: 1050.0, route_id: route_db78ea66_466_1767932356, route_type: Normal Route, fare_type: AC}]"
Malsiripura,Godakawela,1180.0,"[:Fare {fare: 1180.0, route_id: route_db78ea66_465_1767932356, route_type: Normal Route, fare_type: AC}]"
Malsiripura,Ambilipitiya,1370.0,"[:Fare {fare: 1370.0, route_id: route_db78ea66_464_1767932356, route_type: Normal Route, fare_type: AC}]"
Malsiripura,Galigamuwa,435.0,"[:Fare {fare: 435.0, route_id: route_db78ea66_471_1767932356, route_type: Normal Route, fare_type: AC}]"
Malsiripura,Nittabuwa,535.0,"[:Fare {fare: 535.0, route_id: route_db78ea66_396_1767932356, route_type: Normal Route, fare_type: AC}]"
Malsiripura,Kiribathgoda,690.0,"[:Fare {fare: 690.0, route_id: route_db78ea66_394_1767932356, route_type: Normal Route, fare_type: AC}]"
Malsiripura,Yakkala,590.0,"[:Fare {fare: 590.0, route_id: route_db78ea66_395_1767932356, route_type: Normal Route, fare_type: AC}]"
Malsiripura,Yakkala,590.0,"[:Fare {fare: 590.0, route_id: route_db78ea66_77_1767932356, route_type: Normal Route, fare_type: AC}]"
Malsiripura,Warakapola,445.0,"[:Fare {fare: 445.0, route_id: route_db78ea66_397_1767932356, route_type: Normal Route, fare_type: AC}]"
Malsiripura,Polgahawela,345.0,"[:Fare {fare: 345.0, route_id: route_db78ea66_398_1767932356, route_type: Normal Route, fare_type: AC}]"
Malsiripura,Ibbagamuwa,140.0,"[:Fare {fare: 140.0, route_id: route_db78ea66_400_1767932356, route_type: Normal Route, fare_type: AC}]"
Malsiripura,Aguruwalla,570.0,"[:Fare {fare: 570.0, route_id: route_db78ea66_470_1767932356, route_type: Normal Route, fare_type: AC}]"
Malsiripura,Gokaralla,65.0,"[:Fare {fare: 65.0, route_id: route_db78ea66_442_1767932356, route_type: Normal Route, fare_type: AC}]"
Galewela,Nittabuwa,615.0,"[:Fare {fare: 615.0, route_id: route_db78ea66_404_1767932356, route_type: Normal Route, fare_type: AC}]"
Galewela,Nittabuwa,615.0,"[:Fare {fare: 615.0, route_id: route_db78ea66_206_1767932356, route_type: Normal Route, fare_type: AC}]"
Galewela,Kiribathgoda,765.0,"[:Fare {fare: 765.0, route_id: route_db78ea66_402_1767932356, route_type: Normal Route, fare_type: AC}]"
Galewela,Kiribathgoda,765.0,"[:Fare {fare: 765.0, route_id: route_db78ea66_204_1767932356, route_type: Normal Route, fare_type: AC}]"
Galewela,Yakkala,670.0,"[:Fare {fare: 670.0, route_id: route_db78ea66_403_1767932356, route_type: Normal Route, fare_type: AC}]"
Galewela,Yakkala,670.0,"[:Fare {fare: 670.0, route_id: route_db78ea66_205_1767932356, route_type: Normal Route, fare_type: AC}]"
Galewela,Yakkala,670.0,"[:Fare {fare: 670.0, route_id: route_db78ea66_85_1767932356, route_type: Normal Route, fare_type: AC}]"
Galewela,Warakapola,525.0,"[:Fare {fare: 525.0, route_id: route_db78ea66_405_1767932356, route_type: Normal Route, fare_type: AC}]"
Galewela,Warakapola,525.0,"[:Fare {fare: 525.0, route_id: route_db78ea66_207_1767932356, route_type: Normal Route, fare_type: AC}]"
Galewela,Polgahawela,425.0,"[:Fare {fare: 425.0, route_id: route_db78ea66_406_1767932356, route_type: Normal Route, fare_type: AC}]"
Galewela,Polgahawela,425.0,"[:Fare {fare: 425.0, route_id: route_db78ea66_208_1767932356, route_type: Normal Route, fare_type: AC}]"
Galewela,Ibbagamuwa,225.0,"[:Fare {fare: 225.0, route_id: route_db78ea66_408_1767932356, route_type: Normal Route, fare_type: AC}]"
Galewela,Ibbagamuwa,225.0,"[:Fare {fare: 225.0, route_id: route_db78ea66_210_1767932356, route_type: Normal Route, fare_type: AC}]"
Galewela,Malsiripura,160.0,"[:Fare {fare: 160.0, route_id: route_db78ea66_409_1767932356, route_type: Normal Route, fare_type: AC}]"
Galewela,Malsiripura,160.0,"[:Fare {fare: 160.0, route_id: route_db78ea66_211_1767932356, route_type: Normal Route, fare_type: AC}]"
Galewela,Narahenpita,845.0,"[:Fare {fare: 845.0, route_id: route_db78ea66_407_1767932356, route_type: Normal Route, fare_type: AC}]"
Galewela,Moratuwa,920.0,"[:Fare {fare: 920.0, route_id: route_db78ea66_406_1767932356, route_type: Normal Route, fare_type: AC}]"
Galewela,Gokaralla,180.0,"[:Fare {fare: 180.0, route_id: route_db78ea66_449_1767932356, route_type: Normal Route, fare_type: AC}]"
Galewela,Omaragolla,80.0,"[:Fare {fare: 80.0, route_id: route_db78ea66_451_1767932356, route_type: Normal Route, fare_type: AC}]"
Eppawala,Matale,590.0,"[:Fare {fare: 590.0, route_id: route_db78ea66_303_1767932356, route_type: Normal Route, fare_type: AC}]"
Eppawala,Nawula,445.0,"[:Fare {fare: 445.0, route_id: route_db78ea66_305_1767932356, route_type: Normal Route, fare_type: AC}]"
Eppawala,Dambulla,345.0,"[:Fare {fare: 345.0, route_id: route_db78ea66_441_1767932356, route_type: Normal Route, fare_type: AC}]"
Eppawala,Kakirawa,225.0,"[:Fare {fare: 225.0, route_id: route_db78ea66_244_1767932356, route_type: Normal Route, fare_type: AC}]"
Eppawala,Kakirawa,225.0,"[:Fare {fare: 225.0, route_id: route_db78ea66_442_1767932356, route_type: Normal Route, fare_type: AC}]"
Eppawala,Nittabuwa,965.0,"[:Fare {fare: 965.0, route_id: route_db78ea66_434_1767932356, route_type: Normal Route, fare_type: AC}]"
Eppawala,Kiribathgoda,1120.0,"[:Fare {fare: 1120.0, route_id: route_db78ea66_432_1767932356, route_type: Normal Route, fare_type: AC}]"
Eppawala,Yakkala,1020.0,"[:Fare {fare: 1020.0, route_id: route_db78ea66_433_1767932356, route_type: Normal Route, fare_type: AC}]"
Eppawala,Warakapola,875.0,"[:Fare {fare: 875.0, route_id: route_db78ea66_435_1767932356, route_type: Normal Route, fare_type: AC}]"
Eppawala,Polgahawela,780.0,"[:Fare {fare: 780.0, route_id: route_db78ea66_436_1767932356, route_type: Normal Route, fare_type: AC}]"
Eppawala,Akurana,680.0,"[:Fare {fare: 680.0, route_id: route_db78ea66_302_1767932356, route_type: Normal Route, fare_type: AC}]"
Eppawala,Ibbagamuwa,580.0,"[:Fare {fare: 580.0, route_id: route_db78ea66_438_1767932356, route_type: Normal Route, fare_type: AC}]"
Eppawala,Malsiripura,510.0,"[:Fare {fare: 510.0, route_id: route_db78ea66_439_1767932356, route_type: Normal Route, fare_type: AC}]"
Eppawala,Galewela,435.0,"[:Fare {fare: 435.0, route_id: route_db78ea66_440_1767932356, route_type: Normal Route, fare_type: AC}]"
Eppawala,Galewela,435.0,"[:Fare {fare: 435.0, route_id: route_db78ea66_242_1767932356, route_type: Normal Route, fare_type: AC}]"
Eppawala,Madawalaulpatha,510.0,"[:Fare {fare: 510.0, route_id: route_db78ea66_304_1767932356, route_type: Normal Route, fare_type: AC}]"
Galkulama,Matale,615.0,"[:Fare {fare: 615.0, route_id: route_db78ea66_369_1767932356, route_type: Normal Route, fare_type: AC}]"
Galkulama,Nawula,470.0,"[:Fare {fare: 470.0, route_id: route_db78ea66_371_1767932356, route_type: Normal Route, fare_type: AC}]"
Galkulama,Dambulla,365.0,"[:Fare {fare: 365.0, route_id: route_db78ea66_32_1767932356, route_type: Normal Route, fare_type: AC}]"
Galkulama,Kakirawa,245.0,"[:Fare {fare: 245.0, route_id: route_db78ea66_33_1767932356, route_type: Normal Route, fare_type: AC}]"
Galkulama,Nittabuwa,985.0,"[:Fare {fare: 985.0, route_id: route_db78ea66_25_1767932356, route_type: Normal Route, fare_type: AC}]"
Galkulama,Kiribathgoda,1140.0,"[:Fare {fare: 1140.0, route_id: route_db78ea66_23_1767932356, route_type: Normal Route, fare_type: AC}]"
Galkulama,Yakkala,1040.0,"[:Fare {fare: 1040.0, route_id: route_db78ea66_24_1767932356, route_type: Normal Route, fare_type: AC}]"
Galkulama,Yakkala,1040.0,"[:Fare {fare: 1040.0, route_id: route_db78ea66_115_1767932356, route_type: Normal Route, fare_type: AC}]"
Galkulama,Warakapola,900.0,"[:Fare {fare: 900.0, route_id: route_db78ea66_26_1767932356, route_type: Normal Route, fare_type: AC}]"
Galkulama,Polgahawela,800.0,"[:Fare {fare: 800.0, route_id: route_db78ea66_27_1767932356, route_type: Normal Route, fare_type: AC}]"
Galkulama,Akurana,700.0,"[:Fare {fare: 700.0, route_id: route_db78ea66_368_1767932356, route_type: Normal Route, fare_type: AC}]"
Galkulama,Ibbagamuwa,600.0,"[:Fare {fare: 600.0, route_id: route_db78ea66_29_1767932356, route_type: Normal Route, fare_type: AC}]"
Galkulama,Malsiripura,535.0,"[:Fare {fare: 535.0, route_id: route_db78ea66_30_1767932356, route_type: Normal Route, fare_type: AC}]"
Galkulama,Galewela,460.0,"[:Fare {fare: 460.0, route_id: route_db78ea66_31_1767932356, route_type: Normal Route, fare_type: AC}]"
Galkulama,Madawalaulpatha,535.0,"[:Fare {fare: 535.0, route_id: route_db78ea66_370_1767932356, route_type: Normal Route, fare_type: AC}]"
Kabithigollawa,Anuradhapura,400.0,"[:Fare {fare: 400.0, route_id: route_db78ea66_285_1767932356, route_type: Normal Route, fare_type: AC}]"
Kabithigollawa,Medawachchiya,240.0,"[:Fare {fare: 240.0, route_id: route_db78ea66_286_1767932356, route_type: Normal Route, fare_type: AC}]"
Kabithigollawa,Dambulla,820.0,"[:Fare {fare: 820.0, route_id: route_db78ea66_282_1767932356, route_type: Normal Route, fare_type: AC}]"
Kabithigollawa,Kakirawa,700.0,"[:Fare {fare: 700.0, route_id: route_db78ea66_283_1767932356, route_type: Normal Route, fare_type: AC}]"
Kabithigollawa,Nittabuwa,1435.0,"[:Fare {fare: 1435.0, route_id: route_db78ea66_275_1767932356, route_type: Normal Route, fare_type: AC}]"
Kabithigollawa,Kiribathgoda,1590.0,"[:Fare {fare: 1590.0, route_id: route_db78ea66_273_1767932356, route_type: Normal Route, fare_type: AC}]"
Kabithigollawa,Yakkala,1490.0,"[:Fare {fare: 1490.0, route_id: route_db78ea66_274_1767932356, route_type: Normal Route, fare_type: AC}]"
Kabithigollawa,Warakapola,1350.0,"[:Fare {fare: 1350.0, route_id: route_db78ea66_276_1767932356, route_type: Normal Route, fare_type: AC}]"
Kabithigollawa,Polgahawela,1250.0,"[:Fare {fare: 1250.0, route_id: route_db78ea66_277_1767932356, route_type: Normal Route, fare_type: AC}]"
Kabithigollawa,Ibbagamuwa,1050.0,"[:Fare {fare: 1050.0, route_id: route_db78ea66_279_1767932356, route_type: Normal Route, fare_type: AC}]"
Kabithigollawa,Malsiripura,985.0,"[:Fare {fare: 985.0, route_id: route_db78ea66_280_1767932356, route_type: Normal Route, fare_type: AC}]"
Kabithigollawa,Galewela,910.0,"[:Fare {fare: 910.0, route_id: route_db78ea66_281_1767932356, route_type: Normal Route, fare_type: AC}]"
Kabithigollawa,Eppawala,555.0,"[:Fare {fare: 555.0, route_id: route_db78ea66_284_1767932356, route_type: Normal Route, fare_type: AC}]"
Kabithigollawa,Trincomalee,500.0,"[:Fare {fare: 500.0, route_id: route_db78ea66_431_1767932356, route_type: Normal Route, fare_type: AC}]"
Kabithigollawa,Thririyaya Junction,365.0,"[:Fare {fare: 365.0, route_id: route_db78ea66_432_1767932356, route_type: Normal Route, fare_type: AC}]"
Kabithigollawa,Horowpathana,210.0,"[:Fare {fare: 210.0, route_id: route_db78ea66_433_1767932356, route_type: Normal Route, fare_type: AC}]"
Bogas Junction,Anuradhapura,550.0,"[:Fare {fare: 550.0, route_id: route_db78ea66_300_1767932356, route_type: Normal Route, fare_type: AC}]"
Bogas Junction,Medawachchiya,380.0,"[:Fare {fare: 380.0, route_id: route_db78ea66_301_1767932356, route_type: Normal Route, fare_type: AC}]"
Bogas Junction,Dambulla,965.0,"[:Fare {fare: 965.0, route_id: route_db78ea66_297_1767932356, route_type: Normal Route, fare_type: AC}]"
Bogas Junction,Kakirawa,845.0,"[:Fare {fare: 845.0, route_id: route_db78ea66_298_1767932356, route_type: Normal Route, fare_type: AC}]"
Bogas Junction,Nittabuwa,1580.0,"[:Fare {fare: 1580.0, route_id: route_db78ea66_290_1767932356, route_type: Normal Route, fare_type: AC}]"
Bogas Junction,Kiribathgoda,1730.0,"[:Fare {fare: 1730.0, route_id: route_db78ea66_288_1767932356, route_type: Normal Route, fare_type: AC}]"
Bogas Junction,Yakkala,1635.0,"[:Fare {fare: 1635.0, route_id: route_db78ea66_289_1767932356, route_type: Normal Route, fare_type: AC}]"
Bogas Junction,Warakapola,1490.0,"[:Fare {fare: 1490.0, route_id: route_db78ea66_291_1767932356, route_type: Normal Route, fare_type: AC}]"
Bogas Junction,Polgahawela,1390.0,"[:Fare {fare: 1390.0, route_id: route_db78ea66_292_1767932356, route_type: Normal Route, fare_type: AC}]"
Bogas Junction,Ibbagamuwa,1195.0,"[:Fare {fare: 1195.0, route_id: route_db78ea66_294_1767932356, route_type: Normal Route, fare_type: AC}]"
Bogas Junction,Malsiripura,1130.0,"[:Fare {fare: 1130.0, route_id: route_db78ea66_295_1767932356, route_type: Normal Route, fare_type: AC}]"
Bogas Junction,Galewela,1050.0,"[:Fare {fare: 1050.0, route_id: route_db78ea66_296_1767932356, route_type: Normal Route, fare_type: AC}]"
Bogas Junction,Eppawala,700.0,"[:Fare {fare: 700.0, route_id: route_db78ea66_299_1767932356, route_type: Normal Route, fare_type: AC}]"
Bogas Junction,Kabithigollawa,225.0,"[:Fare {fare: 225.0, route_id: route_db78ea66_302_1767932356, route_type: Normal Route, fare_type: AC}]"
Parakramapura,Anuradhapura,620.0,"[:Fare {fare: 620.0, route_id: route_db78ea66_316_1767932356, route_type: Normal Route, fare_type: AC}]"
Parakramapura,Medawachchiya,460.0,"[:Fare {fare: 460.0, route_id: route_db78ea66_317_1767932356, route_type: Normal Route, fare_type: AC}]"
Parakramapura,Dambulla,1040.0,"[:Fare {fare: 1040.0, route_id: route_db78ea66_313_1767932356, route_type: Normal Route, fare_type: AC}]"
Parakramapura,Kakirawa,920.0,"[:Fare {fare: 920.0, route_id: route_db78ea66_314_1767932356, route_type: Normal Route, fare_type: AC}]"
Parakramapura,Nittabuwa,1655.0,"[:Fare {fare: 1655.0, route_id: route_db78ea66_306_1767932356, route_type: Normal Route, fare_type: AC}]"
Parakramapura,Kiribathgoda,1810.0,"[:Fare {fare: 1810.0, route_id: route_db78ea66_304_1767932356, route_type: Normal Route, fare_type: AC}]"
Parakramapura,Yakkala,1710.0,"[:Fare {fare: 1710.0, route_id: route_db78ea66_305_1767932356, route_type: Normal Route, fare_type: AC}]"
Parakramapura,Warakapola,1570.0,"[:Fare {fare: 1570.0, route_id: route_db78ea66_307_1767932356, route_type: Normal Route, fare_type: AC}]"
Parakramapura,Polgahawela,1470.0,"[:Fare {fare: 1470.0, route_id: route_db78ea66_308_1767932356, route_type: Normal Route, fare_type: AC}]"
Parakramapura,Ibbagamuwa,1270.0,"[:Fare {fare: 1270.0, route_id: route_db78ea66_310_1767932356, route_type: Normal Route, fare_type: AC}]"
Parakramapura,Malsiripura,1205.0,"[:Fare {fare: 1205.0, route_id: route_db78ea66_311_1767932356, route_type: Normal Route, fare_type: AC}]"
Parakramapura,Galewela,1130.0,"[:Fare {fare: 1130.0, route_id: route_db78ea66_312_1767932356, route_type: Normal Route, fare_type: AC}]"
Parakramapura,Eppawala,780.0,"[:Fare {fare: 780.0, route_id: route_db78ea66_315_1767932356, route_type: Normal Route, fare_type: AC}]"
Parakramapura,Kabithigollawa,300.0,"[:Fare {fare: 300.0, route_id: route_db78ea66_318_1767932356, route_type: Normal Route, fare_type: AC}]"
Parakramapura,Bogas Junction,160.0,"[:Fare {fare: 160.0, route_id: route_db78ea66_319_1767932356, route_type: Normal Route, fare_type: AC}]"
Sampanuwara vidyalaya,Anuradhapura,700.0,"[:Fare {fare: 700.0, route_id: route_db78ea66_333_1767932356, route_type: Normal Route, fare_type: AC}]"
Sampanuwara vidyalaya,Medawachchiya,535.0,"[:Fare {fare: 535.0, route_id: route_db78ea66_334_1767932356, route_type: Normal Route, fare_type: AC}]"
Sampanuwara vidyalaya,Dambulla,1120.0,"[:Fare {fare: 1120.0, route_id: route_db78ea66_330_1767932356, route_type: Normal Route, fare_type: AC}]"
Sampanuwara vidyalaya,Kakirawa,995.0,"[:Fare {fare: 995.0, route_id: route_db78ea66_331_1767932356, route_type: Normal Route, fare_type: AC}]"
Sampanuwara vidyalaya,Nittabuwa,1730.0,"[:Fare {fare: 1730.0, route_id: route_db78ea66_323_1767932356, route_type: Normal Route, fare_type: AC}]"
Sampanuwara vidyalaya,Kiribathgoda,1890.0,"[:Fare {fare: 1890.0, route_id: route_db78ea66_321_1767932356, route_type: Normal Route, fare_type: AC}]"
Sampanuwara vidyalaya,Yakkala,1790.0,"[:Fare {fare: 1790.0, route_id: route_db78ea66_322_1767932356, route_type: Normal Route, fare_type: AC}]"
Sampanuwara vidyalaya,Warakapola,1645.0,"[:Fare {fare: 1645.0, route_id: route_db78ea66_324_1767932356, route_type: Normal Route, fare_type: AC}]"
Sampanuwara vidyalaya,Polgahawela,1545.0,"[:Fare {fare: 1545.0, route_id: route_db78ea66_325_1767932356, route_type: Normal Route, fare_type: AC}]"
Sampanuwara vidyalaya,Ibbagamuwa,1350.0,"[:Fare {fare: 1350.0, route_id: route_db78ea66_327_1767932356, route_type: Normal Route, fare_type: AC}]"
Sampanuwara vidyalaya,Malsiripura,1285.0,"[:Fare {fare: 1285.0, route_id: route_db78ea66_328_1767932356, route_type: Normal Route, fare_type: AC}]"
Sampanuwara vidyalaya,Galewela,1205.0,"[:Fare {fare: 1205.0, route_id: route_db78ea66_329_1767932356, route_type: Normal Route, fare_type: AC}]"
Sampanuwara vidyalaya,Eppawala,855.0,"[:Fare {fare: 855.0, route_id: route_db78ea66_332_1767932356, route_type: Normal Route, fare_type: AC}]"
Sampanuwara vidyalaya,Kabithigollawa,380.0,"[:Fare {fare: 380.0, route_id: route_db78ea66_335_1767932356, route_type: Normal Route, fare_type: AC}]"
Sampanuwara vidyalaya,Bogas Junction,240.0,"[:Fare {fare: 240.0, route_id: route_db78ea66_336_1767932356, route_type: Normal Route, fare_type: AC}]"
Sampanuwara vidyalaya,Parakramapura,160.0,"[:Fare {fare: 160.0, route_id: route_db78ea66_337_1767932356, route_type: Normal Route, fare_type: AC}]"
Janakapura,Anuradhapura,780.0,"[:Fare {fare: 780.0, route_id: route_db78ea66_351_1767932356, route_type: Normal Route, fare_type: AC}]"
Janakapura,Medawachchiya,615.0,"[:Fare {fare: 615.0, route_id: route_db78ea66_352_1767932356, route_type: Normal Route, fare_type: AC}]"
Janakapura,Dambulla,1195.0,"[:Fare {fare: 1195.0, route_id: route_db78ea66_348_1767932356, route_type: Normal Route, fare_type: AC}]"
Janakapura,Kakirawa,1075.0,"[:Fare {fare: 1075.0, route_id: route_db78ea66_349_1767932356, route_type: Normal Route, fare_type: AC}]"
Janakapura,Nittabuwa,1810.0,"[:Fare {fare: 1810.0, route_id: route_db78ea66_341_1767932356, route_type: Normal Route, fare_type: AC}]"
Janakapura,Kiribathgoda,1965.0,"[:Fare {fare: 1965.0, route_id: route_db78ea66_339_1767932356, route_type: Normal Route, fare_type: AC}]"
Janakapura,Yakkala,1865.0,"[:Fare {fare: 1865.0, route_id: route_db78ea66_340_1767932356, route_type: Normal Route, fare_type: AC}]"
Janakapura,Warakapola,1725.0,"[:Fare {fare: 1725.0, route_id: route_db78ea66_342_1767932356, route_type: Normal Route, fare_type: AC}]"
Janakapura,Polgahawela,1620.0,"[:Fare {fare: 1620.0, route_id: route_db78ea66_343_1767932356, route_type: Normal Route, fare_type: AC}]"
Janakapura,Ibbagamuwa,1425.0,"[:Fare {fare: 1425.0, route_id: route_db78ea66_345_1767932356, route_type: Normal Route, fare_type: AC}]"
Janakapura,Malsiripura,1360.0,"[:Fare {fare: 1360.0, route_id: route_db78ea66_346_1767932356, route_type: Normal Route, fare_type: AC}]"
Janakapura,Galewela,1285.0,"[:Fare {fare: 1285.0, route_id: route_db78ea66_347_1767932356, route_type: Normal Route, fare_type: AC}]"
Janakapura,Eppawala,930.0,"[:Fare {fare: 930.0, route_id: route_db78ea66_350_1767932356, route_type: Normal Route, fare_type: AC}]"
Janakapura,Kabithigollawa,460.0,"[:Fare {fare: 460.0, route_id: route_db78ea66_353_1767932356, route_type: Normal Route, fare_type: AC}]"
Janakapura,Bogas Junction,315.0,"[:Fare {fare: 315.0, route_id: route_db78ea66_354_1767932356, route_type: Normal Route, fare_type: AC}]"
Janakapura,Parakramapura,240.0,"[:Fare {fare: 240.0, route_id: route_db78ea66_355_1767932356, route_type: Normal Route, fare_type: AC}]"
Janakapura,Sampanuwara vidyalaya,160.0,"[:Fare {fare: 160.0, route_id: route_db78ea66_356_1767932356, route_type: Normal Route, fare_type: AC}]"
Narahenpita,Panadura,200.0,"[:Fare {fare: 200.0, route_id: route_db78ea66_319_1767932356, route_type: Normal Route, fare_type: AC}]"
Narahenpita,Moratuwa,160.0,"[:Fare {fare: 160.0, route_id: route_db78ea66_378_1767932356, route_type: Normal Route, fare_type: AC}]"
Narahenpita,Dehiwala,80.0,"[:Fare {fare: 80.0, route_id: route_db78ea66_320_1767932356, route_type: Normal Route, fare_type: AC}]"
Puliyankulama,Mundalama,1050.0,"[:Fare {fare: 1050.0, route_id: route_db78ea66_365_1767932356, route_type: Normal Route, fare_type: AC}]"
Puliyankulama,Nochchiyagama,645.0,"[:Fare {fare: 645.0, route_id: route_db78ea66_368_1767932356, route_type: Normal Route, fare_type: AC}]"
Puliyankulama,Anuradhapura,510.0,"[:Fare {fare: 510.0, route_id: route_db78ea66_369_1767932356, route_type: Normal Route, fare_type: AC}]"
Puliyankulama,Medawachchiya,360.0,"[:Fare {fare: 360.0, route_id: route_db78ea66_495_1767932356, route_type: Normal Route, fare_type: AC}]"
Puliyankulama,Kalaoya,735.0,"[:Fare {fare: 735.0, route_id: route_db78ea66_367_1767932356, route_type: Normal Route, fare_type: AC}]"
Puliyankulama,Vavuniya,225.0,"[:Fare {fare: 225.0, route_id: route_db78ea66_496_1767932356, route_type: Normal Route, fare_type: AC}]"
Puliyankulama,Omanthe,120.0,"[:Fare {fare: 120.0, route_id: route_db78ea66_497_1767932356, route_type: Normal Route, fare_type: AC}]"
Puliyankulama,Omanthe,140.0,"[:Fare {fare: 140.0, route_id: route_db78ea66_372_1767932356, route_type: Normal Route, fare_type: AC}]"
Puliyankulama,Dambulla,820.0,"[:Fare {fare: 820.0, route_id: route_db78ea66_492_1767932356, route_type: Normal Route, fare_type: AC}]"
Puliyankulama,Kakirawa,700.0,"[:Fare {fare: 700.0, route_id: route_db78ea66_493_1767932356, route_type: Normal Route, fare_type: AC}]"
Puliyankulama,Mihintale,480.0,"[:Fare {fare: 480.0, route_id: route_db78ea66_494_1767932356, route_type: Normal Route, fare_type: AC}]"
Puliyankulama,Chilaw,1195.0,"[:Fare {fare: 1195.0, route_id: route_db78ea66_364_1767932356, route_type: Normal Route, fare_type: AC}]"
Puliyankulama,Thelwatta,1425.0,"[:Fare {fare: 1425.0, route_id: route_db78ea66_363_1767932356, route_type: Normal Route, fare_type: AC}]"
Puliyankulama,Puttalam,910.0,"[:Fare {fare: 910.0, route_id: route_db78ea66_366_1767932356, route_type: Normal Route, fare_type: AC}]"
Puliyankulama,Nittabuwa,1435.0,"[:Fare {fare: 1435.0, route_id: route_db78ea66_486_1767932356, route_type: Normal Route, fare_type: AC}]"
Puliyankulama,Maradankadawala,645.0,"[:Fare {fare: 645.0, route_id: route_db78ea66_51_1767932356, route_type: Normal Route, fare_type: AC}]"
Puliyankulama,Kiribathgoda,1590.0,"[:Fare {fare: 1590.0, route_id: route_db78ea66_485_1767932356, route_type: Normal Route, fare_type: AC}]"
Puliyankulama,Warakapola,1350.0,"[:Fare {fare: 1350.0, route_id: route_db78ea66_487_1767932356, route_type: Normal Route, fare_type: AC}]"
Puliyankulama,Polgahawela,1250.0,"[:Fare {fare: 1250.0, route_id: route_db78ea66_488_1767932356, route_type: Normal Route, fare_type: AC}]"
Puliyankulama,Ibbagamuwa,1050.0,"[:Fare {fare: 1050.0, route_id: route_db78ea66_490_1767932356, route_type: Normal Route, fare_type: AC}]"
Puliyankulama,Galewela,910.0,"[:Fare {fare: 910.0, route_id: route_db78ea66_491_1767932356, route_type: Normal Route, fare_type: AC}]"
Puliyankulama,Narahenpita,1665.0,"[:Fare {fare: 1665.0, route_id: route_db78ea66_484_1767932356, route_type: Normal Route, fare_type: AC}]"
Puliyankulama,Moratuwa,1745.0,"[:Fare {fare: 1745.0, route_id: route_db78ea66_483_1767932356, route_type: Normal Route, fare_type: AC}]"
Puliyankulama,Mahiyanganaya,1390.0,"[:Fare {fare: 1390.0, route_id: route_db78ea66_45_1767932356, route_type: Normal Route, fare_type: AC}]"
Puliyankulama,Badulla,1810.0,"[:Fare {fare: 1810.0, route_id: route_db78ea66_40_1767932356, route_type: Normal Route, fare_type: AC}]"
Puliyankulama,Meegahakiwla,1645.0,"[:Fare {fare: 1645.0, route_id: route_db78ea66_42_1767932356, route_type: Normal Route, fare_type: AC}]"
Puliyankulama,Thaldena,1725.0,"[:Fare {fare: 1725.0, route_id: route_db78ea66_41_1767932356, route_type: Normal Route, fare_type: AC}]"
Puliyankulama,Buddankotte,1570.0,"[:Fare {fare: 1570.0, route_id: route_db78ea66_43_1767932356, route_type: Normal Route, fare_type: AC}]"
Puliyankulama,17 junction,1460.0,"[:Fare {fare: 1460.0, route_id: route_db78ea66_44_1767932356, route_type: Normal Route, fare_type: AC}]"
Puliyankulama,Hebarawa,1260.0,"[:Fare {fare: 1260.0, route_id: route_db78ea66_46_1767932356, route_type: Normal Route, fare_type: AC}]"
Puliyankulama,Hettipola,1220.0,"[:Fare {fare: 1220.0, route_id: route_db78ea66_47_1767932356, route_type: Normal Route, fare_type: AC}]"
Puliyankulama,Laggala,1130.0,"[:Fare {fare: 1130.0, route_id: route_db78ea66_48_1767932356, route_type: Normal Route, fare_type: AC}]"
Puliyankulama,Bakamuna,965.0,"[:Fare {fare: 965.0, route_id: route_db78ea66_49_1767932356, route_type: Normal Route, fare_type: AC}]"
Alimankada,Mundalama,1435.0,"[:Fare {fare: 1435.0, route_id: route_db78ea66_478_1767932356, route_type: Normal Route, fare_type: AC}]"
Alimankada,Nochchiyagama,1030.0,"[:Fare {fare: 1030.0, route_id: route_db78ea66_482_1767932356, route_type: Normal Route, fare_type: AC}]"
Alimankada,Anuradhapura,900.0,"[:Fare {fare: 900.0, route_id: route_db78ea66_483_1767932356, route_type: Normal Route, fare_type: AC}]"
Alimankada,Medawachchiya,745.0,"[:Fare {fare: 745.0, route_id: route_db78ea66_43_1767932356, route_type: Normal Route, fare_type: AC}]"
Alimankada,Kalaoya,1120.0,"[:Fare {fare: 1120.0, route_id: route_db78ea66_481_1767932356, route_type: Normal Route, fare_type: AC}]"
Alimankada,Vavuniya,615.0,"[:Fare {fare: 615.0, route_id: route_db78ea66_44_1767932356, route_type: Normal Route, fare_type: AC}]"
Alimankada,Omanthe,525.0,"[:Fare {fare: 525.0, route_id: route_db78ea66_45_1767932356, route_type: Normal Route, fare_type: AC}]"
Alimankada,Mankulam,345.0,"[:Fare {fare: 345.0, route_id: route_db78ea66_47_1767932356, route_type: Normal Route, fare_type: AC}]"
Alimankada,Mankulam,335.0,"[:Fare {fare: 335.0, route_id: route_db78ea66_107_1767932356, route_type: Normal Route, fare_type: AC}]"
Alimankada,Kilinochchi,165.0,"[:Fare {fare: 165.0, route_id: route_db78ea66_48_1767932356, route_type: Normal Route, fare_type: AC}]"
Alimankada,Panadura,2130.0,"[:Fare {fare: 2130.0, route_id: route_db78ea66_471_1767932356, route_type: Normal Route, fare_type: AC}]"
Alimankada,Dambulla,1205.0,"[:Fare {fare: 1205.0, route_id: route_db78ea66_40_1767932356, route_type: Normal Route, fare_type: AC}]"
Alimankada,Kakirawa,1085.0,"[:Fare {fare: 1085.0, route_id: route_db78ea66_41_1767932356, route_type: Normal Route, fare_type: AC}]"
Alimankada,Mihintale,865.0,"[:Fare {fare: 865.0, route_id: route_db78ea66_42_1767932356, route_type: Normal Route, fare_type: AC}]"
Alimankada,Marawila,1665.0,"[:Fare {fare: 1665.0, route_id: route_db78ea66_476_1767932356, route_type: Normal Route, fare_type: AC}]"
Alimankada,Chilaw,1580.0,"[:Fare {fare: 1580.0, route_id: route_db78ea66_477_1767932356, route_type: Normal Route, fare_type: AC}]"
Alimankada,Awissawella,1975.0,"[:Fare {fare: 1975.0, route_id: route_db78ea66_95_1767932356, route_type: Normal Route, fare_type: AC}]"
Alimankada,Ahaliyagoda,2050.0,"[:Fare {fare: 2050.0, route_id: route_db78ea66_94_1767932356, route_type: Normal Route, fare_type: AC}]"
Alimankada,Ratnapura,2230.0,"[:Fare {fare: 2230.0, route_id: route_db78ea66_93_1767932356, route_type: Normal Route, fare_type: AC}]"
Alimankada,Palmadulla,2340.0,"[:Fare {fare: 2340.0, route_id: route_db78ea66_92_1767932356, route_type: Normal Route, fare_type: AC}]"
Alimankada,Godakawela,2470.0,"[:Fare {fare: 2470.0, route_id: route_db78ea66_91_1767932356, route_type: Normal Route, fare_type: AC}]"
Alimankada,Ambilipitiya,2655.0,"[:Fare {fare: 2655.0, route_id: route_db78ea66_90_1767932356, route_type: Normal Route, fare_type: AC}]"
Alimankada,Thelwatta,1810.0,"[:Fare {fare: 1810.0, route_id: route_db78ea66_475_1767932356, route_type: Normal Route, fare_type: AC}]"
Alimankada,Puttalam,1295.0,"[:Fare {fare: 1295.0, route_id: route_db78ea66_479_1767932356, route_type: Normal Route, fare_type: AC}]"
Alimankada,Galigamuwa,1725.0,"[:Fare {fare: 1725.0, route_id: route_db78ea66_97_1767932356, route_type: Normal Route, fare_type: AC}]"
Alimankada,Nittabuwa,1820.0,"[:Fare {fare: 1820.0, route_id: route_db78ea66_34_1767932356, route_type: Normal Route, fare_type: AC}]"
Alimankada,Maradankadawala,1030.0,"[:Fare {fare: 1030.0, route_id: route_db78ea66_117_1767932356, route_type: Normal Route, fare_type: AC}]"
Alimankada,Kiribathgoda,1975.0,"[:Fare {fare: 1975.0, route_id: route_db78ea66_33_1767932356, route_type: Normal Route, fare_type: AC}]"
Alimankada,Warakapola,1730.0,"[:Fare {fare: 1730.0, route_id: route_db78ea66_35_1767932356, route_type: Normal Route, fare_type: AC}]"
Alimankada,Polgahawela,1635.0,"[:Fare {fare: 1635.0, route_id: route_db78ea66_36_1767932356, route_type: Normal Route, fare_type: AC}]"
Alimankada,Ibbagamuwa,1435.0,"[:Fare {fare: 1435.0, route_id: route_db78ea66_38_1767932356, route_type: Normal Route, fare_type: AC}]"
Alimankada,Malsiripura,1370.0,"[:Fare {fare: 1370.0, route_id: route_db78ea66_100_1767932356, route_type: Normal Route, fare_type: AC}]"
Alimankada,Galewela,1295.0,"[:Fare {fare: 1295.0, route_id: route_db78ea66_39_1767932356, route_type: Normal Route, fare_type: AC}]"
Alimankada,Narahenpita,2050.0,"[:Fare {fare: 2050.0, route_id: route_db78ea66_32_1767932356, route_type: Normal Route, fare_type: AC}]"
Alimankada,Narahenpita,2010.0,"[:Fare {fare: 2010.0, route_id: route_db78ea66_473_1767932356, route_type: Normal Route, fare_type: AC}]"
Alimankada,Puliyankulama,470.0,"[:Fare {fare: 470.0, route_id: route_db78ea66_46_1767932356, route_type: Normal Route, fare_type: AC}]"
Alimankada,Moratuwa,2130.0,"[:Fare {fare: 2130.0, route_id: route_db78ea66_31_1767932356, route_type: Normal Route, fare_type: AC}]"
Alimankada,Moratuwa,2095.0,"[:Fare {fare: 2095.0, route_id: route_db78ea66_354_1767932356, route_type: Normal Route, fare_type: AC}]"
Alimankada,Mahiyanganaya,1780.0,"[:Fare {fare: 1780.0, route_id: route_db78ea66_111_1767932356, route_type: Normal Route, fare_type: AC}]"
Alimankada,Aguruwalla,1855.0,"[:Fare {fare: 1855.0, route_id: route_db78ea66_96_1767932356, route_type: Normal Route, fare_type: AC}]"
Alimankada,Dehiwala,2040.0,"[:Fare {fare: 2040.0, route_id: route_db78ea66_472_1767932356, route_type: Normal Route, fare_type: AC}]"
Alimankada,18 Kanuwa,1845.0,"[:Fare {fare: 1845.0, route_id: route_db78ea66_474_1767932356, route_type: Normal Route, fare_type: AC}]"
Alimankada,Karuwalagaswawe,1220.0,"[:Fare {fare: 1220.0, route_id: route_db78ea66_480_1767932356, route_type: Normal Route, fare_type: AC}]"
Alimankada,Badulla,2195.0,"[:Fare {fare: 2195.0, route_id: route_db78ea66_106_1767932356, route_type: Normal Route, fare_type: AC}]"
Alimankada,Meegahakiwla,2030.0,"[:Fare {fare: 2030.0, route_id: route_db78ea66_108_1767932356, route_type: Normal Route, fare_type: AC}]"
Alimankada,Thaldena,2105.0,"[:Fare {fare: 2105.0, route_id: route_db78ea66_107_1767932356, route_type: Normal Route, fare_type: AC}]"
Alimankada,Buddankotte,1955.0,"[:Fare {fare: 1955.0, route_id: route_db78ea66_109_1767932356, route_type: Normal Route, fare_type: AC}]"
Alimankada,17 junction,1845.0,"[:Fare {fare: 1845.0, route_id: route_db78ea66_110_1767932356, route_type: Normal Route, fare_type: AC}]"
Alimankada,Hebarawa,1645.0,"[:Fare {fare: 1645.0, route_id: route_db78ea66_112_1767932356, route_type: Normal Route, fare_type: AC}]"
Alimankada,Hettipola,1605.0,"[:Fare {fare: 1605.0, route_id: route_db78ea66_113_1767932356, route_type: Normal Route, fare_type: AC}]"
Alimankada,Laggala,1515.0,"[:Fare {fare: 1515.0, route_id: route_db78ea66_114_1767932356, route_type: Normal Route, fare_type: AC}]"
Alimankada,Bakamuna,1350.0,"[:Fare {fare: 1350.0, route_id: route_db78ea66_115_1767932356, route_type: Normal Route, fare_type: AC}]"
Alimankada,Murugandi Kovil,225.0,"[:Fare {fare: 225.0, route_id: route_db78ea66_123_1767932356, route_type: Normal Route, fare_type: AC}]"
Kankasanthure,Mundalama,1820.0,"[:Fare {fare: 1820.0, route_id: route_db78ea66_204_1767932356, route_type: Normal Route, fare_type: AC}]"
Kankasanthure,Nochchiyagama,1415.0,"[:Fare {fare: 1415.0, route_id: route_db78ea66_208_1767932356, route_type: Normal Route, fare_type: AC}]"
Kankasanthure,Anuradhapura,1285.0,"[:Fare {fare: 1285.0, route_id: route_db78ea66_209_1767932356, route_type: Normal Route, fare_type: AC}]"
Kankasanthure,Medawachchiya,1130.0,"[:Fare {fare: 1130.0, route_id: route_db78ea66_100_1767932356, route_type: Normal Route, fare_type: AC}]"
Kankasanthure,Kalaoya,1500.0,"[:Fare {fare: 1500.0, route_id: route_db78ea66_207_1767932356, route_type: Normal Route, fare_type: AC}]"
Kankasanthure,Vavuniya,995.0,"[:Fare {fare: 995.0, route_id: route_db78ea66_101_1767932356, route_type: Normal Route, fare_type: AC}]"
Kankasanthure,Omanthe,910.0,"[:Fare {fare: 910.0, route_id: route_db78ea66_102_1767932356, route_type: Normal Route, fare_type: AC}]"
Kankasanthure,Mankulam,735.0,"[:Fare {fare: 735.0, route_id: route_db78ea66_104_1767932356, route_type: Normal Route, fare_type: AC}]"
Kankasanthure,Kilinochchi,555.0,"[:Fare {fare: 555.0, route_id: route_db78ea66_105_1767932356, route_type: Normal Route, fare_type: AC}]"
Kankasanthure,Kodikamam,315.0,"[:Fare {fare: 315.0, route_id: route_db78ea66_107_1767932356, route_type: Normal Route, fare_type: AC}]"
Kankasanthure,Jaffna,160.0,"[:Fare {fare: 160.0, route_id: route_db78ea66_108_1767932356, route_type: Normal Route, fare_type: AC}]"
Kankasanthure,Dambulla,1590.0,"[:Fare {fare: 1590.0, route_id: route_db78ea66_97_1767932356, route_type: Normal Route, fare_type: AC}]"
Kankasanthure,Kakirawa,1470.0,"[:Fare {fare: 1470.0, route_id: route_db78ea66_98_1767932356, route_type: Normal Route, fare_type: AC}]"
Kankasanthure,Mihintale,1250.0,"[:Fare {fare: 1250.0, route_id: route_db78ea66_99_1767932356, route_type: Normal Route, fare_type: AC}]"
Kankasanthure,Marawila,2050.0,"[:Fare {fare: 2050.0, route_id: route_db78ea66_202_1767932356, route_type: Normal Route, fare_type: AC}]"
Kankasanthure,Chilaw,1965.0,"[:Fare {fare: 1965.0, route_id: route_db78ea66_203_1767932356, route_type: Normal Route, fare_type: AC}]"
Kankasanthure,Thelwatta,2195.0,"[:Fare {fare: 2195.0, route_id: route_db78ea66_201_1767932356, route_type: Normal Route, fare_type: AC}]"
Kankasanthure,Puttalam,1680.0,"[:Fare {fare: 1680.0, route_id: route_db78ea66_205_1767932356, route_type: Normal Route, fare_type: AC}]"
Kankasanthure,Nittabuwa,2210.0,"[:Fare {fare: 2210.0, route_id: route_db78ea66_91_1767932356, route_type: Normal Route, fare_type: AC}]"
Kankasanthure,Kiribathgoda,2360.0,"[:Fare {fare: 2360.0, route_id: route_db78ea66_90_1767932356, route_type: Normal Route, fare_type: AC}]"
Kankasanthure,Warakapola,2120.0,"[:Fare {fare: 2120.0, route_id: route_db78ea66_92_1767932356, route_type: Normal Route, fare_type: AC}]"
Kankasanthure,Polgahawela,2020.0,"[:Fare {fare: 2020.0, route_id: route_db78ea66_93_1767932356, route_type: Normal Route, fare_type: AC}]"
Kankasanthure,Ibbagamuwa,1820.0,"[:Fare {fare: 1820.0, route_id: route_db78ea66_95_1767932356, route_type: Normal Route, fare_type: AC}]"
Kankasanthure,Galewela,1680.0,"[:Fare {fare: 1680.0, route_id: route_db78ea66_96_1767932356, route_type: Normal Route, fare_type: AC}]"
Kankasanthure,Narahenpita,2440.0,"[:Fare {fare: 2440.0, route_id: route_db78ea66_89_1767932356, route_type: Normal Route, fare_type: AC}]"
Kankasanthure,Puliyankulama,855.0,"[:Fare {fare: 855.0, route_id: route_db78ea66_103_1767932356, route_type: Normal Route, fare_type: AC}]"
Kankasanthure,Moratuwa,2515.0,"[:Fare {fare: 2515.0, route_id: route_db78ea66_88_1767932356, route_type: Normal Route, fare_type: AC}]"
Kankasanthure,Moratuwa,2480.0,"[:Fare {fare: 2480.0, route_id: route_db78ea66_408_1767932356, route_type: Normal Route, fare_type: AC}]"
Kankasanthure,Alimankada,470.0,"[:Fare {fare: 470.0, route_id: route_db78ea66_106_1767932356, route_type: Normal Route, fare_type: AC}]"
Kankasanthure,18 Kanuwa,2230.0,"[:Fare {fare: 2230.0, route_id: route_db78ea66_200_1767932356, route_type: Normal Route, fare_type: AC}]"
Kankasanthure,Karuwalagaswawe,1605.0,"[:Fare {fare: 1605.0, route_id: route_db78ea66_206_1767932356, route_type: Normal Route, fare_type: AC}]"
Nugegoda,Mount Lavinia,100.0,"[:Fare {fare: 100.0, route_id: route_db78ea66_231_1767932356, route_type: Normal Route, fare_type: AC}]"
Nugegoda,Panadura,200.0,"[:Fare {fare: 200.0, route_id: route_db78ea66_230_1767932356, route_type: Normal Route, fare_type: AC}]"
Balummahara,Mount Lavinia,315.0,"[:Fare {fare: 315.0, route_id: route_db78ea66_236_1767932356, route_type: Normal Route, fare_type: AC}]"
Balummahara,Panadura,390.0,"[:Fare {fare: 390.0, route_id: route_db78ea66_235_1767932356, route_type: Normal Route, fare_type: AC}]"
Balummahara,Kaduwela,180.0,"[:Fare {fare: 180.0, route_id: route_db78ea66_238_1767932356, route_type: Normal Route, fare_type: AC}]"
Balummahara,Nugegoda,270.0,"[:Fare {fare: 270.0, route_id: route_db78ea66_237_1767932356, route_type: Normal Route, fare_type: AC}]"
Kurunegala,Anuradhapura,700.0,"[:Fare {fare: 700.0, route_id: route_db78ea66_256_1767932356, route_type: Normal Route, fare_type: AC}]"
Kurunegala,Anuradhapura,820.0,"[:Fare {fare: 820.0, route_id: route_db78ea66_251_1767932356, route_type: Normal Route, fare_type: AC}]"
Kurunegala,Anuradhapura,830.0,"[:Fare {fare: 830.0, route_id: route_db78ea66_449_1767932356, route_type: Normal Route, fare_type: AC}]"
Kurunegala,Anuradhapura,790.0,"[:Fare {fare: 790.0, route_id: route_db78ea66_40_1767932356, route_type: Normal Route, fare_type: AC}]"
Kurunegala,Medawachchiya,865.0,"[:Fare {fare: 865.0, route_id: route_db78ea66_19_1767932356, route_type: Normal Route, fare_type: AC}]"
Kurunegala,Medawachchiya,985.0,"[:Fare {fare: 985.0, route_id: route_db78ea66_264_1767932356, route_type: Normal Route, fare_type: AC}]"
Kurunegala,Vavuniya,995.0,"[:Fare {fare: 995.0, route_id: route_db78ea66_158_1767932356, route_type: Normal Route, fare_type: AC}]"
Kurunegala,Omanthe,1085.0,"[:Fare {fare: 1085.0, route_id: route_db78ea66_48_1767932356, route_type: Normal Route, fare_type: AC}]"
Kurunegala,Omanthe,1075.0,"[:Fare {fare: 1075.0, route_id: route_db78ea66_179_1767932356, route_type: Normal Route, fare_type: AC}]"
Kurunegala,Mankulam,1270.0,"[:Fare {fare: 1270.0, route_id: route_db78ea66_64_1767932356, route_type: Normal Route, fare_type: AC}]"
Kurunegala,Mankulam,1260.0,"[:Fare {fare: 1260.0, route_id: route_db78ea66_4_1767932356, route_type: Normal Route, fare_type: AC}]"
Kurunegala,Kilinochchi,1435.0,"[:Fare {fare: 1435.0, route_id: route_db78ea66_81_1767932356, route_type: Normal Route, fare_type: AC}]"
Kurunegala,Kilinochchi,1435.0,"[:Fare {fare: 1435.0, route_id: route_db78ea66_191_1767932356, route_type: Normal Route, fare_type: AC}]"
Kurunegala,Kodikamam,1680.0,"[:Fare {fare: 1680.0, route_id: route_db78ea66_55_1767932356, route_type: Normal Route, fare_type: AC}]"
Kurunegala,Jaffna,1835.0,"[:Fare {fare: 1835.0, route_id: route_db78ea66_218_1767932356, route_type: Normal Route, fare_type: AC}]"
Kurunegala,Dankotuwa,415.0,"[:Fare {fare: 415.0, route_id: route_db78ea66_276_1767932356, route_type: Normal Route, fare_type: AC}]"
Kurunegala,Dambulla,400.0,"[:Fare {fare: 400.0, route_id: route_db78ea66_440_1767932356, route_type: Normal Route, fare_type: AC}]"
Kurunegala,Kakirawa,525.0,"[:Fare {fare: 525.0, route_id: route_db78ea66_17_1767932356, route_type: Normal Route, fare_type: AC}]"
Kurunegala,Kakirawa,525.0,"[:Fare {fare: 525.0, route_id: route_db78ea66_426_1767932356, route_type: Normal Route, fare_type: AC}]"
Kurunegala,Mihintale,745.0,"[:Fare {fare: 745.0, route_id: route_db78ea66_131_1767932356, route_type: Normal Route, fare_type: AC}]"
Kurunegala,Ja Ela,500.0,"[:Fare {fare: 500.0, route_id: route_db78ea66_215_1767932356, route_type: Normal Route, fare_type: AC}]"
Kurunegala,Wattala,555.0,"[:Fare {fare: 555.0, route_id: route_db78ea66_214_1767932356, route_type: Normal Route, fare_type: AC}]"
Kurunegala,Negambo,490.0,"[:Fare {fare: 490.0, route_id: route_db78ea66_275_1767932356, route_type: Normal Route, fare_type: AC}]"
Kurunegala,Kaduwela,800.0,"[:Fare {fare: 800.0, route_id: route_db78ea66_311_1767932356, route_type: Normal Route, fare_type: AC}]"
Kurunegala,Awissawella,535.0,"[:Fare {fare: 535.0, route_id: route_db78ea66_460_1767932356, route_type: Normal Route, fare_type: AC}]"
Kurunegala,Ahaliyagoda,615.0,"[:Fare {fare: 615.0, route_id: route_db78ea66_459_1767932356, route_type: Normal Route, fare_type: AC}]"
Kurunegala,Ratnapura,790.0,"[:Fare {fare: 790.0, route_id: route_db78ea66_458_1767932356, route_type: Normal Route, fare_type: AC}]"
Kurunegala,Palmadulla,900.0,"[:Fare {fare: 900.0, route_id: route_db78ea66_457_1767932356, route_type: Normal Route, fare_type: AC}]"
Kurunegala,Godakawela,1030.0,"[:Fare {fare: 1030.0, route_id: route_db78ea66_456_1767932356, route_type: Normal Route, fare_type: AC}]"
Kurunegala,Ambilipitiya,1220.0,"[:Fare {fare: 1220.0, route_id: route_db78ea66_455_1767932356, route_type: Normal Route, fare_type: AC}]"
Kurunegala,Galigamuwa,280.0,"[:Fare {fare: 280.0, route_id: route_db78ea66_462_1767932356, route_type: Normal Route, fare_type: AC}]"
Kurunegala,Galigamuwa,460.0,"[:Fare {fare: 460.0, route_id: route_db78ea66_171_1767932356, route_type: Normal Route, fare_type: AC}]"
Kurunegala,Thabuththegama,555.0,"[:Fare {fare: 555.0, route_id: route_db78ea66_180_1767932356, route_type: Normal Route, fare_type: AC}]"
Kurunegala,Nittabuwa,380.0,"[:Fare {fare: 380.0, route_id: route_db78ea66_241_1767932356, route_type: Normal Route, fare_type: AC}]"
Kurunegala,Habarana,535.0,"[:Fare {fare: 535.0, route_id: route_db78ea66_115_1767932356, route_type: Normal Route, fare_type: AC}]"
Kurunegala,Minneriya,680.0,"[:Fare {fare: 680.0, route_id: route_db78ea66_126_1767932356, route_type: Normal Route, fare_type: AC}]"
Kurunegala,Welikanda,930.0,"[:Fare {fare: 930.0, route_id: route_db78ea66_151_1767932356, route_type: Normal Route, fare_type: AC}]"
Kurunegala,Walachchena,1130.0,"[:Fare {fare: 1130.0, route_id: route_db78ea66_165_1767932356, route_type: Normal Route, fare_type: AC}]"
Kurunegala,Eravur,1225.0,"[:Fare {fare: 1225.0, route_id: route_db78ea66_180_1767932356, route_type: Normal Route, fare_type: AC}]"
Kurunegala,Kaththankudi,1350.0,"[:Fare {fare: 1350.0, route_id: route_db78ea66_213_1767932356, route_type: Normal Route, fare_type: AC}]"
Kurunegala,Kalawanchikudi,1460.0,"[:Fare {fare: 1460.0, route_id: route_db78ea66_231_1767932356, route_type: Normal Route, fare_type: AC}]"
Kurunegala,Kalmunai,1525.0,"[:Fare {fare: 1525.0, route_id: route_db78ea66_395_1767932356, route_type: Normal Route, fare_type: AC}]"
Kurunegala,Akkareipaththu,1645.0,"[:Fare {fare: 1645.0, route_id: route_db78ea66_254_1767932356, route_type: Normal Route, fare_type: AC}]"
Kurunegala,Thirukkovil,1725.0,"[:Fare {fare: 1725.0, route_id: route_db78ea66_428_1767932356, route_type: Normal Route, fare_type: AC}]"
Kurunegala,Minuwangoda,425.0,"[:Fare {fare: 425.0, route_id: route_db78ea66_216_1767932356, route_type: Normal Route, fare_type: AC}]"
Kurunegala,Diwlapitiya,365.0,"[:Fare {fare: 365.0, route_id: route_db78ea66_217_1767932356, route_type: Normal Route, fare_type: AC}]"
Kurunegala,Kotadeniyawa,300.0,"[:Fare {fare: 300.0, route_id: route_db78ea66_218_1767932356, route_type: Normal Route, fare_type: AC}]"
Kurunegala,Giriulla,255.0,"[:Fare {fare: 255.0, route_id: route_db78ea66_219_1767932356, route_type: Normal Route, fare_type: AC}]"
Kurunegala,Dabadeniya,240.0,"[:Fare {fare: 240.0, route_id: route_db78ea66_220_1767932356, route_type: Normal Route, fare_type: AC}]"
Kurunegala,Narammala,180.0,"[:Fare {fare: 180.0, route_id: route_db78ea66_221_1767932356, route_type: Normal Route, fare_type: AC}]"
Kurunegala,Piduruwalla,100.0,"[:Fare {fare: 100.0, route_id: route_db78ea66_222_1767932356, route_type: Normal Route, fare_type: AC}]"
Kurunegala,Kiribathgoda,535.0,"[:Fare {fare: 535.0, route_id: route_db78ea66_239_1767932356, route_type: Normal Route, fare_type: AC}]"
Kurunegala,Yakkala,435.0,"[:Fare {fare: 435.0, route_id: route_db78ea66_240_1767932356, route_type: Normal Route, fare_type: AC}]"
Kurunegala,Yakkala,435.0,"[:Fare {fare: 435.0, route_id: route_db78ea66_64_1767932356, route_type: Normal Route, fare_type: AC}]"
Kurunegala,Warakapola,290.0,"[:Fare {fare: 290.0, route_id: route_db78ea66_242_1767932356, route_type: Normal Route, fare_type: AC}]"
Kurunegala,Polgahawela,190.0,"[:Fare {fare: 190.0, route_id: route_db78ea66_243_1767932356, route_type: Normal Route, fare_type: AC}]"
Kurunegala,Ibbagamuwa,165.0,"[:Fare {fare: 165.0, route_id: route_db78ea66_392_1767932356, route_type: Normal Route, fare_type: AC}]"
Kurunegala,Malsiripura,240.0,"[:Fare {fare: 240.0, route_id: route_db78ea66_399_1767932356, route_type: Normal Route, fare_type: AC}]"
Kurunegala,Galewela,315.0,"[:Fare {fare: 315.0, route_id: route_db78ea66_407_1767932356, route_type: Normal Route, fare_type: AC}]"
Kurunegala,Galewela,315.0,"[:Fare {fare: 315.0, route_id: route_db78ea66_209_1767932356, route_type: Normal Route, fare_type: AC}]"
Kurunegala,Eppawala,670.0,"[:Fare {fare: 670.0, route_id: route_db78ea66_437_1767932356, route_type: Normal Route, fare_type: AC}]"
Kurunegala,Galkulama,690.0,"[:Fare {fare: 690.0, route_id: route_db78ea66_28_1767932356, route_type: Normal Route, fare_type: AC}]"
Kurunegala,Kabithigollawa,1140.0,"[:Fare {fare: 1140.0, route_id: route_db78ea66_278_1767932356, route_type: Normal Route, fare_type: AC}]"
Kurunegala,Bogas Junction,1285.0,"[:Fare {fare: 1285.0, route_id: route_db78ea66_293_1767932356, route_type: Normal Route, fare_type: AC}]"
Kurunegala,Parakramapura,1360.0,"[:Fare {fare: 1360.0, route_id: route_db78ea66_309_1767932356, route_type: Normal Route, fare_type: AC}]"
Kurunegala,Sampanuwara vidyalaya,1435.0,"[:Fare {fare: 1435.0, route_id: route_db78ea66_326_1767932356, route_type: Normal Route, fare_type: AC}]"
Kurunegala,Janakapura,1515.0,"[:Fare {fare: 1515.0, route_id: route_db78ea66_344_1767932356, route_type: Normal Route, fare_type: AC}]"
Kurunegala,Narahenpita,615.0,"[:Fare {fare: 615.0, route_id: route_db78ea66_394_1767932356, route_type: Normal Route, fare_type: AC}]"
Kurunegala,Puliyankulama,1140.0,"[:Fare {fare: 1140.0, route_id: route_db78ea66_489_1767932356, route_type: Normal Route, fare_type: AC}]"
Kurunegala,Moratuwa,690.0,"[:Fare {fare: 690.0, route_id: route_db78ea66_393_1767932356, route_type: Normal Route, fare_type: AC}]"
Kurunegala,Alimankada,1525.0,"[:Fare {fare: 1525.0, route_id: route_db78ea66_37_1767932356, route_type: Normal Route, fare_type: AC}]"
Kurunegala,Kankasanthure,1910.0,"[:Fare {fare: 1910.0, route_id: route_db78ea66_94_1767932356, route_type: Normal Route, fare_type: AC}]"
Kurunegala,Nindawur,1560.0,"[:Fare {fare: 1560.0, route_id: route_db78ea66_211_1767932356, route_type: Normal Route, fare_type: AC}]"
Kurunegala,Pannala,315.0,"[:Fare {fare: 315.0, route_id: route_db78ea66_277_1767932356, route_type: Normal Route, fare_type: AC}]"
Kurunegala,Galoya Junction,615.0,"[:Fare {fare: 615.0, route_id: route_db78ea66_461_1767932356, route_type: Normal Route, fare_type: AC}]"
Kurunegala,Kanthale,790.0,"[:Fare {fare: 790.0, route_id: route_db78ea66_473_1767932356, route_type: Normal Route, fare_type: AC}]"
Kurunegala,Thambalagamuwa,900.0,"[:Fare {fare: 900.0, route_id: route_db78ea66_486_1767932356, route_type: Normal Route, fare_type: AC}]"
Kurunegala,Trincomalee,1010.0,"[:Fare {fare: 1010.0, route_id: route_db78ea66_0_1767932356, route_type: Normal Route, fare_type: AC}]"
Kurunegala,Trincomalee,1100.0,"[:Fare {fare: 1100.0, route_id: route_db78ea66_120_1767932356, route_type: Normal Route, fare_type: AC}]"
Kurunegala,Batticaloa,1305.0,"[:Fare {fare: 1305.0, route_id: route_db78ea66_196_1767932356, route_type: Normal Route, fare_type: AC}]"
Kurunegala,Wakaneri Junction,1050.0,"[:Fare {fare: 1050.0, route_id: route_db78ea66_476_1767932356, route_type: Normal Route, fare_type: AC}]"
Kurunegala,Oddamawadi,1120.0,"[:Fare {fare: 1120.0, route_id: route_db78ea66_487_1767932356, route_type: Normal Route, fare_type: AC}]"
Kurunegala,Oluwil,1590.0,"[:Fare {fare: 1590.0, route_id: route_db78ea66_232_1767932356, route_type: Normal Route, fare_type: AC}]"
Kurunegala,Kiraan,1160.0,"[:Fare {fare: 1160.0, route_id: route_db78ea66_341_1767932356, route_type: Normal Route, fare_type: AC}]"
Kurunegala,Vachnathiw,1350.0,"[:Fare {fare: 1350.0, route_id: route_db78ea66_255_1767932356, route_type: Normal Route, fare_type: AC}]"
Kurunegala,kokadiwole,1435.0,"[:Fare {fare: 1435.0, route_id: route_db78ea66_272_1767932356, route_type: Normal Route, fare_type: AC}]"
Kurunegala,Kinniya,985.0,"[:Fare {fare: 985.0, route_id: route_db78ea66_106_1767932356, route_type: Normal Route, fare_type: AC}]"
Kurunegala,Wariyapola,190.0,"[:Fare {fare: 190.0, route_id: route_db78ea66_156_1767932356, route_type: Normal Route, fare_type: AC}]"
Kurunegala,Dhaladagama,320.0,"[:Fare {fare: 320.0, route_id: route_db78ea66_163_1767932356, route_type: Normal Route, fare_type: AC}]"
Kurunegala,Aguruwalla,415.0,"[:Fare {fare: 415.0, route_id: route_db78ea66_461_1767932356, route_type: Normal Route, fare_type: AC}]"
Kurunegala,Gokaralla,210.0,"[:Fare {fare: 210.0, route_id: route_db78ea66_438_1767932356, route_type: Normal Route, fare_type: AC}]"
Kurunegala,Omaragolla,280.0,"[:Fare {fare: 280.0, route_id: route_db78ea66_443_1767932356, route_type: Normal Route, fare_type: AC}]"
Kurunegala,Pahalawewa,360.0,"[:Fare {fare: 360.0, route_id: route_db78ea66_452_1767932356, route_type: Normal Route, fare_type: AC}]"
Kurunegala,Mawathagama,140.0,"[:Fare {fare: 140.0, route_id: route_db78ea66_465_1767932356, route_type: Normal Route, fare_type: AC}]"
Kurunegala,Galagedara,210.0,"[:Fare {fare: 210.0, route_id: route_db78ea66_466_1767932356, route_type: Normal Route, fare_type: AC}]"
Karawanalla,Kaduwela,320.0,"[:Fare {fare: 320.0, route_id: route_db78ea66_282_1767932356, route_type: Normal Route, fare_type: AC}]"
Karawanalla,Awissawella,165.0,"[:Fare {fare: 165.0, route_id: route_db78ea66_283_1767932356, route_type: Normal Route, fare_type: AC}]"
Karawanalla,Wallampitiya,380.0,"[:Fare {fare: 380.0, route_id: route_db78ea66_281_1767932356, route_type: Normal Route, fare_type: AC}]"
Yatiyanthota,Kaduwela,360.0,"[:Fare {fare: 360.0, route_id: route_db78ea66_286_1767932356, route_type: Normal Route, fare_type: AC}]"
Yatiyanthota,Awissawella,200.0,"[:Fare {fare: 200.0, route_id: route_db78ea66_287_1767932356, route_type: Normal Route, fare_type: AC}]"
Yatiyanthota,Wallampitiya,415.0,"[:Fare {fare: 415.0, route_id: route_db78ea66_285_1767932356, route_type: Normal Route, fare_type: AC}]"
Yatiyanthota,Karawanalla,80.0,"[:Fare {fare: 80.0, route_id: route_db78ea66_288_1767932356, route_type: Normal Route, fare_type: AC}]"
Ginigathhena,Kaduwela,555.0,"[:Fare {fare: 555.0, route_id: route_db78ea66_291_1767932356, route_type: Normal Route, fare_type: AC}]"
Ginigathhena,Awissawella,400.0,"[:Fare {fare: 400.0, route_id: route_db78ea66_292_1767932356, route_type: Normal Route, fare_type: AC}]"
Ginigathhena,Wallampitiya,615.0,"[:Fare {fare: 615.0, route_id: route_db78ea66_290_1767932356, route_type: Normal Route, fare_type: AC}]"
Ginigathhena,Karawanalla,315.0,"[:Fare {fare: 315.0, route_id: route_db78ea66_293_1767932356, route_type: Normal Route, fare_type: AC}]"
Ginigathhena,Yatiyanthota,280.0,"[:Fare {fare: 280.0, route_id: route_db78ea66_294_1767932356, route_type: Normal Route, fare_type: AC}]"
Watawala,Kaduwela,615.0,"[:Fare {fare: 615.0, route_id: route_db78ea66_297_1767932356, route_type: Normal Route, fare_type: AC}]"
Watawala,Awissawella,460.0,"[:Fare {fare: 460.0, route_id: route_db78ea66_298_1767932356, route_type: Normal Route, fare_type: AC}]"
Watawala,Wallampitiya,670.0,"[:Fare {fare: 670.0, route_id: route_db78ea66_296_1767932356, route_type: Normal Route, fare_type: AC}]"
Watawala,Karawanalla,365.0,"[:Fare {fare: 365.0, route_id: route_db78ea66_299_1767932356, route_type: Normal Route, fare_type: AC}]"
Watawala,Yatiyanthota,335.0,"[:Fare {fare: 335.0, route_id: route_db78ea66_300_1767932356, route_type: Normal Route, fare_type: AC}]"
Watawala,Ginigathhena,120.0,"[:Fare {fare: 120.0, route_id: route_db78ea66_301_1767932356, route_type: Normal Route, fare_type: AC}]"
Hatton,Kaduwela,690.0,"[:Fare {fare: 690.0, route_id: route_db78ea66_304_1767932356, route_type: Normal Route, fare_type: AC}]"
Hatton,Awissawella,535.0,"[:Fare {fare: 535.0, route_id: route_db78ea66_305_1767932356, route_type: Normal Route, fare_type: AC}]"
Hatton,Wallampitiya,745.0,"[:Fare {fare: 745.0, route_id: route_db78ea66_303_1767932356, route_type: Normal Route, fare_type: AC}]"
Hatton,Karawanalla,445.0,"[:Fare {fare: 445.0, route_id: route_db78ea66_306_1767932356, route_type: Normal Route, fare_type: AC}]"
Hatton,Yatiyanthota,415.0,"[:Fare {fare: 415.0, route_id: route_db78ea66_307_1767932356, route_type: Normal Route, fare_type: AC}]"
Hatton,Ginigathhena,210.0,"[:Fare {fare: 210.0, route_id: route_db78ea66_308_1767932356, route_type: Normal Route, fare_type: AC}]"
Hatton,Watawala,160.0,"[:Fare {fare: 160.0, route_id: route_db78ea66_309_1767932356, route_type: Normal Route, fare_type: AC}]"
Fordes Junction,Kaduwela,745.0,"[:Fare {fare: 745.0, route_id: route_db78ea66_348_1767932356, route_type: Normal Route, fare_type: AC}]"
Fordes Junction,Awissawella,590.0,"[:Fare {fare: 590.0, route_id: route_db78ea66_349_1767932356, route_type: Normal Route, fare_type: AC}]"
Fordes Junction,Wallampitiya,800.0,"[:Fare {fare: 800.0, route_id: route_db78ea66_347_1767932356, route_type: Normal Route, fare_type: AC}]"
Fordes Junction,Karawanalla,500.0,"[:Fare {fare: 500.0, route_id: route_db78ea66_350_1767932356, route_type: Normal Route, fare_type: AC}]"
Fordes Junction,Yatiyanthota,470.0,"[:Fare {fare: 470.0, route_id: route_db78ea66_351_1767932356, route_type: Normal Route, fare_type: AC}]"
Fordes Junction,Ginigathhena,270.0,"[:Fare {fare: 270.0, route_id: route_db78ea66_352_1767932356, route_type: Normal Route, fare_type: AC}]"
Fordes Junction,Watawala,210.0,"[:Fare {fare: 210.0, route_id: route_db78ea66_353_1767932356, route_type: Normal Route, fare_type: AC}]"
Fordes Junction,Hatton,120.0,"[:Fare {fare: 120.0, route_id: route_db78ea66_354_1767932356, route_type: Normal Route, fare_type: AC}]"
Manrasi,Kaduwela,800.0,"[:Fare {fare: 800.0, route_id: route_db78ea66_357_1767932356, route_type: Normal Route, fare_type: AC}]"
Manrasi,Awissawella,645.0,"[:Fare {fare: 645.0, route_id: route_db78ea66_358_1767932356, route_type: Normal Route, fare_type: AC}]"
Manrasi,Wallampitiya,855.0,"[:Fare {fare: 855.0, route_id: route_db78ea66_356_1767932356, route_type: Normal Route, fare_type: AC}]"
Manrasi,Karawanalla,555.0,"[:Fare {fare: 555.0, route_id: route_db78ea66_359_1767932356, route_type: Normal Route, fare_type: AC}]"
Manrasi,Yatiyanthota,525.0,"[:Fare {fare: 525.0, route_id: route_db78ea66_360_1767932356, route_type: Normal Route, fare_type: AC}]"
Manrasi,Ginigathhena,320.0,"[:Fare {fare: 320.0, route_id: route_db78ea66_361_1767932356, route_type: Normal Route, fare_type: AC}]"
Manrasi,Watawala,270.0,"[:Fare {fare: 270.0, route_id: route_db78ea66_362_1767932356, route_type: Normal Route, fare_type: AC}]"
Manrasi,Hatton,190.0,"[:Fare {fare: 190.0, route_id: route_db78ea66_363_1767932356, route_type: Normal Route, fare_type: AC}]"
Manrasi,Fordes Junction,120.0,"[:Fare {fare: 120.0, route_id: route_db78ea66_364_1767932356, route_type: Normal Route, fare_type: AC}]"
Dayagama,Kaduwela,845.0,"[:Fare {fare: 845.0, route_id: route_db78ea66_367_1767932356, route_type: Normal Route, fare_type: AC}]"
Dayagama,Awissawella,690.0,"[:Fare {fare: 690.0, route_id: route_db78ea66_368_1767932356, route_type: Normal Route, fare_type: AC}]"
Dayagama,Wallampitiya,900.0,"[:Fare {fare: 900.0, route_id: route_db78ea66_366_1767932356, route_type: Normal Route, fare_type: AC}]"
Dayagama,Karawanalla,600.0,"[:Fare {fare: 600.0, route_id: route_db78ea66_369_1767932356, route_type: Normal Route, fare_type: AC}]"
Dayagama,Yatiyanthota,570.0,"[:Fare {fare: 570.0, route_id: route_db78ea66_370_1767932356, route_type: Normal Route, fare_type: AC}]"
Dayagama,Ginigathhena,365.0,"[:Fare {fare: 365.0, route_id: route_db78ea66_371_1767932356, route_type: Normal Route, fare_type: AC}]"
Dayagama,Watawala,315.0,"[:Fare {fare: 315.0, route_id: route_db78ea66_372_1767932356, route_type: Normal Route, fare_type: AC}]"
Dayagama,Hatton,240.0,"[:Fare {fare: 240.0, route_id: route_db78ea66_373_1767932356, route_type: Normal Route, fare_type: AC}]"
Dayagama,Fordes Junction,180.0,"[:Fare {fare: 180.0, route_id: route_db78ea66_374_1767932356, route_type: Normal Route, fare_type: AC}]"
Dayagama,Manrasi,100.0,"[:Fare {fare: 100.0, route_id: route_db78ea66_375_1767932356, route_type: Normal Route, fare_type: AC}]"
Kotagala,Kaduwela,725.0,"[:Fare {fare: 725.0, route_id: route_db78ea66_406_1767932356, route_type: Normal Route, fare_type: AC}]"
Kotagala,Awissawella,570.0,"[:Fare {fare: 570.0, route_id: route_db78ea66_407_1767932356, route_type: Normal Route, fare_type: AC}]"
Kotagala,Wallampitiya,780.0,"[:Fare {fare: 780.0, route_id: route_db78ea66_405_1767932356, route_type: Normal Route, fare_type: AC}]"
Kotagala,Karawanalla,480.0,"[:Fare {fare: 480.0, route_id: route_db78ea66_408_1767932356, route_type: Normal Route, fare_type: AC}]"
Kotagala,Yatiyanthota,445.0,"[:Fare {fare: 445.0, route_id: route_db78ea66_409_1767932356, route_type: Normal Route, fare_type: AC}]"
Kotagala,Ginigathhena,245.0,"[:Fare {fare: 245.0, route_id: route_db78ea66_410_1767932356, route_type: Normal Route, fare_type: AC}]"
Kotagala,Watawala,190.0,"[:Fare {fare: 190.0, route_id: route_db78ea66_411_1767932356, route_type: Normal Route, fare_type: AC}]"
Thalawakale,Kaduwela,790.0,"[:Fare {fare: 790.0, route_id: route_db78ea66_414_1767932356, route_type: Normal Route, fare_type: AC}]"
Thalawakale,Awissawella,635.0,"[:Fare {fare: 635.0, route_id: route_db78ea66_415_1767932356, route_type: Normal Route, fare_type: AC}]"
Thalawakale,Wallampitiya,845.0,"[:Fare {fare: 845.0, route_id: route_db78ea66_413_1767932356, route_type: Normal Route, fare_type: AC}]"
Thalawakale,Karawanalla,550.0,"[:Fare {fare: 550.0, route_id: route_db78ea66_416_1767932356, route_type: Normal Route, fare_type: AC}]"
Thalawakale,Yatiyanthota,510.0,"[:Fare {fare: 510.0, route_id: route_db78ea66_417_1767932356, route_type: Normal Route, fare_type: AC}]"
Thalawakale,Ginigathhena,315.0,"[:Fare {fare: 315.0, route_id: route_db78ea66_418_1767932356, route_type: Normal Route, fare_type: AC}]"
Thalawakale,Watawala,255.0,"[:Fare {fare: 255.0, route_id: route_db78ea66_419_1767932356, route_type: Normal Route, fare_type: AC}]"
Thalawakale,Kotagala,140.0,"[:Fare {fare: 140.0, route_id: route_db78ea66_420_1767932356, route_type: Normal Route, fare_type: AC}]"
Gelioya,Mawanalla,225.0,"[:Fare {fare: 225.0, route_id: route_db78ea66_455_1767932356, route_type: Normal Route, fare_type: AC}]"
Gelioya,Nittabuwa,525.0,"[:Fare {fare: 525.0, route_id: route_db78ea66_452_1767932356, route_type: Normal Route, fare_type: AC}]"
Gelioya,Kiribathgoda,680.0,"[:Fare {fare: 680.0, route_id: route_db78ea66_450_1767932356, route_type: Normal Route, fare_type: AC}]"
Gelioya,Yakkala,580.0,"[:Fare {fare: 580.0, route_id: route_db78ea66_451_1767932356, route_type: Normal Route, fare_type: AC}]"
Gelioya,Warakapola,435.0,"[:Fare {fare: 435.0, route_id: route_db78ea66_453_1767932356, route_type: Normal Route, fare_type: AC}]"
Gelioya,Kegalle,300.0,"[:Fare {fare: 300.0, route_id: route_db78ea66_454_1767932356, route_type: Normal Route, fare_type: AC}]"
Gelioya,Peradeniya,80.0,"[:Fare {fare: 80.0, route_id: route_db78ea66_456_1767932356, route_type: Normal Route, fare_type: AC}]"
Gampola,Mawanalla,270.0,"[:Fare {fare: 270.0, route_id: route_db78ea66_463_1767932356, route_type: Normal Route, fare_type: AC}]"
Gampola,Nittabuwa,570.0,"[:Fare {fare: 570.0, route_id: route_db78ea66_460_1767932356, route_type: Normal Route, fare_type: AC}]"
Gampola,Kiribathgoda,725.0,"[:Fare {fare: 725.0, route_id: route_db78ea66_458_1767932356, route_type: Normal Route, fare_type: AC}]"
Gampola,Yakkala,620.0,"[:Fare {fare: 620.0, route_id: route_db78ea66_459_1767932356, route_type: Normal Route, fare_type: AC}]"
Gampola,Warakapola,480.0,"[:Fare {fare: 480.0, route_id: route_db78ea66_461_1767932356, route_type: Normal Route, fare_type: AC}]"
Gampola,Kegalle,345.0,"[:Fare {fare: 345.0, route_id: route_db78ea66_183_1767932356, route_type: Normal Route, fare_type: AC}]"
Gampola,Kegalle,345.0,"[:Fare {fare: 345.0, route_id: route_db78ea66_462_1767932356, route_type: Normal Route, fare_type: AC}]"
Gampola,Peradeniya,160.0,"[:Fare {fare: 160.0, route_id: route_db78ea66_464_1767932356, route_type: Normal Route, fare_type: AC}]"
Gampola,Gelioya,100.0,"[:Fare {fare: 100.0, route_id: route_db78ea66_465_1767932356, route_type: Normal Route, fare_type: AC}]"
Pallekale,Mawanalla,280.0,"[:Fare {fare: 280.0, route_id: route_db78ea66_74_1767932356, route_type: Normal Route, fare_type: AC}]"
Pallekale,Nittabuwa,580.0,"[:Fare {fare: 580.0, route_id: route_db78ea66_71_1767932356, route_type: Normal Route, fare_type: AC}]"
Pallekale,Kiribathgoda,735.0,"[:Fare {fare: 735.0, route_id: route_db78ea66_69_1767932356, route_type: Normal Route, fare_type: AC}]"
Pallekale,Yakkala,635.0,"[:Fare {fare: 635.0, route_id: route_db78ea66_70_1767932356, route_type: Normal Route, fare_type: AC}]"
Pallekale,Warakapola,490.0,"[:Fare {fare: 490.0, route_id: route_db78ea66_72_1767932356, route_type: Normal Route, fare_type: AC}]"
Pallekale,Kegalle,360.0,"[:Fare {fare: 360.0, route_id: route_db78ea66_73_1767932356, route_type: Normal Route, fare_type: AC}]"
Pallekale,Peradeniya,165.0,"[:Fare {fare: 165.0, route_id: route_db78ea66_75_1767932356, route_type: Normal Route, fare_type: AC}]"
Theldeniya,Mawanalla,380.0,"[:Fare {fare: 380.0, route_id: route_db78ea66_83_1767932356, route_type: Normal Route, fare_type: AC}]"
Theldeniya,Nittabuwa,680.0,"[:Fare {fare: 680.0, route_id: route_db78ea66_80_1767932356, route_type: Normal Route, fare_type: AC}]"
Theldeniya,Kiribathgoda,830.0,"[:Fare {fare: 830.0, route_id: route_db78ea66_78_1767932356, route_type: Normal Route, fare_type: AC}]"
Theldeniya,Yakkala,735.0,"[:Fare {fare: 735.0, route_id: route_db78ea66_79_1767932356, route_type: Normal Route, fare_type: AC}]"
Theldeniya,Warakapola,590.0,"[:Fare {fare: 590.0, route_id: route_db78ea66_81_1767932356, route_type: Normal Route, fare_type: AC}]"
Theldeniya,Kegalle,460.0,"[:Fare {fare: 460.0, route_id: route_db78ea66_82_1767932356, route_type: Normal Route, fare_type: AC}]"
Theldeniya,Peradeniya,270.0,"[:Fare {fare: 270.0, route_id: route_db78ea66_84_1767932356, route_type: Normal Route, fare_type: AC}]"
Theldeniya,Pallekale,180.0,"[:Fare {fare: 180.0, route_id: route_db78ea66_468_1767932356, route_type: Normal Route, fare_type: AC}]"
Madamahanuwara,Mawanalla,460.0,"[:Fare {fare: 460.0, route_id: route_db78ea66_93_1767932356, route_type: Normal Route, fare_type: AC}]"
Madamahanuwara,Nittabuwa,755.0,"[:Fare {fare: 755.0, route_id: route_db78ea66_90_1767932356, route_type: Normal Route, fare_type: AC}]"
Madamahanuwara,Kiribathgoda,910.0,"[:Fare {fare: 910.0, route_id: route_db78ea66_88_1767932356, route_type: Normal Route, fare_type: AC}]"
Madamahanuwara,Yakkala,810.0,"[:Fare {fare: 810.0, route_id: route_db78ea66_89_1767932356, route_type: Normal Route, fare_type: AC}]"
Madamahanuwara,Warakapola,670.0,"[:Fare {fare: 670.0, route_id: route_db78ea66_91_1767932356, route_type: Normal Route, fare_type: AC}]"
Madamahanuwara,Kegalle,535.0,"[:Fare {fare: 535.0, route_id: route_db78ea66_92_1767932356, route_type: Normal Route, fare_type: AC}]"
Madamahanuwara,Peradeniya,345.0,"[:Fare {fare: 345.0, route_id: route_db78ea66_94_1767932356, route_type: Normal Route, fare_type: AC}]"
Madamahanuwara,Pallekale,255.0,"[:Fare {fare: 255.0, route_id: route_db78ea66_470_1767932356, route_type: Normal Route, fare_type: AC}]"
Madamahanuwara,Theldeniya,160.0,"[:Fare {fare: 160.0, route_id: route_db78ea66_471_1767932356, route_type: Normal Route, fare_type: AC}]"
Ududhumbara,Mawanalla,535.0,"[:Fare {fare: 535.0, route_id: route_db78ea66_104_1767932356, route_type: Normal Route, fare_type: AC}]"
Ududhumbara,Nittabuwa,830.0,"[:Fare {fare: 830.0, route_id: route_db78ea66_101_1767932356, route_type: Normal Route, fare_type: AC}]"
Ududhumbara,Kiribathgoda,985.0,"[:Fare {fare: 985.0, route_id: route_db78ea66_99_1767932356, route_type: Normal Route, fare_type: AC}]"
Ududhumbara,Yakkala,890.0,"[:Fare {fare: 890.0, route_id: route_db78ea66_100_1767932356, route_type: Normal Route, fare_type: AC}]"
Ududhumbara,Warakapola,745.0,"[:Fare {fare: 745.0, route_id: route_db78ea66_102_1767932356, route_type: Normal Route, fare_type: AC}]"
Ududhumbara,Kegalle,615.0,"[:Fare {fare: 615.0, route_id: route_db78ea66_103_1767932356, route_type: Normal Route, fare_type: AC}]"
Ududhumbara,Peradeniya,425.0,"[:Fare {fare: 425.0, route_id: route_db78ea66_105_1767932356, route_type: Normal Route, fare_type: AC}]"
Ududhumbara,Pallekale,335.0,"[:Fare {fare: 335.0, route_id: route_db78ea66_473_1767932356, route_type: Normal Route, fare_type: AC}]"
Ududhumbara,Theldeniya,240.0,"[:Fare {fare: 240.0, route_id: route_db78ea66_474_1767932356, route_type: Normal Route, fare_type: AC}]"
Ududhumbara,Madamahanuwara,160.0,"[:Fare {fare: 160.0, route_id: route_db78ea66_475_1767932356, route_type: Normal Route, fare_type: AC}]"
Hasalaka,Mawanalla,700.0,"[:Fare {fare: 700.0, route_id: route_db78ea66_116_1767932356, route_type: Normal Route, fare_type: AC}]"
Hasalaka,Nittabuwa,995.0,"[:Fare {fare: 995.0, route_id: route_db78ea66_113_1767932356, route_type: Normal Route, fare_type: AC}]"
Hasalaka,Kiribathgoda,1150.0,"[:Fare {fare: 1150.0, route_id: route_db78ea66_111_1767932356, route_type: Normal Route, fare_type: AC}]"
Hasalaka,Yakkala,1050.0,"[:Fare {fare: 1050.0, route_id: route_db78ea66_112_1767932356, route_type: Normal Route, fare_type: AC}]"
Hasalaka,Warakapola,910.0,"[:Fare {fare: 910.0, route_id: route_db78ea66_114_1767932356, route_type: Normal Route, fare_type: AC}]"
Hasalaka,Kegalle,780.0,"[:Fare {fare: 780.0, route_id: route_db78ea66_115_1767932356, route_type: Normal Route, fare_type: AC}]"
Hasalaka,Peradeniya,590.0,"[:Fare {fare: 590.0, route_id: route_db78ea66_117_1767932356, route_type: Normal Route, fare_type: AC}]"
Hasalaka,Pallekale,500.0,"[:Fare {fare: 500.0, route_id: route_db78ea66_477_1767932356, route_type: Normal Route, fare_type: AC}]"
Hasalaka,Theldeniya,400.0,"[:Fare {fare: 400.0, route_id: route_db78ea66_478_1767932356, route_type: Normal Route, fare_type: AC}]"
Hasalaka,Madamahanuwara,320.0,"[:Fare {fare: 320.0, route_id: route_db78ea66_479_1767932356, route_type: Normal Route, fare_type: AC}]"
Hasalaka,Ududhumbara,245.0,"[:Fare {fare: 245.0, route_id: route_db78ea66_480_1767932356, route_type: Normal Route, fare_type: AC}]"
Mahiyanganaya,Mawanalla,735.0,"[:Fare {fare: 735.0, route_id: route_db78ea66_129_1767932356, route_type: Normal Route, fare_type: AC}]"
Mahiyanganaya,Nittabuwa,1030.0,"[:Fare {fare: 1030.0, route_id: route_db78ea66_126_1767932356, route_type: Normal Route, fare_type: AC}]"
Mahiyanganaya,Kiribathgoda,1180.0,"[:Fare {fare: 1180.0, route_id: route_db78ea66_124_1767932356, route_type: Normal Route, fare_type: AC}]"
Mahiyanganaya,Yakkala,1085.0,"[:Fare {fare: 1085.0, route_id: route_db78ea66_125_1767932356, route_type: Normal Route, fare_type: AC}]"
Mahiyanganaya,Warakapola,940.0,"[:Fare {fare: 940.0, route_id: route_db78ea66_127_1767932356, route_type: Normal Route, fare_type: AC}]"
Mahiyanganaya,Kegalle,810.0,"[:Fare {fare: 810.0, route_id: route_db78ea66_128_1767932356, route_type: Normal Route, fare_type: AC}]"
Mahiyanganaya,Peradeniya,620.0,"[:Fare {fare: 620.0, route_id: route_db78ea66_130_1767932356, route_type: Normal Route, fare_type: AC}]"
Mahiyanganaya,Pallekale,535.0,"[:Fare {fare: 535.0, route_id: route_db78ea66_482_1767932356, route_type: Normal Route, fare_type: AC}]"
Mahiyanganaya,Theldeniya,435.0,"[:Fare {fare: 435.0, route_id: route_db78ea66_483_1767932356, route_type: Normal Route, fare_type: AC}]"
Mahiyanganaya,Madamahanuwara,360.0,"[:Fare {fare: 360.0, route_id: route_db78ea66_484_1767932356, route_type: Normal Route, fare_type: AC}]"
Mahiyanganaya,Ududhumbara,280.0,"[:Fare {fare: 280.0, route_id: route_db78ea66_485_1767932356, route_type: Normal Route, fare_type: AC}]"
Mahiyanganaya,Hasalaka,80.0,"[:Fare {fare: 80.0, route_id: route_db78ea66_486_1767932356, route_type: Normal Route, fare_type: AC}]"
Mahiyanganaya,Badulla,500.0,"[:Fare {fare: 500.0, route_id: route_db78ea66_445_1767932356, route_type: Normal Route, fare_type: AC}]"
Mahiyanganaya,Meegahakiwla,335.0,"[:Fare {fare: 335.0, route_id: route_db78ea66_447_1767932356, route_type: Normal Route, fare_type: AC}]"
Mahiyanganaya,Thaldena,415.0,"[:Fare {fare: 415.0, route_id: route_db78ea66_446_1767932356, route_type: Normal Route, fare_type: AC}]"
Mahiyanganaya,Buddankotte,255.0,"[:Fare {fare: 255.0, route_id: route_db78ea66_448_1767932356, route_type: Normal Route, fare_type: AC}]"
Mahiyanganaya,17 junction,140.0,"[:Fare {fare: 140.0, route_id: route_db78ea66_449_1767932356, route_type: Normal Route, fare_type: AC}]"
Padiyathalawa,Mawanalla,930.0,"[:Fare {fare: 930.0, route_id: route_db78ea66_143_1767932356, route_type: Normal Route, fare_type: AC}]"
Padiyathalawa,Nittabuwa,1225.0,"[:Fare {fare: 1225.0, route_id: route_db78ea66_140_1767932356, route_type: Normal Route, fare_type: AC}]"
Padiyathalawa,Kiribathgoda,1380.0,"[:Fare {fare: 1380.0, route_id: route_db78ea66_138_1767932356, route_type: Normal Route, fare_type: AC}]"
Padiyathalawa,Yakkala,1285.0,"[:Fare {fare: 1285.0, route_id: route_db78ea66_139_1767932356, route_type: Normal Route, fare_type: AC}]"
Padiyathalawa,Warakapola,1140.0,"[:Fare {fare: 1140.0, route_id: route_db78ea66_141_1767932356, route_type: Normal Route, fare_type: AC}]"
Padiyathalawa,Kegalle,1010.0,"[:Fare {fare: 1010.0, route_id: route_db78ea66_142_1767932356, route_type: Normal Route, fare_type: AC}]"
Padiyathalawa,Peradeniya,820.0,"[:Fare {fare: 820.0, route_id: route_db78ea66_144_1767932356, route_type: Normal Route, fare_type: AC}]"
Padiyathalawa,Pallekale,735.0,"[:Fare {fare: 735.0, route_id: route_db78ea66_488_1767932356, route_type: Normal Route, fare_type: AC}]"
Padiyathalawa,Theldeniya,635.0,"[:Fare {fare: 635.0, route_id: route_db78ea66_489_1767932356, route_type: Normal Route, fare_type: AC}]"
Padiyathalawa,Madamahanuwara,555.0,"[:Fare {fare: 555.0, route_id: route_db78ea66_490_1767932356, route_type: Normal Route, fare_type: AC}]"
Padiyathalawa,Ududhumbara,480.0,"[:Fare {fare: 480.0, route_id: route_db78ea66_491_1767932356, route_type: Normal Route, fare_type: AC}]"
Padiyathalawa,Hasalaka,315.0,"[:Fare {fare: 315.0, route_id: route_db78ea66_492_1767932356, route_type: Normal Route, fare_type: AC}]"
Padiyathalawa,Mahiyanganaya,280.0,"[:Fare {fare: 280.0, route_id: route_db78ea66_493_1767932356, route_type: Normal Route, fare_type: AC}]"
Mahaoya,Mawanalla,1040.0,"[:Fare {fare: 1040.0, route_id: route_db78ea66_158_1767932356, route_type: Normal Route, fare_type: AC}]"
Mahaoya,Nittabuwa,1340.0,"[:Fare {fare: 1340.0, route_id: route_db78ea66_155_1767932356, route_type: Normal Route, fare_type: AC}]"
Mahaoya,Kiribathgoda,1490.0,"[:Fare {fare: 1490.0, route_id: route_db78ea66_153_1767932356, route_type: Normal Route, fare_type: AC}]"
Mahaoya,Yakkala,1390.0,"[:Fare {fare: 1390.0, route_id: route_db78ea66_154_1767932356, route_type: Normal Route, fare_type: AC}]"
Mahaoya,Warakapola,1250.0,"[:Fare {fare: 1250.0, route_id: route_db78ea66_156_1767932356, route_type: Normal Route, fare_type: AC}]"
Mahaoya,Kegalle,1120.0,"[:Fare {fare: 1120.0, route_id: route_db78ea66_157_1767932356, route_type: Normal Route, fare_type: AC}]"
Mahaoya,Peradeniya,930.0,"[:Fare {fare: 930.0, route_id: route_db78ea66_159_1767932356, route_type: Normal Route, fare_type: AC}]"
Mahaoya,Pallekale,845.0,"[:Fare {fare: 845.0, route_id: route_db78ea66_495_1767932356, route_type: Normal Route, fare_type: AC}]"
Mahaoya,Theldeniya,745.0,"[:Fare {fare: 745.0, route_id: route_db78ea66_496_1767932356, route_type: Normal Route, fare_type: AC}]"
Mahaoya,Madamahanuwara,670.0,"[:Fare {fare: 670.0, route_id: route_db78ea66_497_1767932356, route_type: Normal Route, fare_type: AC}]"
Mahaoya,Ududhumbara,590.0,"[:Fare {fare: 590.0, route_id: route_db78ea66_498_1767932356, route_type: Normal Route, fare_type: AC}]"
Mahaoya,Hasalaka,425.0,"[:Fare {fare: 425.0, route_id: route_db78ea66_499_1767932356, route_type: Normal Route, fare_type: AC}]"
Mahaoya,Mahiyanganaya,390.0,"[:Fare {fare: 390.0, route_id: route_db78ea66_0_1767932356, route_type: Normal Route, fare_type: AC}]"
Mahaoya,Padiyathalawa,190.0,"[:Fare {fare: 190.0, route_id: route_db78ea66_1_1767932356, route_type: Normal Route, fare_type: AC}]"
Aranthalawa,Mawanalla,1120.0,"[:Fare {fare: 1120.0, route_id: route_db78ea66_174_1767932356, route_type: Normal Route, fare_type: AC}]"
Aranthalawa,Nittabuwa,1415.0,"[:Fare {fare: 1415.0, route_id: route_db78ea66_171_1767932356, route_type: Normal Route, fare_type: AC}]"
Aranthalawa,Kiribathgoda,1570.0,"[:Fare {fare: 1570.0, route_id: route_db78ea66_169_1767932356, route_type: Normal Route, fare_type: AC}]"
Aranthalawa,Yakkala,1470.0,"[:Fare {fare: 1470.0, route_id: route_db78ea66_170_1767932356, route_type: Normal Route, fare_type: AC}]"
Aranthalawa,Warakapola,1330.0,"[:Fare {fare: 1330.0, route_id: route_db78ea66_172_1767932356, route_type: Normal Route, fare_type: AC}]"
Aranthalawa,Kegalle,1195.0,"[:Fare {fare: 1195.0, route_id: route_db78ea66_173_1767932356, route_type: Normal Route, fare_type: AC}]"
Aranthalawa,Peradeniya,1010.0,"[:Fare {fare: 1010.0, route_id: route_db78ea66_175_1767932356, route_type: Normal Route, fare_type: AC}]"
Aranthalawa,Pallekale,920.0,"[:Fare {fare: 920.0, route_id: route_db78ea66_3_1767932356, route_type: Normal Route, fare_type: AC}]"
Aranthalawa,Theldeniya,820.0,"[:Fare {fare: 820.0, route_id: route_db78ea66_4_1767932356, route_type: Normal Route, fare_type: AC}]"
Aranthalawa,Madamahanuwara,745.0,"[:Fare {fare: 745.0, route_id: route_db78ea66_5_1767932356, route_type: Normal Route, fare_type: AC}]"
Aranthalawa,Ududhumbara,670.0,"[:Fare {fare: 670.0, route_id: route_db78ea66_6_1767932356, route_type: Normal Route, fare_type: AC}]"
Aranthalawa,Hasalaka,500.0,"[:Fare {fare: 500.0, route_id: route_db78ea66_7_1767932356, route_type: Normal Route, fare_type: AC}]"
Aranthalawa,Mahiyanganaya,470.0,"[:Fare {fare: 470.0, route_id: route_db78ea66_8_1767932356, route_type: Normal Route, fare_type: AC}]"
Aranthalawa,Padiyathalawa,270.0,"[:Fare {fare: 270.0, route_id: route_db78ea66_9_1767932356, route_type: Normal Route, fare_type: AC}]"
Aranthalawa,Mahaoya,160.0,"[:Fare {fare: 160.0, route_id: route_db78ea66_10_1767932356, route_type: Normal Route, fare_type: AC}]"
Uhana,Mawanalla,1330.0,"[:Fare {fare: 1330.0, route_id: route_db78ea66_191_1767932356, route_type: Normal Route, fare_type: AC}]"
Uhana,Nittabuwa,1620.0,"[:Fare {fare: 1620.0, route_id: route_db78ea66_188_1767932356, route_type: Normal Route, fare_type: AC}]"
Uhana,Kiribathgoda,1780.0,"[:Fare {fare: 1780.0, route_id: route_db78ea66_186_1767932356, route_type: Normal Route, fare_type: AC}]"
Uhana,Yakkala,1680.0,"[:Fare {fare: 1680.0, route_id: route_db78ea66_187_1767932356, route_type: Normal Route, fare_type: AC}]"
Uhana,Warakapola,1535.0,"[:Fare {fare: 1535.0, route_id: route_db78ea66_189_1767932356, route_type: Normal Route, fare_type: AC}]"
Uhana,Kegalle,1405.0,"[:Fare {fare: 1405.0, route_id: route_db78ea66_190_1767932356, route_type: Normal Route, fare_type: AC}]"
Uhana,Peradeniya,1220.0,"[:Fare {fare: 1220.0, route_id: route_db78ea66_192_1767932356, route_type: Normal Route, fare_type: AC}]"
Uhana,Pallekale,1130.0,"[:Fare {fare: 1130.0, route_id: route_db78ea66_12_1767932356, route_type: Normal Route, fare_type: AC}]"
Uhana,Theldeniya,1030.0,"[:Fare {fare: 1030.0, route_id: route_db78ea66_13_1767932356, route_type: Normal Route, fare_type: AC}]"
Uhana,Madamahanuwara,950.0,"[:Fare {fare: 950.0, route_id: route_db78ea66_14_1767932356, route_type: Normal Route, fare_type: AC}]"
Uhana,Ududhumbara,875.0,"[:Fare {fare: 875.0, route_id: route_db78ea66_15_1767932356, route_type: Normal Route, fare_type: AC}]"
Uhana,Hasalaka,715.0,"[:Fare {fare: 715.0, route_id: route_db78ea66_16_1767932356, route_type: Normal Route, fare_type: AC}]"
Uhana,Mahiyanganaya,680.0,"[:Fare {fare: 680.0, route_id: route_db78ea66_17_1767932356, route_type: Normal Route, fare_type: AC}]"
Uhana,Padiyathalawa,480.0,"[:Fare {fare: 480.0, route_id: route_db78ea66_18_1767932356, route_type: Normal Route, fare_type: AC}]"
Uhana,Mahaoya,365.0,"[:Fare {fare: 365.0, route_id: route_db78ea66_19_1767932356, route_type: Normal Route, fare_type: AC}]"
Uhana,Aranthalawa,290.0,"[:Fare {fare: 290.0, route_id: route_db78ea66_20_1767932356, route_type: Normal Route, fare_type: AC}]"
Ampara,Mawanalla,1390.0,"[:Fare {fare: 1390.0, route_id: route_db78ea66_209_1767932356, route_type: Normal Route, fare_type: AC}]"
Ampara,Nittabuwa,1690.0,"[:Fare {fare: 1690.0, route_id: route_db78ea66_206_1767932356, route_type: Normal Route, fare_type: AC}]"
Ampara,Kiribathgoda,1845.0,"[:Fare {fare: 1845.0, route_id: route_db78ea66_204_1767932356, route_type: Normal Route, fare_type: AC}]"
Ampara,Yakkala,1745.0,"[:Fare {fare: 1745.0, route_id: route_db78ea66_205_1767932356, route_type: Normal Route, fare_type: AC}]"
Ampara,Warakapola,1605.0,"[:Fare {fare: 1605.0, route_id: route_db78ea66_207_1767932356, route_type: Normal Route, fare_type: AC}]"
Ampara,Kegalle,1470.0,"[:Fare {fare: 1470.0, route_id: route_db78ea66_208_1767932356, route_type: Normal Route, fare_type: AC}]"
Ampara,Peradeniya,1285.0,"[:Fare {fare: 1285.0, route_id: route_db78ea66_210_1767932356, route_type: Normal Route, fare_type: AC}]"
Ampara,Pallekale,1195.0,"[:Fare {fare: 1195.0, route_id: route_db78ea66_22_1767932356, route_type: Normal Route, fare_type: AC}]"
Ampara,Theldeniya,1100.0,"[:Fare {fare: 1100.0, route_id: route_db78ea66_23_1767932356, route_type: Normal Route, fare_type: AC}]"
Ampara,Madamahanuwara,1020.0,"[:Fare {fare: 1020.0, route_id: route_db78ea66_24_1767932356, route_type: Normal Route, fare_type: AC}]"
Ampara,Ududhumbara,940.0,"[:Fare {fare: 940.0, route_id: route_db78ea66_25_1767932356, route_type: Normal Route, fare_type: AC}]"
Ampara,Hasalaka,780.0,"[:Fare {fare: 780.0, route_id: route_db78ea66_26_1767932356, route_type: Normal Route, fare_type: AC}]"
Ampara,Mahiyanganaya,745.0,"[:Fare {fare: 745.0, route_id: route_db78ea66_27_1767932356, route_type: Normal Route, fare_type: AC}]"
Ampara,Padiyathalawa,550.0,"[:Fare {fare: 550.0, route_id: route_db78ea66_28_1767932356, route_type: Normal Route, fare_type: AC}]"
Ampara,Mahaoya,435.0,"[:Fare {fare: 435.0, route_id: route_db78ea66_29_1767932356, route_type: Normal Route, fare_type: AC}]"
Ampara,Aranthalawa,360.0,"[:Fare {fare: 360.0, route_id: route_db78ea66_30_1767932356, route_type: Normal Route, fare_type: AC}]"
Ampara,Uhana,140.0,"[:Fare {fare: 140.0, route_id: route_db78ea66_31_1767932356, route_type: Normal Route, fare_type: AC}]"
Nindawur,Mawanalla,1535.0,"[:Fare {fare: 1535.0, route_id: route_db78ea66_438_1767932356, route_type: Normal Route, fare_type: AC}]"
Nindawur,Dambulla,1240.0,"[:Fare {fare: 1240.0, route_id: route_db78ea66_215_1767932356, route_type: Normal Route, fare_type: AC}]"
Nindawur,Kaduwela,845.0,"[:Fare {fare: 845.0, route_id: route_db78ea66_218_1767932356, route_type: Normal Route, fare_type: AC}]"
Nindawur,Nittabuwa,1835.0,"[:Fare {fare: 1835.0, route_id: route_db78ea66_435_1767932356, route_type: Normal Route, fare_type: AC}]"
Nindawur,Nittabuwa,1855.0,"[:Fare {fare: 1855.0, route_id: route_db78ea66_208_1767932356, route_type: Normal Route, fare_type: AC}]"
Nindawur,Habarana,1105.0,"[:Fare {fare: 1105.0, route_id: route_db78ea66_216_1767932356, route_type: Normal Route, fare_type: AC}]"
Nindawur,Minneriya,965.0,"[:Fare {fare: 965.0, route_id: route_db78ea66_217_1767932356, route_type: Normal Route, fare_type: AC}]"
Nindawur,Welikanda,715.0,"[:Fare {fare: 715.0, route_id: route_db78ea66_219_1767932356, route_type: Normal Route, fare_type: AC}]"
Nindawur,Walachchena,510.0,"[:Fare {fare: 510.0, route_id: route_db78ea66_220_1767932356, route_type: Normal Route, fare_type: AC}]"
Nindawur,Eravur,415.0,"[:Fare {fare: 415.0, route_id: route_db78ea66_221_1767932356, route_type: Normal Route, fare_type: AC}]"
Nindawur,Kaththankudi,290.0,"[:Fare {fare: 290.0, route_id: route_db78ea66_223_1767932356, route_type: Normal Route, fare_type: AC}]"
Nindawur,Kalawanchikudi,180.0,"[:Fare {fare: 180.0, route_id: route_db78ea66_224_1767932356, route_type: Normal Route, fare_type: AC}]"
Nindawur,Kalmunai,80.0,"[:Fare {fare: 80.0, route_id: route_db78ea66_225_1767932356, route_type: Normal Route, fare_type: AC}]"
Nindawur,Akkareipaththu,165.0,"[:Fare {fare: 165.0, route_id: route_db78ea66_479_1767932356, route_type: Normal Route, fare_type: AC}]"
Nindawur,Kiribathgoda,1985.0,"[:Fare {fare: 1985.0, route_id: route_db78ea66_433_1767932356, route_type: Normal Route, fare_type: AC}]"
Nindawur,Kiribathgoda,2010.0,"[:Fare {fare: 2010.0, route_id: route_db78ea66_206_1767932356, route_type: Normal Route, fare_type: AC}]"
Nindawur,Yakkala,1890.0,"[:Fare {fare: 1890.0, route_id: route_db78ea66_434_1767932356, route_type: Normal Route, fare_type: AC}]"
Nindawur,Yakkala,1910.0,"[:Fare {fare: 1910.0, route_id: route_db78ea66_207_1767932356, route_type: Normal Route, fare_type: AC}]"
Nindawur,Warakapola,1745.0,"[:Fare {fare: 1745.0, route_id: route_db78ea66_436_1767932356, route_type: Normal Route, fare_type: AC}]"
Nindawur,Warakapola,1770.0,"[:Fare {fare: 1770.0, route_id: route_db78ea66_209_1767932356, route_type: Normal Route, fare_type: AC}]"
Nindawur,Polgahawela,1665.0,"[:Fare {fare: 1665.0, route_id: route_db78ea66_210_1767932356, route_type: Normal Route, fare_type: AC}]"
Nindawur,Kegalle,1610.0,"[:Fare {fare: 1610.0, route_id: route_db78ea66_437_1767932356, route_type: Normal Route, fare_type: AC}]"
Nindawur,Peradeniya,1425.0,"[:Fare {fare: 1425.0, route_id: route_db78ea66_439_1767932356, route_type: Normal Route, fare_type: AC}]"
Nindawur,Ibbagamuwa,1470.0,"[:Fare {fare: 1470.0, route_id: route_db78ea66_212_1767932356, route_type: Normal Route, fare_type: AC}]"
Nindawur,Malsiripura,1405.0,"[:Fare {fare: 1405.0, route_id: route_db78ea66_213_1767932356, route_type: Normal Route, fare_type: AC}]"
Nindawur,Galewela,1330.0,"[:Fare {fare: 1330.0, route_id: route_db78ea66_214_1767932356, route_type: Normal Route, fare_type: AC}]"
Nindawur,Pallekale,1340.0,"[:Fare {fare: 1340.0, route_id: route_db78ea66_441_1767932356, route_type: Normal Route, fare_type: AC}]"
Nindawur,Theldeniya,1240.0,"[:Fare {fare: 1240.0, route_id: route_db78ea66_442_1767932356, route_type: Normal Route, fare_type: AC}]"
Nindawur,Madamahanuwara,1160.0,"[:Fare {fare: 1160.0, route_id: route_db78ea66_443_1767932356, route_type: Normal Route, fare_type: AC}]"
Nindawur,Ududhumbara,1085.0,"[:Fare {fare: 1085.0, route_id: route_db78ea66_444_1767932356, route_type: Normal Route, fare_type: AC}]"
Nindawur,Hasalaka,920.0,"[:Fare {fare: 920.0, route_id: route_db78ea66_445_1767932356, route_type: Normal Route, fare_type: AC}]"
Nindawur,Mahiyanganaya,890.0,"[:Fare {fare: 890.0, route_id: route_db78ea66_446_1767932356, route_type: Normal Route, fare_type: AC}]"
Nindawur,Padiyathalawa,690.0,"[:Fare {fare: 690.0, route_id: route_db78ea66_447_1767932356, route_type: Normal Route, fare_type: AC}]"
Nindawur,Mahaoya,580.0,"[:Fare {fare: 580.0, route_id: route_db78ea66_448_1767932356, route_type: Normal Route, fare_type: AC}]"
Nindawur,Aranthalawa,500.0,"[:Fare {fare: 500.0, route_id: route_db78ea66_449_1767932356, route_type: Normal Route, fare_type: AC}]"
Nindawur,Uhana,290.0,"[:Fare {fare: 290.0, route_id: route_db78ea66_450_1767932356, route_type: Normal Route, fare_type: AC}]"
Nindawur,Ampara,225.0,"[:Fare {fare: 225.0, route_id: route_db78ea66_451_1767932356, route_type: Normal Route, fare_type: AC}]"
Nindawur,Batticaloa,335.0,"[:Fare {fare: 335.0, route_id: route_db78ea66_222_1767932356, route_type: Normal Route, fare_type: AC}]"
Nindawur,Oluwil,80.0,"[:Fare {fare: 80.0, route_id: route_db78ea66_480_1767932356, route_type: Normal Route, fare_type: AC}]"
Yatiyana,Mount Lavinia,965.0,"[:Fare {fare: 965.0, route_id: route_db78ea66_34_1767932356, route_type: Normal Route, fare_type: AC}]"
Yatiyana,Panadura,890.0,"[:Fare {fare: 890.0, route_id: route_db78ea66_35_1767932356, route_type: Normal Route, fare_type: AC}]"
Yatiyana,Kalutara,800.0,"[:Fare {fare: 800.0, route_id: route_db78ea66_36_1767932356, route_type: Normal Route, fare_type: AC}]"
Yatiyana,Aluthgama,700.0,"[:Fare {fare: 700.0, route_id: route_db78ea66_37_1767932356, route_type: Normal Route, fare_type: AC}]"
Yatiyana,Balapitiya,600.0,"[:Fare {fare: 600.0, route_id: route_db78ea66_38_1767932356, route_type: Normal Route, fare_type: AC}]"
Yatiyana,Ambalangoda,570.0,"[:Fare {fare: 570.0, route_id: route_db78ea66_39_1767932356, route_type: Normal Route, fare_type: AC}]"
Yatiyana,Hikkaduwa,500.0,"[:Fare {fare: 500.0, route_id: route_db78ea66_40_1767932356, route_type: Normal Route, fare_type: AC}]"
Yatiyana,Koggala,320.0,"[:Fare {fare: 320.0, route_id: route_db78ea66_42_1767932356, route_type: Normal Route, fare_type: AC}]"
Yatiyana,Waligama,245.0,"[:Fare {fare: 245.0, route_id: route_db78ea66_43_1767932356, route_type: Normal Route, fare_type: AC}]"
Yatiyana,Matara,160.0,"[:Fare {fare: 160.0, route_id: route_db78ea66_44_1767932356, route_type: Normal Route, fare_type: AC}]"
Hakmana,Mount Lavinia,1020.0,"[:Fare {fare: 1020.0, route_id: route_db78ea66_46_1767932356, route_type: Normal Route, fare_type: AC}]"
Hakmana,Panadura,940.0,"[:Fare {fare: 940.0, route_id: route_db78ea66_47_1767932356, route_type: Normal Route, fare_type: AC}]"
Hakmana,Kalutara,855.0,"[:Fare {fare: 855.0, route_id: route_db78ea66_48_1767932356, route_type: Normal Route, fare_type: AC}]"
Hakmana,Aluthgama,755.0,"[:Fare {fare: 755.0, route_id: route_db78ea66_49_1767932356, route_type: Normal Route, fare_type: AC}]"
Hakmana,Balapitiya,660.0,"[:Fare {fare: 660.0, route_id: route_db78ea66_50_1767932356, route_type: Normal Route, fare_type: AC}]"
Hakmana,Ambalangoda,620.0,"[:Fare {fare: 620.0, route_id: route_db78ea66_51_1767932356, route_type: Normal Route, fare_type: AC}]"
Hakmana,Hikkaduwa,555.0,"[:Fare {fare: 555.0, route_id: route_db78ea66_52_1767932356, route_type: Normal Route, fare_type: AC}]"
Hakmana,Koggala,380.0,"[:Fare {fare: 380.0, route_id: route_db78ea66_54_1767932356, route_type: Normal Route, fare_type: AC}]"
Hakmana,Waligama,300.0,"[:Fare {fare: 300.0, route_id: route_db78ea66_55_1767932356, route_type: Normal Route, fare_type: AC}]"
Hakmana,Matara,210.0,"[:Fare {fare: 210.0, route_id: route_db78ea66_56_1767932356, route_type: Normal Route, fare_type: AC}]"
Hakmana,Yatiyana,120.0,"[:Fare {fare: 120.0, route_id: route_db78ea66_57_1767932356, route_type: Normal Route, fare_type: AC}]"
Dikwella,Panadura,920.0,"[:Fare {fare: 920.0, route_id: route_db78ea66_95_1767932356, route_type: Normal Route, fare_type: AC}]"
Dikwella,Kalutara,830.0,"[:Fare {fare: 830.0, route_id: route_db78ea66_96_1767932356, route_type: Normal Route, fare_type: AC}]"
Dikwella,Aluthgama,735.0,"[:Fare {fare: 735.0, route_id: route_db78ea66_97_1767932356, route_type: Normal Route, fare_type: AC}]"
Dikwella,Ambalangoda,600.0,"[:Fare {fare: 600.0, route_id: route_db78ea66_98_1767932356, route_type: Normal Route, fare_type: AC}]"
Dikwella,Hikkaduwa,535.0,"[:Fare {fare: 535.0, route_id: route_db78ea66_99_1767932356, route_type: Normal Route, fare_type: AC}]"
Dikwella,Koggala,360.0,"[:Fare {fare: 360.0, route_id: route_db78ea66_101_1767932356, route_type: Normal Route, fare_type: AC}]"
Dikwella,Matara,190.0,"[:Fare {fare: 190.0, route_id: route_db78ea66_102_1767932356, route_type: Normal Route, fare_type: AC}]"
Dikwella,Beliatta,160.0,"[:Fare {fare: 160.0, route_id: route_db78ea66_445_1767932356, route_type: Normal Route, fare_type: AC}]"
Dikwella,Walasmulla,245.0,"[:Fare {fare: 245.0, route_id: route_db78ea66_444_1767932356, route_type: Normal Route, fare_type: AC}]"
Tangalle,Panadura,1020.0,"[:Fare {fare: 1020.0, route_id: route_db78ea66_104_1767932356, route_type: Normal Route, fare_type: AC}]"
Tangalle,Panadura,1040.0,"[:Fare {fare: 1040.0, route_id: route_db78ea66_328_1767932356, route_type: Normal Route, fare_type: AC}]"
Tangalle,Kalutara,930.0,"[:Fare {fare: 930.0, route_id: route_db78ea66_105_1767932356, route_type: Normal Route, fare_type: AC}]"
Tangalle,Kalutara,950.0,"[:Fare {fare: 950.0, route_id: route_db78ea66_329_1767932356, route_type: Normal Route, fare_type: AC}]"
Tangalle,Aluthgama,830.0,"[:Fare {fare: 830.0, route_id: route_db78ea66_106_1767932356, route_type: Normal Route, fare_type: AC}]"
Tangalle,Aluthgama,855.0,"[:Fare {fare: 855.0, route_id: route_db78ea66_330_1767932356, route_type: Normal Route, fare_type: AC}]"
Tangalle,Ambalangoda,700.0,"[:Fare {fare: 700.0, route_id: route_db78ea66_107_1767932356, route_type: Normal Route, fare_type: AC}]"
Tangalle,Ambalangoda,725.0,"[:Fare {fare: 725.0, route_id: route_db78ea66_155_1767932356, route_type: Normal Route, fare_type: AC}]"
Tangalle,Hikkaduwa,635.0,"[:Fare {fare: 635.0, route_id: route_db78ea66_108_1767932356, route_type: Normal Route, fare_type: AC}]"
Tangalle,Hikkaduwa,660.0,"[:Fare {fare: 660.0, route_id: route_db78ea66_332_1767932356, route_type: Normal Route, fare_type: AC}]"
Tangalle,Koggala,460.0,"[:Fare {fare: 460.0, route_id: route_db78ea66_110_1767932356, route_type: Normal Route, fare_type: AC}]"
Tangalle,Koggala,480.0,"[:Fare {fare: 480.0, route_id: route_db78ea66_334_1767932356, route_type: Normal Route, fare_type: AC}]"
Tangalle,Matara,290.0,"[:Fare {fare: 290.0, route_id: route_db78ea66_111_1767932356, route_type: Normal Route, fare_type: AC}]"
Tangalle,Matara,315.0,"[:Fare {fare: 315.0, route_id: route_db78ea66_335_1767932356, route_type: Normal Route, fare_type: AC}]"
Tangalle,Dikwella,180.0,"[:Fare {fare: 180.0, route_id: route_db78ea66_112_1767932356, route_type: Normal Route, fare_type: AC}]"
Tangalle,Dikwella,200.0,"[:Fare {fare: 200.0, route_id: route_db78ea66_238_1767932356, route_type: Normal Route, fare_type: AC}]"
Tangalle,Beliatta,100.0,"[:Fare {fare: 100.0, route_id: route_db78ea66_239_1767932356, route_type: Normal Route, fare_type: AC}]"
Tangalle,Beliatta,100.0,"[:Fare {fare: 100.0, route_id: route_db78ea66_416_1767932356, route_type: Normal Route, fare_type: AC}]"
Ambalantota,Panadura,1175.0,"[:Fare {fare: 1175.0, route_id: route_db78ea66_114_1767932356, route_type: Normal Route, fare_type: AC}]"
Ambalantota,Kalutara,1085.0,"[:Fare {fare: 1085.0, route_id: route_db78ea66_115_1767932356, route_type: Normal Route, fare_type: AC}]"
Ambalantota,Aluthgama,985.0,"[:Fare {fare: 985.0, route_id: route_db78ea66_116_1767932356, route_type: Normal Route, fare_type: AC}]"
Ambalantota,Ambalangoda,855.0,"[:Fare {fare: 855.0, route_id: route_db78ea66_117_1767932356, route_type: Normal Route, fare_type: AC}]"
Ambalantota,Hikkaduwa,790.0,"[:Fare {fare: 790.0, route_id: route_db78ea66_118_1767932356, route_type: Normal Route, fare_type: AC}]"
Ambalantota,Koggala,615.0,"[:Fare {fare: 615.0, route_id: route_db78ea66_120_1767932356, route_type: Normal Route, fare_type: AC}]"
Ambalantota,Matara,445.0,"[:Fare {fare: 445.0, route_id: route_db78ea66_121_1767932356, route_type: Normal Route, fare_type: AC}]"
Ambalantota,Dikwella,335.0,"[:Fare {fare: 335.0, route_id: route_db78ea66_122_1767932356, route_type: Normal Route, fare_type: AC}]"
Ambalantota,Tangalle,240.0,"[:Fare {fare: 240.0, route_id: route_db78ea66_123_1767932356, route_type: Normal Route, fare_type: AC}]"
Weeravila Junction,Panadura,1380.0,"[:Fare {fare: 1380.0, route_id: route_db78ea66_137_1767932356, route_type: Normal Route, fare_type: AC}]"
Weeravila Junction,Kalutara,1295.0,"[:Fare {fare: 1295.0, route_id: route_db78ea66_138_1767932356, route_type: Normal Route, fare_type: AC}]"
Weeravila Junction,Aluthgama,1195.0,"[:Fare {fare: 1195.0, route_id: route_db78ea66_139_1767932356, route_type: Normal Route, fare_type: AC}]"
Weeravila Junction,Ambalangoda,1060.0,"[:Fare {fare: 1060.0, route_id: route_db78ea66_140_1767932356, route_type: Normal Route, fare_type: AC}]"
Weeravila Junction,Hikkaduwa,995.0,"[:Fare {fare: 995.0, route_id: route_db78ea66_141_1767932356, route_type: Normal Route, fare_type: AC}]"
Weeravila Junction,Koggala,820.0,"[:Fare {fare: 820.0, route_id: route_db78ea66_143_1767932356, route_type: Normal Route, fare_type: AC}]"
Weeravila Junction,Matara,660.0,"[:Fare {fare: 660.0, route_id: route_db78ea66_144_1767932356, route_type: Normal Route, fare_type: AC}]"
Weeravila Junction,Dikwella,550.0,"[:Fare {fare: 550.0, route_id: route_db78ea66_145_1767932356, route_type: Normal Route, fare_type: AC}]"
Weeravila Junction,Tangalle,445.0,"[:Fare {fare: 445.0, route_id: route_db78ea66_146_1767932356, route_type: Normal Route, fare_type: AC}]"
Weeravila Junction,Ambalantota,290.0,"[:Fare {fare: 290.0, route_id: route_db78ea66_147_1767932356, route_type: Normal Route, fare_type: AC}]"
Tissamaharama,Panadura,1435.0,"[:Fare {fare: 1435.0, route_id: route_db78ea66_150_1767932356, route_type: Normal Route, fare_type: AC}]"
Tissamaharama,Kalutara,1350.0,"[:Fare {fare: 1350.0, route_id: route_db78ea66_151_1767932356, route_type: Normal Route, fare_type: AC}]"
Tissamaharama,Aluthgama,1250.0,"[:Fare {fare: 1250.0, route_id: route_db78ea66_152_1767932356, route_type: Normal Route, fare_type: AC}]"
Tissamaharama,Ambalangoda,1120.0,"[:Fare {fare: 1120.0, route_id: route_db78ea66_153_1767932356, route_type: Normal Route, fare_type: AC}]"
Tissamaharama,Hikkaduwa,1050.0,"[:Fare {fare: 1050.0, route_id: route_db78ea66_154_1767932356, route_type: Normal Route, fare_type: AC}]"
Tissamaharama,Koggala,875.0,"[:Fare {fare: 875.0, route_id: route_db78ea66_156_1767932356, route_type: Normal Route, fare_type: AC}]"
Tissamaharama,Matara,715.0,"[:Fare {fare: 715.0, route_id: route_db78ea66_157_1767932356, route_type: Normal Route, fare_type: AC}]"
Tissamaharama,Dikwella,600.0,"[:Fare {fare: 600.0, route_id: route_db78ea66_158_1767932356, route_type: Normal Route, fare_type: AC}]"
Tissamaharama,Tangalle,500.0,"[:Fare {fare: 500.0, route_id: route_db78ea66_159_1767932356, route_type: Normal Route, fare_type: AC}]"
Tissamaharama,Ambalantota,345.0,"[:Fare {fare: 345.0, route_id: route_db78ea66_160_1767932356, route_type: Normal Route, fare_type: AC}]"
Tissamaharama,Weeravila Junction,120.0,"[:Fare {fare: 120.0, route_id: route_db78ea66_162_1767932356, route_type: Normal Route, fare_type: AC}]"
Bogahapalassa,Panadura,1500.0,"[:Fare {fare: 1500.0, route_id: route_db78ea66_164_1767932356, route_type: Normal Route, fare_type: AC}]"
Bogahapalassa,Kalutara,1415.0,"[:Fare {fare: 1415.0, route_id: route_db78ea66_165_1767932356, route_type: Normal Route, fare_type: AC}]"
Bogahapalassa,Aluthgama,1315.0,"[:Fare {fare: 1315.0, route_id: route_db78ea66_166_1767932356, route_type: Normal Route, fare_type: AC}]"
Bogahapalassa,Ambalangoda,1180.0,"[:Fare {fare: 1180.0, route_id: route_db78ea66_167_1767932356, route_type: Normal Route, fare_type: AC}]"
Bogahapalassa,Hikkaduwa,1120.0,"[:Fare {fare: 1120.0, route_id: route_db78ea66_168_1767932356, route_type: Normal Route, fare_type: AC}]"
Bogahapalassa,Koggala,940.0,"[:Fare {fare: 940.0, route_id: route_db78ea66_170_1767932356, route_type: Normal Route, fare_type: AC}]"
Bogahapalassa,Matara,780.0,"[:Fare {fare: 780.0, route_id: route_db78ea66_171_1767932356, route_type: Normal Route, fare_type: AC}]"
Bogahapalassa,Dikwella,670.0,"[:Fare {fare: 670.0, route_id: route_db78ea66_172_1767932356, route_type: Normal Route, fare_type: AC}]"
Bogahapalassa,Tangalle,570.0,"[:Fare {fare: 570.0, route_id: route_db78ea66_173_1767932356, route_type: Normal Route, fare_type: AC}]"
Bogahapalassa,Ambalantota,415.0,"[:Fare {fare: 415.0, route_id: route_db78ea66_174_1767932356, route_type: Normal Route, fare_type: AC}]"
Bogahapalassa,Weeravila Junction,200.0,"[:Fare {fare: 200.0, route_id: route_db78ea66_176_1767932356, route_type: Normal Route, fare_type: AC}]"
Bogahapalassa,Tissamaharama,140.0,"[:Fare {fare: 140.0, route_id: route_db78ea66_177_1767932356, route_type: Normal Route, fare_type: AC}]"
Kataragama,Panadura,1545.0,"[:Fare {fare: 1545.0, route_id: route_db78ea66_179_1767932356, route_type: Normal Route, fare_type: AC}]"
Kataragama,Kalutara,1460.0,"[:Fare {fare: 1460.0, route_id: route_db78ea66_180_1767932356, route_type: Normal Route, fare_type: AC}]"
Kataragama,Aluthgama,1360.0,"[:Fare {fare: 1360.0, route_id: route_db78ea66_181_1767932356, route_type: Normal Route, fare_type: AC}]"
Kataragama,Ambalangoda,1225.0,"[:Fare {fare: 1225.0, route_id: route_db78ea66_182_1767932356, route_type: Normal Route, fare_type: AC}]"
Kataragama,Hikkaduwa,1160.0,"[:Fare {fare: 1160.0, route_id: route_db78ea66_183_1767932356, route_type: Normal Route, fare_type: AC}]"
Kataragama,Koggala,985.0,"[:Fare {fare: 985.0, route_id: route_db78ea66_185_1767932356, route_type: Normal Route, fare_type: AC}]"
Kataragama,Matara,820.0,"[:Fare {fare: 820.0, route_id: route_db78ea66_186_1767932356, route_type: Normal Route, fare_type: AC}]"
Kataragama,Dikwella,715.0,"[:Fare {fare: 715.0, route_id: route_db78ea66_187_1767932356, route_type: Normal Route, fare_type: AC}]"
Kataragama,Tangalle,615.0,"[:Fare {fare: 615.0, route_id: route_db78ea66_188_1767932356, route_type: Normal Route, fare_type: AC}]"
Kataragama,Ambalantota,460.0,"[:Fare {fare: 460.0, route_id: route_db78ea66_189_1767932356, route_type: Normal Route, fare_type: AC}]"
Kataragama,Weeravila Junction,245.0,"[:Fare {fare: 245.0, route_id: route_db78ea66_191_1767932356, route_type: Normal Route, fare_type: AC}]"
Kataragama,Tissamaharama,190.0,"[:Fare {fare: 190.0, route_id: route_db78ea66_192_1767932356, route_type: Normal Route, fare_type: AC}]"
Kataragama,Bogahapalassa,100.0,"[:Fare {fare: 100.0, route_id: route_db78ea66_193_1767932356, route_type: Normal Route, fare_type: AC}]"
Beliatta,Panadura,995.0,"[:Fare {fare: 995.0, route_id: route_db78ea66_318_1767932356, route_type: Normal Route, fare_type: AC}]"
Beliatta,Kalutara,910.0,"[:Fare {fare: 910.0, route_id: route_db78ea66_319_1767932356, route_type: Normal Route, fare_type: AC}]"
Beliatta,Aluthgama,810.0,"[:Fare {fare: 810.0, route_id: route_db78ea66_320_1767932356, route_type: Normal Route, fare_type: AC}]"
Beliatta,Ambalangoda,680.0,"[:Fare {fare: 680.0, route_id: route_db78ea66_321_1767932356, route_type: Normal Route, fare_type: AC}]"
Beliatta,Hikkaduwa,615.0,"[:Fare {fare: 615.0, route_id: route_db78ea66_322_1767932356, route_type: Normal Route, fare_type: AC}]"
Beliatta,Koggala,435.0,"[:Fare {fare: 435.0, route_id: route_db78ea66_324_1767932356, route_type: Normal Route, fare_type: AC}]"
Beliatta,Matara,270.0,"[:Fare {fare: 270.0, route_id: route_db78ea66_325_1767932356, route_type: Normal Route, fare_type: AC}]"
Beliatta,Dikwella,160.0,"[:Fare {fare: 160.0, route_id: route_db78ea66_326_1767932356, route_type: Normal Route, fare_type: AC}]"
Beliatta,Walasmulla,165.0,"[:Fare {fare: 165.0, route_id: route_db78ea66_443_1767932356, route_type: Normal Route, fare_type: AC}]"
weerakatiya,Panadura,1130.0,"[:Fare {fare: 1130.0, route_id: route_db78ea66_405_1767932356, route_type: Normal Route, fare_type: AC}]"
weerakatiya,Kalutara,1040.0,"[:Fare {fare: 1040.0, route_id: route_db78ea66_406_1767932356, route_type: Normal Route, fare_type: AC}]"
weerakatiya,Aluthgama,940.0,"[:Fare {fare: 940.0, route_id: route_db78ea66_407_1767932356, route_type: Normal Route, fare_type: AC}]"
weerakatiya,Ambalangoda,810.0,"[:Fare {fare: 810.0, route_id: route_db78ea66_408_1767932356, route_type: Normal Route, fare_type: AC}]"
weerakatiya,Hikkaduwa,745.0,"[:Fare {fare: 745.0, route_id: route_db78ea66_409_1767932356, route_type: Normal Route, fare_type: AC}]"
weerakatiya,Koggala,570.0,"[:Fare {fare: 570.0, route_id: route_db78ea66_411_1767932356, route_type: Normal Route, fare_type: AC}]"
weerakatiya,Matara,400.0,"[:Fare {fare: 400.0, route_id: route_db78ea66_412_1767932356, route_type: Normal Route, fare_type: AC}]"
weerakatiya,Dikwella,290.0,"[:Fare {fare: 290.0, route_id: route_db78ea66_413_1767932356, route_type: Normal Route, fare_type: AC}]"
weerakatiya,Tangalle,165.0,"[:Fare {fare: 165.0, route_id: route_db78ea66_415_1767932356, route_type: Normal Route, fare_type: AC}]"
weerakatiya,Beliatta,210.0,"[:Fare {fare: 210.0, route_id: route_db78ea66_414_1767932356, route_type: Normal Route, fare_type: AC}]"
Gonadeniya,Panadura,1205.0,"[:Fare {fare: 1205.0, route_id: route_db78ea66_417_1767932356, route_type: Normal Route, fare_type: AC}]"
Gonadeniya,Kalutara,1120.0,"[:Fare {fare: 1120.0, route_id: route_db78ea66_418_1767932356, route_type: Normal Route, fare_type: AC}]"
Gonadeniya,Aluthgama,1020.0,"[:Fare {fare: 1020.0, route_id: route_db78ea66_419_1767932356, route_type: Normal Route, fare_type: AC}]"
Gonadeniya,Ambalangoda,890.0,"[:Fare {fare: 890.0, route_id: route_db78ea66_420_1767932356, route_type: Normal Route, fare_type: AC}]"
Gonadeniya,Hikkaduwa,820.0,"[:Fare {fare: 820.0, route_id: route_db78ea66_421_1767932356, route_type: Normal Route, fare_type: AC}]"
Gonadeniya,Koggala,645.0,"[:Fare {fare: 645.0, route_id: route_db78ea66_423_1767932356, route_type: Normal Route, fare_type: AC}]"
Gonadeniya,Matara,480.0,"[:Fare {fare: 480.0, route_id: route_db78ea66_424_1767932356, route_type: Normal Route, fare_type: AC}]"
Gonadeniya,Dikwella,365.0,"[:Fare {fare: 365.0, route_id: route_db78ea66_425_1767932356, route_type: Normal Route, fare_type: AC}]"
Gonadeniya,Tangalle,245.0,"[:Fare {fare: 245.0, route_id: route_db78ea66_427_1767932356, route_type: Normal Route, fare_type: AC}]"
Gonadeniya,Beliatta,290.0,"[:Fare {fare: 290.0, route_id: route_db78ea66_426_1767932356, route_type: Normal Route, fare_type: AC}]"
Gonadeniya,weerakatiya,160.0,"[:Fare {fare: 160.0, route_id: route_db78ea66_428_1767932356, route_type: Normal Route, fare_type: AC}]"
Middeniya,Panadura,1270.0,"[:Fare {fare: 1270.0, route_id: route_db78ea66_430_1767932356, route_type: Normal Route, fare_type: AC}]"
Middeniya,Kalutara,1180.0,"[:Fare {fare: 1180.0, route_id: route_db78ea66_431_1767932356, route_type: Normal Route, fare_type: AC}]"
Middeniya,Aluthgama,1085.0,"[:Fare {fare: 1085.0, route_id: route_db78ea66_432_1767932356, route_type: Normal Route, fare_type: AC}]"
Middeniya,Ambalangoda,950.0,"[:Fare {fare: 950.0, route_id: route_db78ea66_433_1767932356, route_type: Normal Route, fare_type: AC}]"
Middeniya,Hikkaduwa,890.0,"[:Fare {fare: 890.0, route_id: route_db78ea66_434_1767932356, route_type: Normal Route, fare_type: AC}]"
Middeniya,Koggala,715.0,"[:Fare {fare: 715.0, route_id: route_db78ea66_436_1767932356, route_type: Normal Route, fare_type: AC}]"
Middeniya,Matara,550.0,"[:Fare {fare: 550.0, route_id: route_db78ea66_437_1767932356, route_type: Normal Route, fare_type: AC}]"
Middeniya,Dikwella,435.0,"[:Fare {fare: 435.0, route_id: route_db78ea66_438_1767932356, route_type: Normal Route, fare_type: AC}]"
Middeniya,Tangalle,315.0,"[:Fare {fare: 315.0, route_id: route_db78ea66_440_1767932356, route_type: Normal Route, fare_type: AC}]"
Middeniya,Beliatta,360.0,"[:Fare {fare: 360.0, route_id: route_db78ea66_439_1767932356, route_type: Normal Route, fare_type: AC}]"
Middeniya,weerakatiya,225.0,"[:Fare {fare: 225.0, route_id: route_db78ea66_441_1767932356, route_type: Normal Route, fare_type: AC}]"
Middeniya,Gonadeniya,140.0,"[:Fare {fare: 140.0, route_id: route_db78ea66_442_1767932356, route_type: Normal Route, fare_type: AC}]"
Ahangama,Matara,210.0,"[:Fare {fare: 210.0, route_id: route_db78ea66_452_1767932356, route_type: Normal Route, fare_type: AC}]"
Ahangama,Dikwella,320.0,"[:Fare {fare: 320.0, route_id: route_db78ea66_451_1767932356, route_type: Normal Route, fare_type: AC}]"
Ahangama,Beliatta,400.0,"[:Fare {fare: 400.0, route_id: route_db78ea66_450_1767932356, route_type: Normal Route, fare_type: AC}]"
Ahangama,Walasmulla,490.0,"[:Fare {fare: 490.0, route_id: route_db78ea66_449_1767932356, route_type: Normal Route, fare_type: AC}]"
Agunakolapalassa,Panadura,1150.0,"[:Fare {fare: 1150.0, route_id: route_db78ea66_163_1767932356, route_type: Normal Route, fare_type: AC}]"
Agunakolapalassa,Panadura,1250.0,"[:Fare {fare: 1250.0, route_id: route_db78ea66_253_1767932356, route_type: Normal Route, fare_type: AC}]"
Agunakolapalassa,Kalutara,1060.0,"[:Fare {fare: 1060.0, route_id: route_db78ea66_164_1767932356, route_type: Normal Route, fare_type: AC}]"
Agunakolapalassa,Kalutara,1160.0,"[:Fare {fare: 1160.0, route_id: route_db78ea66_254_1767932356, route_type: Normal Route, fare_type: AC}]"
Agunakolapalassa,Aluthgama,965.0,"[:Fare {fare: 965.0, route_id: route_db78ea66_165_1767932356, route_type: Normal Route, fare_type: AC}]"
Agunakolapalassa,Aluthgama,1060.0,"[:Fare {fare: 1060.0, route_id: route_db78ea66_255_1767932356, route_type: Normal Route, fare_type: AC}]"
Agunakolapalassa,Ambalangoda,830.0,"[:Fare {fare: 830.0, route_id: route_db78ea66_166_1767932356, route_type: Normal Route, fare_type: AC}]"
Agunakolapalassa,Ambalangoda,930.0,"[:Fare {fare: 930.0, route_id: route_db78ea66_256_1767932356, route_type: Normal Route, fare_type: AC}]"
Agunakolapalassa,Hikkaduwa,765.0,"[:Fare {fare: 765.0, route_id: route_db78ea66_167_1767932356, route_type: Normal Route, fare_type: AC}]"
Agunakolapalassa,Hikkaduwa,865.0,"[:Fare {fare: 865.0, route_id: route_db78ea66_257_1767932356, route_type: Normal Route, fare_type: AC}]"
Agunakolapalassa,Koggala,590.0,"[:Fare {fare: 590.0, route_id: route_db78ea66_169_1767932356, route_type: Normal Route, fare_type: AC}]"
Agunakolapalassa,Koggala,690.0,"[:Fare {fare: 690.0, route_id: route_db78ea66_259_1767932356, route_type: Normal Route, fare_type: AC}]"
Agunakolapalassa,Matara,425.0,"[:Fare {fare: 425.0, route_id: route_db78ea66_170_1767932356, route_type: Normal Route, fare_type: AC}]"
Agunakolapalassa,Matara,525.0,"[:Fare {fare: 525.0, route_id: route_db78ea66_260_1767932356, route_type: Normal Route, fare_type: AC}]"
Agunakolapalassa,Dikwella,315.0,"[:Fare {fare: 315.0, route_id: route_db78ea66_171_1767932356, route_type: Normal Route, fare_type: AC}]"
Agunakolapalassa,Dikwella,415.0,"[:Fare {fare: 415.0, route_id: route_db78ea66_261_1767932356, route_type: Normal Route, fare_type: AC}]"
Agunakolapalassa,Tangalle,190.0,"[:Fare {fare: 190.0, route_id: route_db78ea66_173_1767932356, route_type: Normal Route, fare_type: AC}]"
Agunakolapalassa,Tangalle,290.0,"[:Fare {fare: 290.0, route_id: route_db78ea66_263_1767932356, route_type: Normal Route, fare_type: AC}]"
Agunakolapalassa,Beliatta,240.0,"[:Fare {fare: 240.0, route_id: route_db78ea66_172_1767932356, route_type: Normal Route, fare_type: AC}]"
Agunakolapalassa,Beliatta,335.0,"[:Fare {fare: 335.0, route_id: route_db78ea66_262_1767932356, route_type: Normal Route, fare_type: AC}]"
Agunakolapalassa,Beliatta,240.0,"[:Fare {fare: 240.0, route_id: route_db78ea66_419_1767932356, route_type: Normal Route, fare_type: AC}]"
Agunakolapalassa,weerakatiya,200.0,"[:Fare {fare: 200.0, route_id: route_db78ea66_264_1767932356, route_type: Normal Route, fare_type: AC}]"
Agunakolapalassa,Ranna,100.0,"[:Fare {fare: 100.0, route_id: route_db78ea66_421_1767932356, route_type: Normal Route, fare_type: AC}]"
Pannala,Dankotuwa,180.0,"[:Fare {fare: 180.0, route_id: route_db78ea66_267_1767932356, route_type: Normal Route, fare_type: AC}]"
Pannala,Negambo,255.0,"[:Fare {fare: 255.0, route_id: route_db78ea66_266_1767932356, route_type: Normal Route, fare_type: AC}]"
Madawalaulpatha,Matale,160.0,"[:Fare {fare: 160.0, route_id: route_db78ea66_285_1767932356, route_type: Normal Route, fare_type: AC}]"
Madawalaulpatha,Akurana,245.0,"[:Fare {fare: 245.0, route_id: route_db78ea66_284_1767932356, route_type: Normal Route, fare_type: AC}]"
Thirappane,Matale,570.0,"[:Fare {fare: 570.0, route_id: route_db78ea66_405_1767932356, route_type: Normal Route, fare_type: AC}]"
Thirappane,Nawula,425.0,"[:Fare {fare: 425.0, route_id: route_db78ea66_407_1767932356, route_type: Normal Route, fare_type: AC}]"
Thirappane,Dambulla,320.0,"[:Fare {fare: 320.0, route_id: route_db78ea66_408_1767932356, route_type: Normal Route, fare_type: AC}]"
Thirappane,Kakirawa,200.0,"[:Fare {fare: 200.0, route_id: route_db78ea66_409_1767932356, route_type: Normal Route, fare_type: AC}]"
Thirappane,Akurana,660.0,"[:Fare {fare: 660.0, route_id: route_db78ea66_404_1767932356, route_type: Normal Route, fare_type: AC}]"
Thirappane,Madawalaulpatha,490.0,"[:Fare {fare: 490.0, route_id: route_db78ea66_406_1767932356, route_type: Normal Route, fare_type: AC}]"
Kadawatha,Mawanalla,510.0,"[:Fare {fare: 510.0, route_id: route_db78ea66_59_1767932356, route_type: Normal Route, fare_type: AC}]"
Kadawatha,Panadura,315.0,"[:Fare {fare: 315.0, route_id: route_db78ea66_7_1767932356, route_type: Normal Route, fare_type: AC}]"
Kadawatha,Kalutara,400.0,"[:Fare {fare: 400.0, route_id: route_db78ea66_6_1767932356, route_type: Normal Route, fare_type: AC}]"
Kadawatha,Aluthgama,500.0,"[:Fare {fare: 500.0, route_id: route_db78ea66_5_1767932356, route_type: Normal Route, fare_type: AC}]"
Kadawatha,Ambalangoda,635.0,"[:Fare {fare: 635.0, route_id: route_db78ea66_4_1767932356, route_type: Normal Route, fare_type: AC}]"
Kadawatha,Ambalangoda,730.0,"[:Fare {fare: 730.0, service_type: Super Luxury, route_type: Southern Expressway, created_at: 2026-01-09T11:02:18.628000000Z, source: Expressway Fare Ad - 2024-10-02, fare_type: AC}]"
Kadawatha,Ambalangoda,590.0,"[:Fare {fare: 590.0, service_type: Luxury, route_type: Southern Expressway, created_at: 2026-01-09T11:02:20.304000000Z, source: Expressway Fare Ad - 2024-10-02, fare_type: AC}]"
Kadawatha,Matara,1040.0,"[:Fare {fare: 1040.0, route_id: route_db78ea66_1_1767932356, route_type: Normal Route, fare_type: AC}]"
Kadawatha,Matara,1090.0,"[:Fare {fare: 1090.0, service_type: Super Luxury, route_type: Southern Expressway, created_at: 2026-01-09T11:02:17.522000000Z, source: Expressway Fare Ad - 2024-10-02, fare_type: AC}]"
Kadawatha,Nittabuwa,210.0,"[:Fare {fare: 210.0, route_id: route_db78ea66_20_1767932356, route_type: Normal Route, fare_type: AC}]"
Kadawatha,Warakapola,300.0,"[:Fare {fare: 300.0, route_id: route_db78ea66_32_1767932356, route_type: Normal Route, fare_type: AC}]"
Kadawatha,Kegalle,435.0,"[:Fare {fare: 435.0, route_id: route_db78ea66_45_1767932356, route_type: Normal Route, fare_type: AC}]"
Kadawatha,Peradeniya,620.0,"[:Fare {fare: 620.0, route_id: route_db78ea66_74_1767932356, route_type: Normal Route, fare_type: AC}]"
Kadawatha,Dikwella,1150.0,"[:Fare {fare: 1150.0, route_id: route_db78ea66_0_1767932356, route_type: Normal Route, fare_type: AC}]"
Kadawatha,Beliatta,1225.0,"[:Fare {fare: 1225.0, route_id: route_db78ea66_499_1767932356, route_type: Normal Route, fare_type: AC}]"
Kadawatha,Ahangama,910.0,"[:Fare {fare: 910.0, route_id: route_db78ea66_2_1767932356, route_type: Normal Route, fare_type: AC}]"
Kadawatha,Walasmulla,1315.0,"[:Fare {fare: 1315.0, route_id: route_db78ea66_498_1767932356, route_type: Normal Route, fare_type: AC}]"
Galoya Junction,Mawanalla,820.0,"[:Fare {fare: 820.0, route_id: route_db78ea66_287_1767932356, route_type: Normal Route, fare_type: AC}]"
Galoya Junction,Matale,535.0,"[:Fare {fare: 535.0, route_id: route_db78ea66_29_1767932356, route_type: Normal Route, fare_type: AC}]"
Galoya Junction,Nawula,390.0,"[:Fare {fare: 390.0, route_id: route_db78ea66_30_1767932356, route_type: Normal Route, fare_type: AC}]"
Galoya Junction,Dambulla,290.0,"[:Fare {fare: 290.0, route_id: route_db78ea66_31_1767932356, route_type: Normal Route, fare_type: AC}]"
Galoya Junction,Awissawella,1180.0,"[:Fare {fare: 1180.0, route_id: route_db78ea66_283_1767932356, route_type: Normal Route, fare_type: AC}]"
Galoya Junction,Galigamuwa,930.0,"[:Fare {fare: 930.0, route_id: route_db78ea66_285_1767932356, route_type: Normal Route, fare_type: AC}]"
Galoya Junction,Nittabuwa,910.0,"[:Fare {fare: 910.0, route_id: route_db78ea66_458_1767932356, route_type: Normal Route, fare_type: AC}]"
Galoya Junction,Habarana,160.0,"[:Fare {fare: 160.0, route_id: route_db78ea66_32_1767932356, route_type: Normal Route, fare_type: AC}]"
Galoya Junction,Kiribathgoda,1060.0,"[:Fare {fare: 1060.0, route_id: route_db78ea66_456_1767932356, route_type: Normal Route, fare_type: AC}]"
Galoya Junction,Yakkala,965.0,"[:Fare {fare: 965.0, route_id: route_db78ea66_457_1767932356, route_type: Normal Route, fare_type: AC}]"
Galoya Junction,Warakapola,820.0,"[:Fare {fare: 820.0, route_id: route_db78ea66_459_1767932356, route_type: Normal Route, fare_type: AC}]"
Galoya Junction,Polgahawela,725.0,"[:Fare {fare: 725.0, route_id: route_db78ea66_460_1767932356, route_type: Normal Route, fare_type: AC}]"
Galoya Junction,Kegalle,900.0,"[:Fare {fare: 900.0, route_id: route_db78ea66_286_1767932356, route_type: Normal Route, fare_type: AC}]"
Galoya Junction,Katugastota,765.0,"[:Fare {fare: 765.0, route_id: route_db78ea66_288_1767932356, route_type: Normal Route, fare_type: AC}]"
Galoya Junction,Akurana,620.0,"[:Fare {fare: 620.0, route_id: route_db78ea66_290_1767932356, route_type: Normal Route, fare_type: AC}]"
Galoya Junction,Ibbagamuwa,525.0,"[:Fare {fare: 525.0, route_id: route_db78ea66_462_1767932356, route_type: Normal Route, fare_type: AC}]"
Galoya Junction,Malsiripura,460.0,"[:Fare {fare: 460.0, route_id: route_db78ea66_463_1767932356, route_type: Normal Route, fare_type: AC}]"
Galoya Junction,Galewela,380.0,"[:Fare {fare: 380.0, route_id: route_db78ea66_464_1767932356, route_type: Normal Route, fare_type: AC}]"
Galoya Junction,Nugegoda,1450.0,"[:Fare {fare: 1450.0, route_id: route_db78ea66_280_1767932356, route_type: Normal Route, fare_type: AC}]"
Galoya Junction,Aguruwalla,1060.0,"[:Fare {fare: 1060.0, route_id: route_db78ea66_284_1767932356, route_type: Normal Route, fare_type: AC}]"
Galoya Junction,Makumbura,1390.0,"[:Fare {fare: 1390.0, route_id: route_db78ea66_281_1767932356, route_type: Normal Route, fare_type: AC}]"
Galoya Junction,Kaluaggala,1270.0,"[:Fare {fare: 1270.0, route_id: route_db78ea66_282_1767932356, route_type: Normal Route, fare_type: AC}]"
Kanthale,Mawanalla,995.0,"[:Fare {fare: 995.0, route_id: route_db78ea66_320_1767932356, route_type: Normal Route, fare_type: AC}]"
Kanthale,Matale,715.0,"[:Fare {fare: 715.0, route_id: route_db78ea66_34_1767932356, route_type: Normal Route, fare_type: AC}]"
Kanthale,Nawula,570.0,"[:Fare {fare: 570.0, route_id: route_db78ea66_35_1767932356, route_type: Normal Route, fare_type: AC}]"
Kanthale,Dambulla,470.0,"[:Fare {fare: 470.0, route_id: route_db78ea66_36_1767932356, route_type: Normal Route, fare_type: AC}]"
Kanthale,Awissawella,1360.0,"[:Fare {fare: 1360.0, route_id: route_db78ea66_316_1767932356, route_type: Normal Route, fare_type: AC}]"
Kanthale,Galigamuwa,1105.0,"[:Fare {fare: 1105.0, route_id: route_db78ea66_318_1767932356, route_type: Normal Route, fare_type: AC}]"
Kanthale,Nittabuwa,1085.0,"[:Fare {fare: 1085.0, route_id: route_db78ea66_470_1767932356, route_type: Normal Route, fare_type: AC}]"
Kanthale,Habarana,335.0,"[:Fare {fare: 335.0, route_id: route_db78ea66_37_1767932356, route_type: Normal Route, fare_type: AC}]"
Kanthale,Kiribathgoda,1240.0,"[:Fare {fare: 1240.0, route_id: route_db78ea66_468_1767932356, route_type: Normal Route, fare_type: AC}]"
Kanthale,Yakkala,1140.0,"[:Fare {fare: 1140.0, route_id: route_db78ea66_469_1767932356, route_type: Normal Route, fare_type: AC}]"
Kanthale,Warakapola,995.0,"[:Fare {fare: 995.0, route_id: route_db78ea66_471_1767932356, route_type: Normal Route, fare_type: AC}]"
Kanthale,Polgahawela,900.0,"[:Fare {fare: 900.0, route_id: route_db78ea66_472_1767932356, route_type: Normal Route, fare_type: AC}]"
Kanthale,Kegalle,1075.0,"[:Fare {fare: 1075.0, route_id: route_db78ea66_319_1767932356, route_type: Normal Route, fare_type: AC}]"
Kanthale,Katugastota,940.0,"[:Fare {fare: 940.0, route_id: route_db78ea66_321_1767932356, route_type: Normal Route, fare_type: AC}]"
Kanthale,Akurana,800.0,"[:Fare {fare: 800.0, route_id: route_db78ea66_323_1767932356, route_type: Normal Route, fare_type: AC}]"
Kanthale,Ibbagamuwa,700.0,"[:Fare {fare: 700.0, route_id: route_db78ea66_474_1767932356, route_type: Normal Route, fare_type: AC}]"
Kanthale,Malsiripura,635.0,"[:Fare {fare: 635.0, route_id: route_db78ea66_475_1767932356, route_type: Normal Route, fare_type: AC}]"
Kanthale,Galewela,555.0,"[:Fare {fare: 555.0, route_id: route_db78ea66_476_1767932356, route_type: Normal Route, fare_type: AC}]"
Kanthale,Nugegoda,1620.0,"[:Fare {fare: 1620.0, route_id: route_db78ea66_313_1767932356, route_type: Normal Route, fare_type: AC}]"
Kanthale,Galoya Junction,255.0,"[:Fare {fare: 255.0, route_id: route_db78ea66_38_1767932356, route_type: Normal Route, fare_type: AC}]"
Kanthale,Aguruwalla,1240.0,"[:Fare {fare: 1240.0, route_id: route_db78ea66_317_1767932356, route_type: Normal Route, fare_type: AC}]"
Kanthale,Makumbura,1570.0,"[:Fare {fare: 1570.0, route_id: route_db78ea66_314_1767932356, route_type: Normal Route, fare_type: AC}]"
Kanthale,Kaluaggala,1450.0,"[:Fare {fare: 1450.0, route_id: route_db78ea66_315_1767932356, route_type: Normal Route, fare_type: AC}]"
Kanthale,Galpoththa police cheakpoint,160.0,"[:Fare {fare: 160.0, route_id: route_db78ea66_329_1767932356, route_type: Normal Route, fare_type: AC}]"
Thambalagamuwa,Mawanalla,1105.0,"[:Fare {fare: 1105.0, route_id: route_db78ea66_338_1767932356, route_type: Normal Route, fare_type: AC}]"
Thambalagamuwa,Matale,820.0,"[:Fare {fare: 820.0, route_id: route_db78ea66_40_1767932356, route_type: Normal Route, fare_type: AC}]"
Thambalagamuwa,Nawula,680.0,"[:Fare {fare: 680.0, route_id: route_db78ea66_41_1767932356, route_type: Normal Route, fare_type: AC}]"
Thambalagamuwa,Dambulla,580.0,"[:Fare {fare: 580.0, route_id: route_db78ea66_42_1767932356, route_type: Normal Route, fare_type: AC}]"
Thambalagamuwa,Awissawella,1470.0,"[:Fare {fare: 1470.0, route_id: route_db78ea66_334_1767932356, route_type: Normal Route, fare_type: AC}]"
Thambalagamuwa,Galigamuwa,1220.0,"[:Fare {fare: 1220.0, route_id: route_db78ea66_336_1767932356, route_type: Normal Route, fare_type: AC}]"
Thambalagamuwa,Nittabuwa,1195.0,"[:Fare {fare: 1195.0, route_id: route_db78ea66_483_1767932356, route_type: Normal Route, fare_type: AC}]"
Thambalagamuwa,Habarana,445.0,"[:Fare {fare: 445.0, route_id: route_db78ea66_43_1767932356, route_type: Normal Route, fare_type: AC}]"
Thambalagamuwa,Kiribathgoda,1350.0,"[:Fare {fare: 1350.0, route_id: route_db78ea66_481_1767932356, route_type: Normal Route, fare_type: AC}]"
Thambalagamuwa,Yakkala,1250.0,"[:Fare {fare: 1250.0, route_id: route_db78ea66_482_1767932356, route_type: Normal Route, fare_type: AC}]"
Thambalagamuwa,Warakapola,1105.0,"[:Fare {fare: 1105.0, route_id: route_db78ea66_484_1767932356, route_type: Normal Route, fare_type: AC}]"
Thambalagamuwa,Polgahawela,1010.0,"[:Fare {fare: 1010.0, route_id: route_db78ea66_485_1767932356, route_type: Normal Route, fare_type: AC}]"
Thambalagamuwa,Kegalle,1180.0,"[:Fare {fare: 1180.0, route_id: route_db78ea66_337_1767932356, route_type: Normal Route, fare_type: AC}]"
Thambalagamuwa,Katugastota,1050.0,"[:Fare {fare: 1050.0, route_id: route_db78ea66_339_1767932356, route_type: Normal Route, fare_type: AC}]"
Thambalagamuwa,Akurana,910.0,"[:Fare {fare: 910.0, route_id: route_db78ea66_341_1767932356, route_type: Normal Route, fare_type: AC}]"
Thambalagamuwa,Ibbagamuwa,810.0,"[:Fare {fare: 810.0, route_id: route_db78ea66_487_1767932356, route_type: Normal Route, fare_type: AC}]"
Thambalagamuwa,Malsiripura,745.0,"[:Fare {fare: 745.0, route_id: route_db78ea66_488_1767932356, route_type: Normal Route, fare_type: AC}]"
Thambalagamuwa,Galewela,670.0,"[:Fare {fare: 670.0, route_id: route_db78ea66_489_1767932356, route_type: Normal Route, fare_type: AC}]"
Thambalagamuwa,Nugegoda,1730.0,"[:Fare {fare: 1730.0, route_id: route_db78ea66_331_1767932356, route_type: Normal Route, fare_type: AC}]"
Thambalagamuwa,Galoya Junction,365.0,"[:Fare {fare: 365.0, route_id: route_db78ea66_44_1767932356, route_type: Normal Route, fare_type: AC}]"
Thambalagamuwa,Kanthale,190.0,"[:Fare {fare: 190.0, route_id: route_db78ea66_45_1767932356, route_type: Normal Route, fare_type: AC}]"
Thambalagamuwa,Aguruwalla,1350.0,"[:Fare {fare: 1350.0, route_id: route_db78ea66_335_1767932356, route_type: Normal Route, fare_type: AC}]"
Thambalagamuwa,Makumbura,1680.0,"[:Fare {fare: 1680.0, route_id: route_db78ea66_332_1767932356, route_type: Normal Route, fare_type: AC}]"
Thambalagamuwa,Kaluaggala,1560.0,"[:Fare {fare: 1560.0, route_id: route_db78ea66_333_1767932356, route_type: Normal Route, fare_type: AC}]"
Thambalagamuwa,Galpoththa police cheakpoint,270.0,"[:Fare {fare: 270.0, route_id: route_db78ea66_347_1767932356, route_type: Normal Route, fare_type: AC}]"
Trincomalee,Mawanalla,1305.0,"[:Fare {fare: 1305.0, route_id: route_db78ea66_420_1767932356, route_type: Normal Route, fare_type: AC}]"
Trincomalee,Matale,930.0,"[:Fare {fare: 930.0, route_id: route_db78ea66_47_1767932356, route_type: Normal Route, fare_type: AC}]"
Trincomalee,Matale,1020.0,"[:Fare {fare: 1020.0, route_id: route_db78ea66_424_1767932356, route_type: Normal Route, fare_type: AC}]"
Trincomalee,Nawula,790.0,"[:Fare {fare: 790.0, route_id: route_db78ea66_48_1767932356, route_type: Normal Route, fare_type: AC}]"
Trincomalee,Nawula,875.0,"[:Fare {fare: 875.0, route_id: route_db78ea66_425_1767932356, route_type: Normal Route, fare_type: AC}]"
Trincomalee,Dambulla,690.0,"[:Fare {fare: 690.0, route_id: route_db78ea66_49_1767932356, route_type: Normal Route, fare_type: AC}]"
Trincomalee,Dambulla,780.0,"[:Fare {fare: 780.0, route_id: route_db78ea66_124_1767932356, route_type: Normal Route, fare_type: AC}]"
Trincomalee,Awissawella,1665.0,"[:Fare {fare: 1665.0, route_id: route_db78ea66_416_1767932356, route_type: Normal Route, fare_type: AC}]"
Trincomalee,Galigamuwa,1415.0,"[:Fare {fare: 1415.0, route_id: route_db78ea66_418_1767932356, route_type: Normal Route, fare_type: AC}]"
Trincomalee,Nittabuwa,1305.0,"[:Fare {fare: 1305.0, route_id: route_db78ea66_497_1767932356, route_type: Normal Route, fare_type: AC}]"
Trincomalee,Nittabuwa,1390.0,"[:Fare {fare: 1390.0, route_id: route_db78ea66_117_1767932356, route_type: Normal Route, fare_type: AC}]"
Trincomalee,Habarana,555.0,"[:Fare {fare: 555.0, route_id: route_db78ea66_50_1767932356, route_type: Normal Route, fare_type: AC}]"
Trincomalee,Habarana,645.0,"[:Fare {fare: 645.0, route_id: route_db78ea66_125_1767932356, route_type: Normal Route, fare_type: AC}]"
Trincomalee,Kiribathgoda,1460.0,"[:Fare {fare: 1460.0, route_id: route_db78ea66_495_1767932356, route_type: Normal Route, fare_type: AC}]"
Trincomalee,Kiribathgoda,1545.0,"[:Fare {fare: 1545.0, route_id: route_db78ea66_115_1767932356, route_type: Normal Route, fare_type: AC}]"
Trincomalee,Yakkala,1360.0,"[:Fare {fare: 1360.0, route_id: route_db78ea66_496_1767932356, route_type: Normal Route, fare_type: AC}]"
Trincomalee,Yakkala,1450.0,"[:Fare {fare: 1450.0, route_id: route_db78ea66_116_1767932356, route_type: Normal Route, fare_type: AC}]"
Trincomalee,Warakapola,1220.0,"[:Fare {fare: 1220.0, route_id: route_db78ea66_498_1767932356, route_type: Normal Route, fare_type: AC}]"
Trincomalee,Warakapola,1305.0,"[:Fare {fare: 1305.0, route_id: route_db78ea66_118_1767932356, route_type: Normal Route, fare_type: AC}]"
Trincomalee,Polgahawela,1120.0,"[:Fare {fare: 1120.0, route_id: route_db78ea66_499_1767932356, route_type: Normal Route, fare_type: AC}]"
Trincomalee,Polgahawela,1205.0,"[:Fare {fare: 1205.0, route_id: route_db78ea66_119_1767932356, route_type: Normal Route, fare_type: AC}]"
Trincomalee,Kegalle,1380.0,"[:Fare {fare: 1380.0, route_id: route_db78ea66_419_1767932356, route_type: Normal Route, fare_type: AC}]"
Trincomalee,Katugastota,1250.0,"[:Fare {fare: 1250.0, route_id: route_db78ea66_421_1767932356, route_type: Normal Route, fare_type: AC}]"
Trincomalee,Akurana,1105.0,"[:Fare {fare: 1105.0, route_id: route_db78ea66_423_1767932356, route_type: Normal Route, fare_type: AC}]"
Trincomalee,Ibbagamuwa,920.0,"[:Fare {fare: 920.0, route_id: route_db78ea66_1_1767932356, route_type: Normal Route, fare_type: AC}]"
Trincomalee,Ibbagamuwa,1010.0,"[:Fare {fare: 1010.0, route_id: route_db78ea66_121_1767932356, route_type: Normal Route, fare_type: AC}]"
Trincomalee,Malsiripura,855.0,"[:Fare {fare: 855.0, route_id: route_db78ea66_2_1767932356, route_type: Normal Route, fare_type: AC}]"
Trincomalee,Malsiripura,940.0,"[:Fare {fare: 940.0, route_id: route_db78ea66_122_1767932356, route_type: Normal Route, fare_type: AC}]"
Trincomalee,Galewela,780.0,"[:Fare {fare: 780.0, route_id: route_db78ea66_3_1767932356, route_type: Normal Route, fare_type: AC}]"
Trincomalee,Galewela,865.0,"[:Fare {fare: 865.0, route_id: route_db78ea66_123_1767932356, route_type: Normal Route, fare_type: AC}]"
Trincomalee,Nugegoda,1930.0,"[:Fare {fare: 1930.0, route_id: route_db78ea66_413_1767932356, route_type: Normal Route, fare_type: AC}]"
Trincomalee,Galoya Junction,480.0,"[:Fare {fare: 480.0, route_id: route_db78ea66_51_1767932356, route_type: Normal Route, fare_type: AC}]"
Trincomalee,Galoya Junction,570.0,"[:Fare {fare: 570.0, route_id: route_db78ea66_126_1767932356, route_type: Normal Route, fare_type: AC}]"
Trincomalee,Kanthale,300.0,"[:Fare {fare: 300.0, route_id: route_db78ea66_52_1767932356, route_type: Normal Route, fare_type: AC}]"
Trincomalee,Kanthale,390.0,"[:Fare {fare: 390.0, route_id: route_db78ea66_127_1767932356, route_type: Normal Route, fare_type: AC}]"
Trincomalee,Thambalagamuwa,190.0,"[:Fare {fare: 190.0, route_id: route_db78ea66_53_1767932356, route_type: Normal Route, fare_type: AC}]"
Trincomalee,Thambalagamuwa,280.0,"[:Fare {fare: 280.0, route_id: route_db78ea66_431_1767932356, route_type: Normal Route, fare_type: AC}]"
Trincomalee,Kinniya,190.0,"[:Fare {fare: 190.0, route_id: route_db78ea66_433_1767932356, route_type: Normal Route, fare_type: AC}]"
Trincomalee,Aguruwalla,1545.0,"[:Fare {fare: 1545.0, route_id: route_db78ea66_417_1767932356, route_type: Normal Route, fare_type: AC}]"
Trincomalee,Makumbura,1875.0,"[:Fare {fare: 1875.0, route_id: route_db78ea66_414_1767932356, route_type: Normal Route, fare_type: AC}]"
Trincomalee,Kaluaggala,1755.0,"[:Fare {fare: 1755.0, route_id: route_db78ea66_415_1767932356, route_type: Normal Route, fare_type: AC}]"
Trincomalee,Galpoththa police cheakpoint,470.0,"[:Fare {fare: 470.0, route_id: route_db78ea66_429_1767932356, route_type: Normal Route, fare_type: AC}]"
Trincomalee,Surangal Junction,240.0,"[:Fare {fare: 240.0, route_id: route_db78ea66_432_1767932356, route_type: Normal Route, fare_type: AC}]"
Trincomalee,4 Kanuwa,100.0,"[:Fare {fare: 100.0, route_id: route_db78ea66_434_1767932356, route_type: Normal Route, fare_type: AC}]"
Batticaloa,Dambulla,985.0,"[:Fare {fare: 985.0, route_id: route_db78ea66_200_1767932356, route_type: Normal Route, fare_type: AC}]"
Batticaloa,Kaduwela,590.0,"[:Fare {fare: 590.0, route_id: route_db78ea66_203_1767932356, route_type: Normal Route, fare_type: AC}]"
Batticaloa,Nittabuwa,1605.0,"[:Fare {fare: 1605.0, route_id: route_db78ea66_193_1767932356, route_type: Normal Route, fare_type: AC}]"
Batticaloa,Habarana,855.0,"[:Fare {fare: 855.0, route_id: route_db78ea66_201_1767932356, route_type: Normal Route, fare_type: AC}]"
Batticaloa,Minneriya,715.0,"[:Fare {fare: 715.0, route_id: route_db78ea66_202_1767932356, route_type: Normal Route, fare_type: AC}]"
Batticaloa,Welikanda,460.0,"[:Fare {fare: 460.0, route_id: route_db78ea66_204_1767932356, route_type: Normal Route, fare_type: AC}]"
Batticaloa,Walachchena,255.0,"[:Fare {fare: 255.0, route_id: route_db78ea66_205_1767932356, route_type: Normal Route, fare_type: AC}]"
Batticaloa,Eravur,160.0,"[:Fare {fare: 160.0, route_id: route_db78ea66_206_1767932356, route_type: Normal Route, fare_type: AC}]"
Batticaloa,Kaththankudi,100.0,"[:Fare {fare: 100.0, route_id: route_db78ea66_498_1767932356, route_type: Normal Route, fare_type: AC}]"
Batticaloa,Kalawanchikudi,240.0,"[:Fare {fare: 240.0, route_id: route_db78ea66_497_1767932356, route_type: Normal Route, fare_type: AC}]"
Batticaloa,Kalmunai,300.0,"[:Fare {fare: 300.0, route_id: route_db78ea66_496_1767932356, route_type: Normal Route, fare_type: AC}]"
Batticaloa,Akkareipaththu,425.0,"[:Fare {fare: 425.0, route_id: route_db78ea66_493_1767932356, route_type: Normal Route, fare_type: AC}]"
Batticaloa,Kiribathgoda,1755.0,"[:Fare {fare: 1755.0, route_id: route_db78ea66_191_1767932356, route_type: Normal Route, fare_type: AC}]"
Batticaloa,Yakkala,1655.0,"[:Fare {fare: 1655.0, route_id: route_db78ea66_192_1767932356, route_type: Normal Route, fare_type: AC}]"
Batticaloa,Warakapola,1515.0,"[:Fare {fare: 1515.0, route_id: route_db78ea66_194_1767932356, route_type: Normal Route, fare_type: AC}]"
Batticaloa,Polgahawela,1415.0,"[:Fare {fare: 1415.0, route_id: route_db78ea66_195_1767932356, route_type: Normal Route, fare_type: AC}]"
Batticaloa,Ibbagamuwa,1220.0,"[:Fare {fare: 1220.0, route_id: route_db78ea66_138_1767932356, route_type: Normal Route, fare_type: AC}]"
Batticaloa,Malsiripura,1150.0,"[:Fare {fare: 1150.0, route_id: route_db78ea66_198_1767932356, route_type: Normal Route, fare_type: AC}]"
Batticaloa,Galewela,1075.0,"[:Fare {fare: 1075.0, route_id: route_db78ea66_199_1767932356, route_type: Normal Route, fare_type: AC}]"
Batticaloa,Nindawur,335.0,"[:Fare {fare: 335.0, route_id: route_db78ea66_495_1767932356, route_type: Normal Route, fare_type: AC}]"
Batticaloa,Wakaneri Junction,335.0,"[:Fare {fare: 335.0, route_id: route_db78ea66_373_1767932356, route_type: Normal Route, fare_type: AC}]"
Batticaloa,Oluwil,365.0,"[:Fare {fare: 365.0, route_id: route_db78ea66_494_1767932356, route_type: Normal Route, fare_type: AC}]"
Batticaloa,Kiraan,225.0,"[:Fare {fare: 225.0, route_id: route_db78ea66_374_1767932356, route_type: Normal Route, fare_type: AC}]"
Wakaneri Junction,Mawanalla,1295.0,"[:Fare {fare: 1295.0, route_id: route_db78ea66_314_1767932356, route_type: Normal Route, fare_type: AC}]"
Wakaneri Junction,Matale,975.0,"[:Fare {fare: 975.0, route_id: route_db78ea66_317_1767932356, route_type: Normal Route, fare_type: AC}]"
Wakaneri Junction,Nawula,830.0,"[:Fare {fare: 830.0, route_id: route_db78ea66_318_1767932356, route_type: Normal Route, fare_type: AC}]"
Wakaneri Junction,Dambulla,735.0,"[:Fare {fare: 735.0, route_id: route_db78ea66_478_1767932356, route_type: Normal Route, fare_type: AC}]"
Wakaneri Junction,Kaduwela,335.0,"[:Fare {fare: 335.0, route_id: route_db78ea66_481_1767932356, route_type: Normal Route, fare_type: AC}]"
Wakaneri Junction,Nittabuwa,1350.0,"[:Fare {fare: 1350.0, route_id: route_db78ea66_473_1767932356, route_type: Normal Route, fare_type: AC}]"
Wakaneri Junction,Habarana,600.0,"[:Fare {fare: 600.0, route_id: route_db78ea66_479_1767932356, route_type: Normal Route, fare_type: AC}]"
Wakaneri Junction,Minneriya,460.0,"[:Fare {fare: 460.0, route_id: route_db78ea66_480_1767932356, route_type: Normal Route, fare_type: AC}]"
Wakaneri Junction,Welikanda,200.0,"[:Fare {fare: 200.0, route_id: route_db78ea66_482_1767932356, route_type: Normal Route, fare_type: AC}]"
Wakaneri Junction,Warakapola,1260.0,"[:Fare {fare: 1260.0, route_id: route_db78ea66_474_1767932356, route_type: Normal Route, fare_type: AC}]"
Wakaneri Junction,Warakapola,1500.0,"[:Fare {fare: 1500.0, route_id: route_db78ea66_312_1767932356, route_type: Normal Route, fare_type: AC}]"
Wakaneri Junction,Polgahawela,1160.0,"[:Fare {fare: 1160.0, route_id: route_db78ea66_475_1767932356, route_type: Normal Route, fare_type: AC}]"
Wakaneri Junction,Kegalle,1370.0,"[:Fare {fare: 1370.0, route_id: route_db78ea66_313_1767932356, route_type: Normal Route, fare_type: AC}]"
Wakaneri Junction,Akurana,1075.0,"[:Fare {fare: 1075.0, route_id: route_db78ea66_316_1767932356, route_type: Normal Route, fare_type: AC}]"
Wakaneri Junction,Malsiripura,900.0,"[:Fare {fare: 900.0, route_id: route_db78ea66_477_1767932356, route_type: Normal Route, fare_type: AC}]"
Wakaneri Junction,Padukka,1810.0,"[:Fare {fare: 1810.0, route_id: route_db78ea66_309_1767932356, route_type: Normal Route, fare_type: AC}]"
Wakaneri Junction,Pugoda,1700.0,"[:Fare {fare: 1700.0, route_id: route_db78ea66_310_1767932356, route_type: Normal Route, fare_type: AC}]"
Wakaneri Junction,Aththanagalla,1610.0,"[:Fare {fare: 1610.0, route_id: route_db78ea66_311_1767932356, route_type: Normal Route, fare_type: AC}]"
Wakaneri Junction,Horana,1910.0,"[:Fare {fare: 1910.0, route_id: route_db78ea66_308_1767932356, route_type: Normal Route, fare_type: AC}]"
Oddamawadi,Dambulla,800.0,"[:Fare {fare: 800.0, route_id: route_db78ea66_489_1767932356, route_type: Normal Route, fare_type: AC}]"
Oddamawadi,Kaduwela,400.0,"[:Fare {fare: 400.0, route_id: route_db78ea66_492_1767932356, route_type: Normal Route, fare_type: AC}]"
Oddamawadi,Nittabuwa,1415.0,"[:Fare {fare: 1415.0, route_id: route_db78ea66_484_1767932356, route_type: Normal Route, fare_type: AC}]"
Oddamawadi,Habarana,670.0,"[:Fare {fare: 670.0, route_id: route_db78ea66_490_1767932356, route_type: Normal Route, fare_type: AC}]"
Oddamawadi,Minneriya,525.0,"[:Fare {fare: 525.0, route_id: route_db78ea66_491_1767932356, route_type: Normal Route, fare_type: AC}]"
Oddamawadi,Welikanda,270.0,"[:Fare {fare: 270.0, route_id: route_db78ea66_493_1767932356, route_type: Normal Route, fare_type: AC}]"
Oddamawadi,Warakapola,1330.0,"[:Fare {fare: 1330.0, route_id: route_db78ea66_485_1767932356, route_type: Normal Route, fare_type: AC}]"
Oddamawadi,Polgahawela,1225.0,"[:Fare {fare: 1225.0, route_id: route_db78ea66_486_1767932356, route_type: Normal Route, fare_type: AC}]"
Oddamawadi,Malsiripura,965.0,"[:Fare {fare: 965.0, route_id: route_db78ea66_488_1767932356, route_type: Normal Route, fare_type: AC}]"
Oddamawadi,Wakaneri Junction,140.0,"[:Fare {fare: 140.0, route_id: route_db78ea66_494_1767932356, route_type: Normal Route, fare_type: AC}]"
Oluwil,Dambulla,1270.0,"[:Fare {fare: 1270.0, route_id: route_db78ea66_236_1767932356, route_type: Normal Route, fare_type: AC}]"
Oluwil,Kaduwela,875.0,"[:Fare {fare: 875.0, route_id: route_db78ea66_239_1767932356, route_type: Normal Route, fare_type: AC}]"
Oluwil,Nittabuwa,1890.0,"[:Fare {fare: 1890.0, route_id: route_db78ea66_229_1767932356, route_type: Normal Route, fare_type: AC}]"
Oluwil,Habarana,1140.0,"[:Fare {fare: 1140.0, route_id: route_db78ea66_237_1767932356, route_type: Normal Route, fare_type: AC}]"
Oluwil,Minneriya,995.0,"[:Fare {fare: 995.0, route_id: route_db78ea66_238_1767932356, route_type: Normal Route, fare_type: AC}]"
Oluwil,Welikanda,745.0,"[:Fare {fare: 745.0, route_id: route_db78ea66_240_1767932356, route_type: Normal Route, fare_type: AC}]"
Oluwil,Walachchena,550.0,"[:Fare {fare: 550.0, route_id: route_db78ea66_241_1767932356, route_type: Normal Route, fare_type: AC}]"
Oluwil,Eravur,445.0,"[:Fare {fare: 445.0, route_id: route_db78ea66_242_1767932356, route_type: Normal Route, fare_type: AC}]"
Oluwil,Kaththankudi,320.0,"[:Fare {fare: 320.0, route_id: route_db78ea66_244_1767932356, route_type: Normal Route, fare_type: AC}]"
Oluwil,Kalawanchikudi,210.0,"[:Fare {fare: 210.0, route_id: route_db78ea66_245_1767932356, route_type: Normal Route, fare_type: AC}]"
Oluwil,Kalmunai,140.0,"[:Fare {fare: 140.0, route_id: route_db78ea66_246_1767932356, route_type: Normal Route, fare_type: AC}]"
Oluwil,Akkareipaththu,120.0,"[:Fare {fare: 120.0, route_id: route_db78ea66_478_1767932356, route_type: Normal Route, fare_type: AC}]"
Oluwil,Kiribathgoda,2040.0,"[:Fare {fare: 2040.0, route_id: route_db78ea66_227_1767932356, route_type: Normal Route, fare_type: AC}]"
Oluwil,Yakkala,1940.0,"[:Fare {fare: 1940.0, route_id: route_db78ea66_228_1767932356, route_type: Normal Route, fare_type: AC}]"
Oluwil,Warakapola,1800.0,"[:Fare {fare: 1800.0, route_id: route_db78ea66_230_1767932356, route_type: Normal Route, fare_type: AC}]"
Oluwil,Polgahawela,1700.0,"[:Fare {fare: 1700.0, route_id: route_db78ea66_231_1767932356, route_type: Normal Route, fare_type: AC}]"
Oluwil,Ibbagamuwa,1500.0,"[:Fare {fare: 1500.0, route_id: route_db78ea66_233_1767932356, route_type: Normal Route, fare_type: AC}]"
Oluwil,Malsiripura,1435.0,"[:Fare {fare: 1435.0, route_id: route_db78ea66_234_1767932356, route_type: Normal Route, fare_type: AC}]"
Oluwil,Galewela,1360.0,"[:Fare {fare: 1360.0, route_id: route_db78ea66_235_1767932356, route_type: Normal Route, fare_type: AC}]"
Oluwil,Nindawur,80.0,"[:Fare {fare: 80.0, route_id: route_db78ea66_247_1767932356, route_type: Normal Route, fare_type: AC}]"
Oluwil,Batticaloa,365.0,"[:Fare {fare: 365.0, route_id: route_db78ea66_243_1767932356, route_type: Normal Route, fare_type: AC}]"
Kiraan,Dambulla,845.0,"[:Fare {fare: 845.0, route_id: route_db78ea66_343_1767932356, route_type: Normal Route, fare_type: AC}]"
Kiraan,Kaduwela,445.0,"[:Fare {fare: 445.0, route_id: route_db78ea66_346_1767932356, route_type: Normal Route, fare_type: AC}]"
Kiraan,Nittabuwa,1460.0,"[:Fare {fare: 1460.0, route_id: route_db78ea66_338_1767932356, route_type: Normal Route, fare_type: AC}]"
Kiraan,Habarana,715.0,"[:Fare {fare: 715.0, route_id: route_db78ea66_344_1767932356, route_type: Normal Route, fare_type: AC}]"
Kiraan,Minneriya,570.0,"[:Fare {fare: 570.0, route_id: route_db78ea66_345_1767932356, route_type: Normal Route, fare_type: AC}]"
Kiraan,Welikanda,315.0,"[:Fare {fare: 315.0, route_id: route_db78ea66_347_1767932356, route_type: Normal Route, fare_type: AC}]"
Kiraan,Warakapola,1370.0,"[:Fare {fare: 1370.0, route_id: route_db78ea66_339_1767932356, route_type: Normal Route, fare_type: AC}]"
Kiraan,Polgahawela,1270.0,"[:Fare {fare: 1270.0, route_id: route_db78ea66_340_1767932356, route_type: Normal Route, fare_type: AC}]"
Kiraan,Malsiripura,1010.0,"[:Fare {fare: 1010.0, route_id: route_db78ea66_342_1767932356, route_type: Normal Route, fare_type: AC}]"
Kiraan,Wakaneri Junction,190.0,"[:Fare {fare: 190.0, route_id: route_db78ea66_348_1767932356, route_type: Normal Route, fare_type: AC}]"
Vachnathiw,Dambulla,1030.0,"[:Fare {fare: 1030.0, route_id: route_db78ea66_259_1767932356, route_type: Normal Route, fare_type: AC}]"
Vachnathiw,Kaduwela,635.0,"[:Fare {fare: 635.0, route_id: route_db78ea66_262_1767932356, route_type: Normal Route, fare_type: AC}]"
Vachnathiw,Nittabuwa,1645.0,"[:Fare {fare: 1645.0, route_id: route_db78ea66_252_1767932356, route_type: Normal Route, fare_type: AC}]"
Vachnathiw,Habarana,900.0,"[:Fare {fare: 900.0, route_id: route_db78ea66_260_1767932356, route_type: Normal Route, fare_type: AC}]"
Vachnathiw,Minneriya,755.0,"[:Fare {fare: 755.0, route_id: route_db78ea66_261_1767932356, route_type: Normal Route, fare_type: AC}]"
Vachnathiw,Welikanda,500.0,"[:Fare {fare: 500.0, route_id: route_db78ea66_263_1767932356, route_type: Normal Route, fare_type: AC}]"
Vachnathiw,Walachchena,300.0,"[:Fare {fare: 300.0, route_id: route_db78ea66_264_1767932356, route_type: Normal Route, fare_type: AC}]"
Vachnathiw,Eravur,200.0,"[:Fare {fare: 200.0, route_id: route_db78ea66_265_1767932356, route_type: Normal Route, fare_type: AC}]"
Vachnathiw,Kiribathgoda,1800.0,"[:Fare {fare: 1800.0, route_id: route_db78ea66_250_1767932356, route_type: Normal Route, fare_type: AC}]"
Vachnathiw,Yakkala,1700.0,"[:Fare {fare: 1700.0, route_id: route_db78ea66_251_1767932356, route_type: Normal Route, fare_type: AC}]"
Vachnathiw,Warakapola,1560.0,"[:Fare {fare: 1560.0, route_id: route_db78ea66_253_1767932356, route_type: Normal Route, fare_type: AC}]"
Vachnathiw,Polgahawela,1460.0,"[:Fare {fare: 1460.0, route_id: route_db78ea66_254_1767932356, route_type: Normal Route, fare_type: AC}]"
Vachnathiw,Ibbagamuwa,1260.0,"[:Fare {fare: 1260.0, route_id: route_db78ea66_256_1767932356, route_type: Normal Route, fare_type: AC}]"
Vachnathiw,Malsiripura,1195.0,"[:Fare {fare: 1195.0, route_id: route_db78ea66_257_1767932356, route_type: Normal Route, fare_type: AC}]"
Vachnathiw,Galewela,1120.0,"[:Fare {fare: 1120.0, route_id: route_db78ea66_258_1767932356, route_type: Normal Route, fare_type: AC}]"
kokadiwole,Dambulla,1120.0,"[:Fare {fare: 1120.0, route_id: route_db78ea66_276_1767932356, route_type: Normal Route, fare_type: AC}]"
kokadiwole,Kaduwela,725.0,"[:Fare {fare: 725.0, route_id: route_db78ea66_279_1767932356, route_type: Normal Route, fare_type: AC}]"
kokadiwole,Nittabuwa,1730.0,"[:Fare {fare: 1730.0, route_id: route_db78ea66_269_1767932356, route_type: Normal Route, fare_type: AC}]"
kokadiwole,Habarana,985.0,"[:Fare {fare: 985.0, route_id: route_db78ea66_277_1767932356, route_type: Normal Route, fare_type: AC}]"
kokadiwole,Minneriya,845.0,"[:Fare {fare: 845.0, route_id: route_db78ea66_278_1767932356, route_type: Normal Route, fare_type: AC}]"
kokadiwole,Welikanda,590.0,"[:Fare {fare: 590.0, route_id: route_db78ea66_280_1767932356, route_type: Normal Route, fare_type: AC}]"
kokadiwole,Walachchena,390.0,"[:Fare {fare: 390.0, route_id: route_db78ea66_281_1767932356, route_type: Normal Route, fare_type: AC}]"
kokadiwole,Eravur,290.0,"[:Fare {fare: 290.0, route_id: route_db78ea66_282_1767932356, route_type: Normal Route, fare_type: AC}]"
kokadiwole,Kiribathgoda,1890.0,"[:Fare {fare: 1890.0, route_id: route_db78ea66_267_1767932356, route_type: Normal Route, fare_type: AC}]"
kokadiwole,Yakkala,1790.0,"[:Fare {fare: 1790.0, route_id: route_db78ea66_268_1767932356, route_type: Normal Route, fare_type: AC}]"
kokadiwole,Warakapola,1645.0,"[:Fare {fare: 1645.0, route_id: route_db78ea66_270_1767932356, route_type: Normal Route, fare_type: AC}]"
kokadiwole,Polgahawela,1545.0,"[:Fare {fare: 1545.0, route_id: route_db78ea66_271_1767932356, route_type: Normal Route, fare_type: AC}]"
kokadiwole,Ibbagamuwa,1350.0,"[:Fare {fare: 1350.0, route_id: route_db78ea66_273_1767932356, route_type: Normal Route, fare_type: AC}]"
kokadiwole,Malsiripura,1285.0,"[:Fare {fare: 1285.0, route_id: route_db78ea66_274_1767932356, route_type: Normal Route, fare_type: AC}]"
kokadiwole,Galewela,1205.0,"[:Fare {fare: 1205.0, route_id: route_db78ea66_275_1767932356, route_type: Normal Route, fare_type: AC}]"
kokadiwole,Vachnathiw,165.0,"[:Fare {fare: 165.0, route_id: route_db78ea66_283_1767932356, route_type: Normal Route, fare_type: AC}]"
Haragama School,Mawanalla,300.0,"[:Fare {fare: 300.0, route_id: route_db78ea66_318_1767932356, route_type: Normal Route, fare_type: AC}]"
Haragama School,Nittabuwa,600.0,"[:Fare {fare: 600.0, route_id: route_db78ea66_315_1767932356, route_type: Normal Route, fare_type: AC}]"
Haragama School,Kiribathgoda,755.0,"[:Fare {fare: 755.0, route_id: route_db78ea66_313_1767932356, route_type: Normal Route, fare_type: AC}]"
Haragama School,Yakkala,660.0,"[:Fare {fare: 660.0, route_id: route_db78ea66_314_1767932356, route_type: Normal Route, fare_type: AC}]"
Haragama School,Warakapola,510.0,"[:Fare {fare: 510.0, route_id: route_db78ea66_316_1767932356, route_type: Normal Route, fare_type: AC}]"
Haragama School,Kegalle,380.0,"[:Fare {fare: 380.0, route_id: route_db78ea66_317_1767932356, route_type: Normal Route, fare_type: AC}]"
Kanda junction,Mawanalla,380.0,"[:Fare {fare: 380.0, route_id: route_db78ea66_326_1767932356, route_type: Normal Route, fare_type: AC}]"
Kanda junction,Nittabuwa,680.0,"[:Fare {fare: 680.0, route_id: route_db78ea66_323_1767932356, route_type: Normal Route, fare_type: AC}]"
Kanda junction,Kiribathgoda,830.0,"[:Fare {fare: 830.0, route_id: route_db78ea66_321_1767932356, route_type: Normal Route, fare_type: AC}]"
Kanda junction,Yakkala,735.0,"[:Fare {fare: 735.0, route_id: route_db78ea66_322_1767932356, route_type: Normal Route, fare_type: AC}]"
Kanda junction,Warakapola,590.0,"[:Fare {fare: 590.0, route_id: route_db78ea66_324_1767932356, route_type: Normal Route, fare_type: AC}]"
Kanda junction,Kegalle,460.0,"[:Fare {fare: 460.0, route_id: route_db78ea66_325_1767932356, route_type: Normal Route, fare_type: AC}]"
Kanda junction,Haragama School,160.0,"[:Fare {fare: 160.0, route_id: route_db78ea66_328_1767932356, route_type: Normal Route, fare_type: AC}]"
Rikillagaskada,Mawanalla,460.0,"[:Fare {fare: 460.0, route_id: route_db78ea66_335_1767932356, route_type: Normal Route, fare_type: AC}]"
Rikillagaskada,Nittabuwa,755.0,"[:Fare {fare: 755.0, route_id: route_db78ea66_332_1767932356, route_type: Normal Route, fare_type: AC}]"
Rikillagaskada,Kiribathgoda,910.0,"[:Fare {fare: 910.0, route_id: route_db78ea66_330_1767932356, route_type: Normal Route, fare_type: AC}]"
Rikillagaskada,Yakkala,810.0,"[:Fare {fare: 810.0, route_id: route_db78ea66_331_1767932356, route_type: Normal Route, fare_type: AC}]"
Rikillagaskada,Warakapola,670.0,"[:Fare {fare: 670.0, route_id: route_db78ea66_333_1767932356, route_type: Normal Route, fare_type: AC}]"
Rikillagaskada,Kegalle,535.0,"[:Fare {fare: 535.0, route_id: route_db78ea66_334_1767932356, route_type: Normal Route, fare_type: AC}]"
Rikillagaskada,Haragama School,240.0,"[:Fare {fare: 240.0, route_id: route_db78ea66_337_1767932356, route_type: Normal Route, fare_type: AC}]"
Rikillagaskada,Kanda junction,160.0,"[:Fare {fare: 160.0, route_id: route_db78ea66_338_1767932356, route_type: Normal Route, fare_type: AC}]"
Nildandahinna,Mawanalla,690.0,"[:Fare {fare: 690.0, route_id: route_db78ea66_368_1767932356, route_type: Normal Route, fare_type: AC}]"
Nildandahinna,Walapane,100.0,"[:Fare {fare: 100.0, route_id: route_db78ea66_374_1767932356, route_type: Normal Route, fare_type: AC}]"
Nildandahinna,Padiyapalalla,255.0,"[:Fare {fare: 255.0, route_id: route_db78ea66_373_1767932356, route_type: Normal Route, fare_type: AC}]"
Nildandahinna,Nittabuwa,985.0,"[:Fare {fare: 985.0, route_id: route_db78ea66_365_1767932356, route_type: Normal Route, fare_type: AC}]"
Nildandahinna,Kiribathgoda,1140.0,"[:Fare {fare: 1140.0, route_id: route_db78ea66_363_1767932356, route_type: Normal Route, fare_type: AC}]"
Nildandahinna,Yakkala,1040.0,"[:Fare {fare: 1040.0, route_id: route_db78ea66_364_1767932356, route_type: Normal Route, fare_type: AC}]"
Nildandahinna,Warakapola,900.0,"[:Fare {fare: 900.0, route_id: route_db78ea66_366_1767932356, route_type: Normal Route, fare_type: AC}]"
Nildandahinna,Kegalle,765.0,"[:Fare {fare: 765.0, route_id: route_db78ea66_367_1767932356, route_type: Normal Route, fare_type: AC}]"
Nildandahinna,Haragama School,470.0,"[:Fare {fare: 470.0, route_id: route_db78ea66_370_1767932356, route_type: Normal Route, fare_type: AC}]"
Nildandahinna,Kanda junction,390.0,"[:Fare {fare: 390.0, route_id: route_db78ea66_371_1767932356, route_type: Normal Route, fare_type: AC}]"
Nildandahinna,Rikillagaskada,315.0,"[:Fare {fare: 315.0, route_id: route_db78ea66_372_1767932356, route_type: Normal Route, fare_type: AC}]"
Rupaha,Mawanalla,755.0,"[:Fare {fare: 755.0, route_id: route_db78ea66_381_1767932356, route_type: Normal Route, fare_type: AC}]"
Rupaha,Walapane,190.0,"[:Fare {fare: 190.0, route_id: route_db78ea66_387_1767932356, route_type: Normal Route, fare_type: AC}]"
Rupaha,Padiyapalalla,320.0,"[:Fare {fare: 320.0, route_id: route_db78ea66_386_1767932356, route_type: Normal Route, fare_type: AC}]"
Rupaha,Nittabuwa,1050.0,"[:Fare {fare: 1050.0, route_id: route_db78ea66_378_1767932356, route_type: Normal Route, fare_type: AC}]"
Rupaha,Kiribathgoda,1205.0,"[:Fare {fare: 1205.0, route_id: route_db78ea66_376_1767932356, route_type: Normal Route, fare_type: AC}]"
Rupaha,Yakkala,1105.0,"[:Fare {fare: 1105.0, route_id: route_db78ea66_377_1767932356, route_type: Normal Route, fare_type: AC}]"
Rupaha,Warakapola,965.0,"[:Fare {fare: 965.0, route_id: route_db78ea66_379_1767932356, route_type: Normal Route, fare_type: AC}]"
Rupaha,Kegalle,830.0,"[:Fare {fare: 830.0, route_id: route_db78ea66_380_1767932356, route_type: Normal Route, fare_type: AC}]"
Rupaha,Haragama School,535.0,"[:Fare {fare: 535.0, route_id: route_db78ea66_383_1767932356, route_type: Normal Route, fare_type: AC}]"
Rupaha,Kanda junction,460.0,"[:Fare {fare: 460.0, route_id: route_db78ea66_384_1767932356, route_type: Normal Route, fare_type: AC}]"
Rupaha,Rikillagaskada,380.0,"[:Fare {fare: 380.0, route_id: route_db78ea66_385_1767932356, route_type: Normal Route, fare_type: AC}]"
Rupaha,Nildandahinna,140.0,"[:Fare {fare: 140.0, route_id: route_db78ea66_388_1767932356, route_type: Normal Route, fare_type: AC}]"
Kinniya,Mawanalla,1195.0,"[:Fare {fare: 1195.0, route_id: route_db78ea66_377_1767932356, route_type: Normal Route, fare_type: AC}]"
Kinniya,Matale,910.0,"[:Fare {fare: 910.0, route_id: route_db78ea66_381_1767932356, route_type: Normal Route, fare_type: AC}]"
Kinniya,Nawula,765.0,"[:Fare {fare: 765.0, route_id: route_db78ea66_382_1767932356, route_type: Normal Route, fare_type: AC}]"
Kinniya,Dambulla,670.0,"[:Fare {fare: 670.0, route_id: route_db78ea66_110_1767932356, route_type: Normal Route, fare_type: AC}]"
Kinniya,Awissawella,1560.0,"[:Fare {fare: 1560.0, route_id: route_db78ea66_373_1767932356, route_type: Normal Route, fare_type: AC}]"
Kinniya,Galigamuwa,1305.0,"[:Fare {fare: 1305.0, route_id: route_db78ea66_375_1767932356, route_type: Normal Route, fare_type: AC}]"
Kinniya,Nittabuwa,1285.0,"[:Fare {fare: 1285.0, route_id: route_db78ea66_103_1767932356, route_type: Normal Route, fare_type: AC}]"
Kinniya,Habarana,535.0,"[:Fare {fare: 535.0, route_id: route_db78ea66_111_1767932356, route_type: Normal Route, fare_type: AC}]"
Kinniya,Kiribathgoda,1435.0,"[:Fare {fare: 1435.0, route_id: route_db78ea66_101_1767932356, route_type: Normal Route, fare_type: AC}]"
Kinniya,Yakkala,1340.0,"[:Fare {fare: 1340.0, route_id: route_db78ea66_102_1767932356, route_type: Normal Route, fare_type: AC}]"
Kinniya,Warakapola,1195.0,"[:Fare {fare: 1195.0, route_id: route_db78ea66_104_1767932356, route_type: Normal Route, fare_type: AC}]"
Kinniya,Polgahawela,1100.0,"[:Fare {fare: 1100.0, route_id: route_db78ea66_105_1767932356, route_type: Normal Route, fare_type: AC}]"
Kinniya,Kegalle,1270.0,"[:Fare {fare: 1270.0, route_id: route_db78ea66_376_1767932356, route_type: Normal Route, fare_type: AC}]"
Kinniya,Katugastota,1140.0,"[:Fare {fare: 1140.0, route_id: route_db78ea66_378_1767932356, route_type: Normal Route, fare_type: AC}]"
Kinniya,Akurana,995.0,"[:Fare {fare: 995.0, route_id: route_db78ea66_380_1767932356, route_type: Normal Route, fare_type: AC}]"
Kinniya,Ibbagamuwa,900.0,"[:Fare {fare: 900.0, route_id: route_db78ea66_107_1767932356, route_type: Normal Route, fare_type: AC}]"
Kinniya,Malsiripura,830.0,"[:Fare {fare: 830.0, route_id: route_db78ea66_108_1767932356, route_type: Normal Route, fare_type: AC}]"
Kinniya,Galewela,755.0,"[:Fare {fare: 755.0, route_id: route_db78ea66_109_1767932356, route_type: Normal Route, fare_type: AC}]"
Kinniya,Nugegoda,1820.0,"[:Fare {fare: 1820.0, route_id: route_db78ea66_370_1767932356, route_type: Normal Route, fare_type: AC}]"
Kinniya,Galoya Junction,460.0,"[:Fare {fare: 460.0, route_id: route_db78ea66_112_1767932356, route_type: Normal Route, fare_type: AC}]"
Kinniya,Kanthale,280.0,"[:Fare {fare: 280.0, route_id: route_db78ea66_113_1767932356, route_type: Normal Route, fare_type: AC}]"
Kinniya,Thambalagamuwa,165.0,"[:Fare {fare: 165.0, route_id: route_db78ea66_388_1767932356, route_type: Normal Route, fare_type: AC}]"
Kinniya,Aguruwalla,1435.0,"[:Fare {fare: 1435.0, route_id: route_db78ea66_374_1767932356, route_type: Normal Route, fare_type: AC}]"
Kinniya,Makumbura,1770.0,"[:Fare {fare: 1770.0, route_id: route_db78ea66_371_1767932356, route_type: Normal Route, fare_type: AC}]"
Kinniya,Kaluaggala,1645.0,"[:Fare {fare: 1645.0, route_id: route_db78ea66_372_1767932356, route_type: Normal Route, fare_type: AC}]"
Kinniya,Galpoththa police cheakpoint,360.0,"[:Fare {fare: 360.0, route_id: route_db78ea66_386_1767932356, route_type: Normal Route, fare_type: AC}]"
Kinniya,Surangal Junction,100.0,"[:Fare {fare: 100.0, route_id: route_db78ea66_389_1767932356, route_type: Normal Route, fare_type: AC}]"
Wariyapola,Nittabuwa,490.0,"[:Fare {fare: 490.0, route_id: route_db78ea66_153_1767932356, route_type: Normal Route, fare_type: AC}]"
Wariyapola,Kiribathgoda,645.0,"[:Fare {fare: 645.0, route_id: route_db78ea66_151_1767932356, route_type: Normal Route, fare_type: AC}]"
Wariyapola,Yakkala,550.0,"[:Fare {fare: 550.0, route_id: route_db78ea66_152_1767932356, route_type: Normal Route, fare_type: AC}]"
Wariyapola,Warakapola,400.0,"[:Fare {fare: 400.0, route_id: route_db78ea66_154_1767932356, route_type: Normal Route, fare_type: AC}]"
Wariyapola,Polgahawela,300.0,"[:Fare {fare: 300.0, route_id: route_db78ea66_155_1767932356, route_type: Normal Route, fare_type: AC}]"
Dhaladagama,Nittabuwa,620.0,"[:Fare {fare: 620.0, route_id: route_db78ea66_160_1767932356, route_type: Normal Route, fare_type: AC}]"
Dhaladagama,Kiribathgoda,780.0,"[:Fare {fare: 780.0, route_id: route_db78ea66_158_1767932356, route_type: Normal Route, fare_type: AC}]"
Dhaladagama,Yakkala,680.0,"[:Fare {fare: 680.0, route_id: route_db78ea66_159_1767932356, route_type: Normal Route, fare_type: AC}]"
Dhaladagama,Warakapola,535.0,"[:Fare {fare: 535.0, route_id: route_db78ea66_161_1767932356, route_type: Normal Route, fare_type: AC}]"
Dhaladagama,Polgahawela,435.0,"[:Fare {fare: 435.0, route_id: route_db78ea66_162_1767932356, route_type: Normal Route, fare_type: AC}]"
Dhaladagama,Wariyapola,210.0,"[:Fare {fare: 210.0, route_id: route_db78ea66_164_1767932356, route_type: Normal Route, fare_type: AC}]"
Imaduwa,Mount Lavinia,780.0,"[:Fare {fare: 780.0, route_id: route_db78ea66_323_1767932356, route_type: Normal Route, fare_type: AC}]"
Imaduwa,Panadura,700.0,"[:Fare {fare: 700.0, route_id: route_db78ea66_324_1767932356, route_type: Normal Route, fare_type: AC}]"
Imaduwa,Kalutara,615.0,"[:Fare {fare: 615.0, route_id: route_db78ea66_325_1767932356, route_type: Normal Route, fare_type: AC}]"
Imaduwa,Aluthgama,510.0,"[:Fare {fare: 510.0, route_id: route_db78ea66_326_1767932356, route_type: Normal Route, fare_type: AC}]"
Imaduwa,Balapitiya,415.0,"[:Fare {fare: 415.0, route_id: route_db78ea66_327_1767932356, route_type: Normal Route, fare_type: AC}]"
Imaduwa,Ambalangoda,380.0,"[:Fare {fare: 380.0, route_id: route_db78ea66_328_1767932356, route_type: Normal Route, fare_type: AC}]"
Imaduwa,Hikkaduwa,315.0,"[:Fare {fare: 315.0, route_id: route_db78ea66_329_1767932356, route_type: Normal Route, fare_type: AC}]"
Akurassa,Mount Lavinia,855.0,"[:Fare {fare: 855.0, route_id: route_db78ea66_332_1767932356, route_type: Normal Route, fare_type: AC}]"
Akurassa,Panadura,780.0,"[:Fare {fare: 780.0, route_id: route_db78ea66_333_1767932356, route_type: Normal Route, fare_type: AC}]"
Akurassa,Kalutara,690.0,"[:Fare {fare: 690.0, route_id: route_db78ea66_334_1767932356, route_type: Normal Route, fare_type: AC}]"
Akurassa,Aluthgama,590.0,"[:Fare {fare: 590.0, route_id: route_db78ea66_335_1767932356, route_type: Normal Route, fare_type: AC}]"
Akurassa,Balapitiya,490.0,"[:Fare {fare: 490.0, route_id: route_db78ea66_336_1767932356, route_type: Normal Route, fare_type: AC}]"
Akurassa,Ambalangoda,460.0,"[:Fare {fare: 460.0, route_id: route_db78ea66_337_1767932356, route_type: Normal Route, fare_type: AC}]"
Akurassa,Hikkaduwa,390.0,"[:Fare {fare: 390.0, route_id: route_db78ea66_338_1767932356, route_type: Normal Route, fare_type: AC}]"
Akurassa,Imaduwa,160.0,"[:Fare {fare: 160.0, route_id: route_db78ea66_340_1767932356, route_type: Normal Route, fare_type: AC}]"
Morawaka,Mount Lavinia,1020.0,"[:Fare {fare: 1020.0, route_id: route_db78ea66_342_1767932356, route_type: Normal Route, fare_type: AC}]"
Morawaka,Panadura,940.0,"[:Fare {fare: 940.0, route_id: route_db78ea66_343_1767932356, route_type: Normal Route, fare_type: AC}]"
Morawaka,Kalutara,855.0,"[:Fare {fare: 855.0, route_id: route_db78ea66_344_1767932356, route_type: Normal Route, fare_type: AC}]"
Morawaka,Aluthgama,755.0,"[:Fare {fare: 755.0, route_id: route_db78ea66_345_1767932356, route_type: Normal Route, fare_type: AC}]"
Morawaka,Balapitiya,660.0,"[:Fare {fare: 660.0, route_id: route_db78ea66_346_1767932356, route_type: Normal Route, fare_type: AC}]"
Morawaka,Ambalangoda,620.0,"[:Fare {fare: 620.0, route_id: route_db78ea66_347_1767932356, route_type: Normal Route, fare_type: AC}]"
Morawaka,Hikkaduwa,555.0,"[:Fare {fare: 555.0, route_id: route_db78ea66_348_1767932356, route_type: Normal Route, fare_type: AC}]"
Morawaka,Imaduwa,320.0,"[:Fare {fare: 320.0, route_id: route_db78ea66_350_1767932356, route_type: Normal Route, fare_type: AC}]"
Morawaka,Akurassa,245.0,"[:Fare {fare: 245.0, route_id: route_db78ea66_351_1767932356, route_type: Normal Route, fare_type: AC}]"
Deniyaya,Mount Lavinia,1130.0,"[:Fare {fare: 1130.0, route_id: route_db78ea66_353_1767932356, route_type: Normal Route, fare_type: AC}]"
Deniyaya,Panadura,1050.0,"[:Fare {fare: 1050.0, route_id: route_db78ea66_354_1767932356, route_type: Normal Route, fare_type: AC}]"
Deniyaya,Kalutara,965.0,"[:Fare {fare: 965.0, route_id: route_db78ea66_355_1767932356, route_type: Normal Route, fare_type: AC}]"
Deniyaya,Aluthgama,865.0,"[:Fare {fare: 865.0, route_id: route_db78ea66_356_1767932356, route_type: Normal Route, fare_type: AC}]"
Deniyaya,Balapitiya,765.0,"[:Fare {fare: 765.0, route_id: route_db78ea66_357_1767932356, route_type: Normal Route, fare_type: AC}]"
Deniyaya,Ambalangoda,735.0,"[:Fare {fare: 735.0, route_id: route_db78ea66_358_1767932356, route_type: Normal Route, fare_type: AC}]"
Deniyaya,Hikkaduwa,670.0,"[:Fare {fare: 670.0, route_id: route_db78ea66_359_1767932356, route_type: Normal Route, fare_type: AC}]"
Deniyaya,Imaduwa,435.0,"[:Fare {fare: 435.0, route_id: route_db78ea66_361_1767932356, route_type: Normal Route, fare_type: AC}]"
Deniyaya,Akurassa,360.0,"[:Fare {fare: 360.0, route_id: route_db78ea66_362_1767932356, route_type: Normal Route, fare_type: AC}]"
Deniyaya,Morawaka,190.0,"[:Fare {fare: 190.0, route_id: route_db78ea66_363_1767932356, route_type: Normal Route, fare_type: AC}]"
Aguruwalla,Awissawella,200.0,"[:Fare {fare: 200.0, route_id: route_db78ea66_439_1767932356, route_type: Normal Route, fare_type: AC}]"
Aguruwalla,Ahaliyagoda,280.0,"[:Fare {fare: 280.0, route_id: route_db78ea66_438_1767932356, route_type: Normal Route, fare_type: AC}]"
Aguruwalla,Ratnapura,460.0,"[:Fare {fare: 460.0, route_id: route_db78ea66_437_1767932356, route_type: Normal Route, fare_type: AC}]"
Aguruwalla,Palmadulla,570.0,"[:Fare {fare: 570.0, route_id: route_db78ea66_436_1767932356, route_type: Normal Route, fare_type: AC}]"
Aguruwalla,Godakawela,700.0,"[:Fare {fare: 700.0, route_id: route_db78ea66_435_1767932356, route_type: Normal Route, fare_type: AC}]"
Aguruwalla,Ambilipitiya,890.0,"[:Fare {fare: 890.0, route_id: route_db78ea66_434_1767932356, route_type: Normal Route, fare_type: AC}]"
Aguruwalla,Nugegoda,470.0,"[:Fare {fare: 470.0, route_id: route_db78ea66_170_1767932356, route_type: Normal Route, fare_type: AC}]"
Aguruwalla,Makumbura,415.0,"[:Fare {fare: 415.0, route_id: route_db78ea66_171_1767932356, route_type: Normal Route, fare_type: AC}]"
Aguruwalla,Kaluaggala,290.0,"[:Fare {fare: 290.0, route_id: route_db78ea66_172_1767932356, route_type: Normal Route, fare_type: AC}]"
Pussallawa,Mawanalla,390.0,"[:Fare {fare: 390.0, route_id: route_db78ea66_192_1767932356, route_type: Normal Route, fare_type: AC}]"
Pussallawa,Nittabuwa,690.0,"[:Fare {fare: 690.0, route_id: route_db78ea66_189_1767932356, route_type: Normal Route, fare_type: AC}]"
Pussallawa,Kiribathgoda,845.0,"[:Fare {fare: 845.0, route_id: route_db78ea66_187_1767932356, route_type: Normal Route, fare_type: AC}]"
Pussallawa,Yakkala,745.0,"[:Fare {fare: 745.0, route_id: route_db78ea66_188_1767932356, route_type: Normal Route, fare_type: AC}]"
Pussallawa,Warakapola,600.0,"[:Fare {fare: 600.0, route_id: route_db78ea66_190_1767932356, route_type: Normal Route, fare_type: AC}]"
Pussallawa,Kegalle,470.0,"[:Fare {fare: 470.0, route_id: route_db78ea66_191_1767932356, route_type: Normal Route, fare_type: AC}]"
Pussallawa,Kegalle,470.0,"[:Fare {fare: 470.0, route_id: route_db78ea66_257_1767932356, route_type: Normal Route, fare_type: AC}]"
Pussallawa,Peradeniya,280.0,"[:Fare {fare: 280.0, route_id: route_db78ea66_193_1767932356, route_type: Normal Route, fare_type: AC}]"
Pussallawa,Gampola,200.0,"[:Fare {fare: 200.0, route_id: route_db78ea66_194_1767932356, route_type: Normal Route, fare_type: AC}]"
Labukale,Mawanalla,570.0,"[:Fare {fare: 570.0, route_id: route_db78ea66_201_1767932356, route_type: Normal Route, fare_type: AC}]"
Labukale,Nittabuwa,865.0,"[:Fare {fare: 865.0, route_id: route_db78ea66_198_1767932356, route_type: Normal Route, fare_type: AC}]"
Labukale,Kiribathgoda,1020.0,"[:Fare {fare: 1020.0, route_id: route_db78ea66_196_1767932356, route_type: Normal Route, fare_type: AC}]"
Labukale,Yakkala,920.0,"[:Fare {fare: 920.0, route_id: route_db78ea66_197_1767932356, route_type: Normal Route, fare_type: AC}]"
Labukale,Warakapola,780.0,"[:Fare {fare: 780.0, route_id: route_db78ea66_199_1767932356, route_type: Normal Route, fare_type: AC}]"
Labukale,Kegalle,645.0,"[:Fare {fare: 645.0, route_id: route_db78ea66_200_1767932356, route_type: Normal Route, fare_type: AC}]"
Labukale,Kegalle,645.0,"[:Fare {fare: 645.0, route_id: route_db78ea66_266_1767932356, route_type: Normal Route, fare_type: AC}]"
Labukale,Peradeniya,460.0,"[:Fare {fare: 460.0, route_id: route_db78ea66_202_1767932356, route_type: Normal Route, fare_type: AC}]"
Labukale,Gampola,380.0,"[:Fare {fare: 380.0, route_id: route_db78ea66_203_1767932356, route_type: Normal Route, fare_type: AC}]"
Labukale,Pussallawa,255.0,"[:Fare {fare: 255.0, route_id: route_db78ea66_204_1767932356, route_type: Normal Route, fare_type: AC}]"
Haggala,Mawanalla,715.0,"[:Fare {fare: 715.0, route_id: route_db78ea66_288_1767932356, route_type: Normal Route, fare_type: AC}]"
Haggala,Nuwaraeliya,140.0,"[:Fare {fare: 140.0, route_id: route_db78ea66_293_1767932356, route_type: Normal Route, fare_type: AC}]"
Haggala,Nittabuwa,1010.0,"[:Fare {fare: 1010.0, route_id: route_db78ea66_285_1767932356, route_type: Normal Route, fare_type: AC}]"
Haggala,Kiribathgoda,1160.0,"[:Fare {fare: 1160.0, route_id: route_db78ea66_283_1767932356, route_type: Normal Route, fare_type: AC}]"
Haggala,Yakkala,1060.0,"[:Fare {fare: 1060.0, route_id: route_db78ea66_284_1767932356, route_type: Normal Route, fare_type: AC}]"
Haggala,Warakapola,920.0,"[:Fare {fare: 920.0, route_id: route_db78ea66_286_1767932356, route_type: Normal Route, fare_type: AC}]"
Haggala,Kegalle,790.0,"[:Fare {fare: 790.0, route_id: route_db78ea66_287_1767932356, route_type: Normal Route, fare_type: AC}]"
Haggala,Peradeniya,600.0,"[:Fare {fare: 600.0, route_id: route_db78ea66_289_1767932356, route_type: Normal Route, fare_type: AC}]"
Haggala,Gampola,525.0,"[:Fare {fare: 525.0, route_id: route_db78ea66_290_1767932356, route_type: Normal Route, fare_type: AC}]"
Haggala,Pussallawa,400.0,"[:Fare {fare: 400.0, route_id: route_db78ea66_291_1767932356, route_type: Normal Route, fare_type: AC}]"
Haggala,Labukale,225.0,"[:Fare {fare: 225.0, route_id: route_db78ea66_292_1767932356, route_type: Normal Route, fare_type: AC}]"
Walimada,Mawanalla,820.0,"[:Fare {fare: 820.0, route_id: route_db78ea66_300_1767932356, route_type: Normal Route, fare_type: AC}]"
Walimada,Nuwaraeliya,255.0,"[:Fare {fare: 255.0, route_id: route_db78ea66_305_1767932356, route_type: Normal Route, fare_type: AC}]"
Walimada,Nittabuwa,1120.0,"[:Fare {fare: 1120.0, route_id: route_db78ea66_297_1767932356, route_type: Normal Route, fare_type: AC}]"
Walimada,Kiribathgoda,1270.0,"[:Fare {fare: 1270.0, route_id: route_db78ea66_295_1767932356, route_type: Normal Route, fare_type: AC}]"
Walimada,Yakkala,1175.0,"[:Fare {fare: 1175.0, route_id: route_db78ea66_296_1767932356, route_type: Normal Route, fare_type: AC}]"
Walimada,Warakapola,1030.0,"[:Fare {fare: 1030.0, route_id: route_db78ea66_298_1767932356, route_type: Normal Route, fare_type: AC}]"
Walimada,Kegalle,900.0,"[:Fare {fare: 900.0, route_id: route_db78ea66_299_1767932356, route_type: Normal Route, fare_type: AC}]"
Walimada,Peradeniya,715.0,"[:Fare {fare: 715.0, route_id: route_db78ea66_301_1767932356, route_type: Normal Route, fare_type: AC}]"
Walimada,Gampola,635.0,"[:Fare {fare: 635.0, route_id: route_db78ea66_302_1767932356, route_type: Normal Route, fare_type: AC}]"
Walimada,Pussallawa,510.0,"[:Fare {fare: 510.0, route_id: route_db78ea66_303_1767932356, route_type: Normal Route, fare_type: AC}]"
Walimada,Labukale,335.0,"[:Fare {fare: 335.0, route_id: route_db78ea66_304_1767932356, route_type: Normal Route, fare_type: AC}]"
Walimada,Haggala,190.0,"[:Fare {fare: 190.0, route_id: route_db78ea66_306_1767932356, route_type: Normal Route, fare_type: AC}]"
Nadunkarni,Mundalama,1160.0,"[:Fare {fare: 1160.0, route_id: route_db78ea66_376_1767932356, route_type: Normal Route, fare_type: AC}]"
Nadunkarni,Nochchiyagama,755.0,"[:Fare {fare: 755.0, route_id: route_db78ea66_379_1767932356, route_type: Normal Route, fare_type: AC}]"
Nadunkarni,Anuradhapura,620.0,"[:Fare {fare: 620.0, route_id: route_db78ea66_380_1767932356, route_type: Normal Route, fare_type: AC}]"
Nadunkarni,Medawachchiya,470.0,"[:Fare {fare: 470.0, route_id: route_db78ea66_381_1767932356, route_type: Normal Route, fare_type: AC}]"
Nadunkarni,Kalaoya,845.0,"[:Fare {fare: 845.0, route_id: route_db78ea66_378_1767932356, route_type: Normal Route, fare_type: AC}]"
Nadunkarni,Vavuniya,335.0,"[:Fare {fare: 335.0, route_id: route_db78ea66_382_1767932356, route_type: Normal Route, fare_type: AC}]"
Nadunkarni,Omanthe,255.0,"[:Fare {fare: 255.0, route_id: route_db78ea66_383_1767932356, route_type: Normal Route, fare_type: AC}]"
Nadunkarni,Chilaw,1305.0,"[:Fare {fare: 1305.0, route_id: route_db78ea66_375_1767932356, route_type: Normal Route, fare_type: AC}]"
Nadunkarni,Thelwatta,1535.0,"[:Fare {fare: 1535.0, route_id: route_db78ea66_374_1767932356, route_type: Normal Route, fare_type: AC}]"
Nadunkarni,Puttalam,1020.0,"[:Fare {fare: 1020.0, route_id: route_db78ea66_377_1767932356, route_type: Normal Route, fare_type: AC}]"
Nadunkarni,Puliyankulama,190.0,"[:Fare {fare: 190.0, route_id: route_db78ea66_384_1767932356, route_type: Normal Route, fare_type: AC}]"
Pulamurippu School,Mundalama,1260.0,"[:Fare {fare: 1260.0, route_id: route_db78ea66_388_1767932356, route_type: Normal Route, fare_type: AC}]"
Pulamurippu School,Nochchiyagama,855.0,"[:Fare {fare: 855.0, route_id: route_db78ea66_391_1767932356, route_type: Normal Route, fare_type: AC}]"
Pulamurippu School,Anuradhapura,725.0,"[:Fare {fare: 725.0, route_id: route_db78ea66_392_1767932356, route_type: Normal Route, fare_type: AC}]"
Pulamurippu School,Medawachchiya,570.0,"[:Fare {fare: 570.0, route_id: route_db78ea66_393_1767932356, route_type: Normal Route, fare_type: AC}]"
Pulamurippu School,Kalaoya,940.0,"[:Fare {fare: 940.0, route_id: route_db78ea66_390_1767932356, route_type: Normal Route, fare_type: AC}]"
Pulamurippu School,Vavuniya,435.0,"[:Fare {fare: 435.0, route_id: route_db78ea66_394_1767932356, route_type: Normal Route, fare_type: AC}]"
Pulamurippu School,Omanthe,360.0,"[:Fare {fare: 360.0, route_id: route_db78ea66_395_1767932356, route_type: Normal Route, fare_type: AC}]"
Pulamurippu School,Chilaw,1405.0,"[:Fare {fare: 1405.0, route_id: route_db78ea66_387_1767932356, route_type: Normal Route, fare_type: AC}]"
Pulamurippu School,Thelwatta,1635.0,"[:Fare {fare: 1635.0, route_id: route_db78ea66_386_1767932356, route_type: Normal Route, fare_type: AC}]"
Pulamurippu School,Puttalam,1120.0,"[:Fare {fare: 1120.0, route_id: route_db78ea66_389_1767932356, route_type: Normal Route, fare_type: AC}]"
Pulamurippu School,Puliyankulama,290.0,"[:Fare {fare: 290.0, route_id: route_db78ea66_396_1767932356, route_type: Normal Route, fare_type: AC}]"
Pulamurippu School,Nadunkarni,180.0,"[:Fare {fare: 180.0, route_id: route_db78ea66_397_1767932356, route_type: Normal Route, fare_type: AC}]"
Mulathiw,Mundalama,1370.0,"[:Fare {fare: 1370.0, route_id: route_db78ea66_401_1767932356, route_type: Normal Route, fare_type: AC}]"
Mulathiw,Nochchiyagama,965.0,"[:Fare {fare: 965.0, route_id: route_db78ea66_404_1767932356, route_type: Normal Route, fare_type: AC}]"
Mulathiw,Anuradhapura,830.0,"[:Fare {fare: 830.0, route_id: route_db78ea66_405_1767932356, route_type: Normal Route, fare_type: AC}]"
Mulathiw,Medawachchiya,680.0,"[:Fare {fare: 680.0, route_id: route_db78ea66_406_1767932356, route_type: Normal Route, fare_type: AC}]"
Mulathiw,Kalaoya,1050.0,"[:Fare {fare: 1050.0, route_id: route_db78ea66_403_1767932356, route_type: Normal Route, fare_type: AC}]"
Mulathiw,Vavuniya,550.0,"[:Fare {fare: 550.0, route_id: route_db78ea66_407_1767932356, route_type: Normal Route, fare_type: AC}]"
Mulathiw,Omanthe,470.0,"[:Fare {fare: 470.0, route_id: route_db78ea66_408_1767932356, route_type: Normal Route, fare_type: AC}]"
Mulathiw,Chilaw,1515.0,"[:Fare {fare: 1515.0, route_id: route_db78ea66_400_1767932356, route_type: Normal Route, fare_type: AC}]"
Mulathiw,Thelwatta,1745.0,"[:Fare {fare: 1745.0, route_id: route_db78ea66_399_1767932356, route_type: Normal Route, fare_type: AC}]"
Mulathiw,Puttalam,1225.0,"[:Fare {fare: 1225.0, route_id: route_db78ea66_402_1767932356, route_type: Normal Route, fare_type: AC}]"
Mulathiw,Puliyankulama,400.0,"[:Fare {fare: 400.0, route_id: route_db78ea66_409_1767932356, route_type: Normal Route, fare_type: AC}]"
Mulathiw,Nadunkarni,290.0,"[:Fare {fare: 290.0, route_id: route_db78ea66_410_1767932356, route_type: Normal Route, fare_type: AC}]"
Mulathiw,Pulamurippu School,190.0,"[:Fare {fare: 190.0, route_id: route_db78ea66_411_1767932356, route_type: Normal Route, fare_type: AC}]"
Dehiwala,Panadura,165.0,"[:Fare {fare: 165.0, route_id: route_db78ea66_318_1767932356, route_type: Normal Route, fare_type: AC}]"
Dehiwala,Matara,1040.0,"[:Fare {fare: 1040.0, service_type: Super Luxury, route_type: Southern Expressway, created_at: 2026-01-09T11:02:19.698000000Z, source: Expressway Fare Ad - 2024-10-02, fare_type: AC}]"
18 Kanuwa,Panadura,365.0,"[:Fare {fare: 365.0, route_id: route_db78ea66_321_1767932356, route_type: Normal Route, fare_type: AC}]"
18 Kanuwa,Narahenpita,245.0,"[:Fare {fare: 245.0, route_id: route_db78ea66_323_1767932356, route_type: Normal Route, fare_type: AC}]"
18 Kanuwa,Moratuwa,335.0,"[:Fare {fare: 335.0, route_id: route_db78ea66_219_1767932356, route_type: Normal Route, fare_type: AC}]"
18 Kanuwa,Dehiwala,280.0,"[:Fare {fare: 280.0, route_id: route_db78ea66_322_1767932356, route_type: Normal Route, fare_type: AC}]"
Karuwalagaswawe,Mundalama,300.0,"[:Fare {fare: 300.0, route_id: route_db78ea66_361_1767932356, route_type: Normal Route, fare_type: AC}]"
Karuwalagaswawe,Panadura,995.0,"[:Fare {fare: 995.0, route_id: route_db78ea66_354_1767932356, route_type: Normal Route, fare_type: AC}]"
Karuwalagaswawe,Marawila,535.0,"[:Fare {fare: 535.0, route_id: route_db78ea66_359_1767932356, route_type: Normal Route, fare_type: AC}]"
Karuwalagaswawe,Chilaw,445.0,"[:Fare {fare: 445.0, route_id: route_db78ea66_360_1767932356, route_type: Normal Route, fare_type: AC}]"
Karuwalagaswawe,Thelwatta,680.0,"[:Fare {fare: 680.0, route_id: route_db78ea66_358_1767932356, route_type: Normal Route, fare_type: AC}]"
Karuwalagaswawe,Puttalam,160.0,"[:Fare {fare: 160.0, route_id: route_db78ea66_362_1767932356, route_type: Normal Route, fare_type: AC}]"
Karuwalagaswawe,Narahenpita,875.0,"[:Fare {fare: 875.0, route_id: route_db78ea66_356_1767932356, route_type: Normal Route, fare_type: AC}]"
Karuwalagaswawe,Moratuwa,965.0,"[:Fare {fare: 965.0, route_id: route_db78ea66_246_1767932356, route_type: Normal Route, fare_type: AC}]"
Karuwalagaswawe,Dehiwala,910.0,"[:Fare {fare: 910.0, route_id: route_db78ea66_355_1767932356, route_type: Normal Route, fare_type: AC}]"
Karuwalagaswawe,18 Kanuwa,715.0,"[:Fare {fare: 715.0, route_id: route_db78ea66_357_1767932356, route_type: Normal Route, fare_type: AC}]"
Thririyaya Junction,Trincomalee,210.0,"[:Fare {fare: 210.0, route_id: route_db78ea66_428_1767932356, route_type: Normal Route, fare_type: AC}]"
Horowpathana,Trincomalee,365.0,"[:Fare {fare: 365.0, route_id: route_db78ea66_429_1767932356, route_type: Normal Route, fare_type: AC}]"
Horowpathana,Thririyaya Junction,240.0,"[:Fare {fare: 240.0, route_id: route_db78ea66_430_1767932356, route_type: Normal Route, fare_type: AC}]"
Thanamalwila,Kaduwela,1100.0,"[:Fare {fare: 1100.0, route_id: route_db78ea66_48_1767932356, route_type: Normal Route, fare_type: AC}]"
Thanamalwila,Awissawella,940.0,"[:Fare {fare: 940.0, route_id: route_db78ea66_49_1767932356, route_type: Normal Route, fare_type: AC}]"
Thanamalwila,Ahaliyagoda,865.0,"[:Fare {fare: 865.0, route_id: route_db78ea66_50_1767932356, route_type: Normal Route, fare_type: AC}]"
Thanamalwila,Kuruwita,765.0,"[:Fare {fare: 765.0, route_id: route_db78ea66_51_1767932356, route_type: Normal Route, fare_type: AC}]"
Thanamalwila,Ratnapura,700.0,"[:Fare {fare: 700.0, route_id: route_db78ea66_52_1767932356, route_type: Normal Route, fare_type: AC}]"
Thanamalwila,Palmadulla,580.0,"[:Fare {fare: 580.0, route_id: route_db78ea66_53_1767932356, route_type: Normal Route, fare_type: AC}]"
Thanamalwila,Godakawela,445.0,"[:Fare {fare: 445.0, route_id: route_db78ea66_54_1767932356, route_type: Normal Route, fare_type: AC}]"
Thanamalwila,Udawalawa Junction,320.0,"[:Fare {fare: 320.0, route_id: route_db78ea66_55_1767932356, route_type: Normal Route, fare_type: AC}]"
Thanamalwila,Wallampitiya,1150.0,"[:Fare {fare: 1150.0, route_id: route_db78ea66_47_1767932356, route_type: Normal Route, fare_type: AC}]"
Wallawaya,Kaduwela,1295.0,"[:Fare {fare: 1295.0, route_id: route_db78ea66_58_1767932356, route_type: Normal Route, fare_type: AC}]"
Wallawaya,Awissawella,1140.0,"[:Fare {fare: 1140.0, route_id: route_db78ea66_59_1767932356, route_type: Normal Route, fare_type: AC}]"
Wallawaya,Ahaliyagoda,1060.0,"[:Fare {fare: 1060.0, route_id: route_db78ea66_60_1767932356, route_type: Normal Route, fare_type: AC}]"
Wallawaya,Kuruwita,965.0,"[:Fare {fare: 965.0, route_id: route_db78ea66_61_1767932356, route_type: Normal Route, fare_type: AC}]"
Wallawaya,Ratnapura,900.0,"[:Fare {fare: 900.0, route_id: route_db78ea66_62_1767932356, route_type: Normal Route, fare_type: AC}]"
Wallawaya,Palmadulla,780.0,"[:Fare {fare: 780.0, route_id: route_db78ea66_63_1767932356, route_type: Normal Route, fare_type: AC}]"
Wallawaya,Godakawela,645.0,"[:Fare {fare: 645.0, route_id: route_db78ea66_64_1767932356, route_type: Normal Route, fare_type: AC}]"
Wallawaya,Udawalawa Junction,525.0,"[:Fare {fare: 525.0, route_id: route_db78ea66_65_1767932356, route_type: Normal Route, fare_type: AC}]"
Wallawaya,Wallampitiya,1350.0,"[:Fare {fare: 1350.0, route_id: route_db78ea66_57_1767932356, route_type: Normal Route, fare_type: AC}]"
Wallawaya,Thanamalwila,280.0,"[:Fare {fare: 280.0, route_id: route_db78ea66_66_1767932356, route_type: Normal Route, fare_type: AC}]"
Wallawaya,Monaragala,270.0,"[:Fare {fare: 270.0, route_id: route_db78ea66_226_1767932356, route_type: Normal Route, fare_type: AC}]"
Wallawaya,Siyabalanduwa,470.0,"[:Fare {fare: 470.0, route_id: route_db78ea66_224_1767932356, route_type: Normal Route, fare_type: AC}]"
Wallawaya,Lahugala Hospital,590.0,"[:Fare {fare: 590.0, route_id: route_db78ea66_223_1767932356, route_type: Normal Route, fare_type: AC}]"
Wallawaya,Dobagahawela,390.0,"[:Fare {fare: 390.0, route_id: route_db78ea66_225_1767932356, route_type: Normal Route, fare_type: AC}]"
Wallawaya,Buththala,165.0,"[:Fare {fare: 165.0, route_id: route_db78ea66_227_1767932356, route_type: Normal Route, fare_type: AC}]"
Wallawaya,Arugambe,690.0,"[:Fare {fare: 690.0, route_id: route_db78ea66_221_1767932356, route_type: Normal Route, fare_type: AC}]"
Monaragala,Kaduwela,1480.0,"[:Fare {fare: 1480.0, route_id: route_db78ea66_69_1767932356, route_type: Normal Route, fare_type: AC}]"
Monaragala,Awissawella,1330.0,"[:Fare {fare: 1330.0, route_id: route_db78ea66_70_1767932356, route_type: Normal Route, fare_type: AC}]"
Monaragala,Ahaliyagoda,1250.0,"[:Fare {fare: 1250.0, route_id: route_db78ea66_71_1767932356, route_type: Normal Route, fare_type: AC}]"
Monaragala,Kuruwita,1150.0,"[:Fare {fare: 1150.0, route_id: route_db78ea66_72_1767932356, route_type: Normal Route, fare_type: AC}]"
Monaragala,Ratnapura,1085.0,"[:Fare {fare: 1085.0, route_id: route_db78ea66_73_1767932356, route_type: Normal Route, fare_type: AC}]"
Monaragala,Palmadulla,965.0,"[:Fare {fare: 965.0, route_id: route_db78ea66_74_1767932356, route_type: Normal Route, fare_type: AC}]"
Monaragala,Godakawela,830.0,"[:Fare {fare: 830.0, route_id: route_db78ea66_75_1767932356, route_type: Normal Route, fare_type: AC}]"
Monaragala,Udawalawa Junction,715.0,"[:Fare {fare: 715.0, route_id: route_db78ea66_76_1767932356, route_type: Normal Route, fare_type: AC}]"
Monaragala,Wallampitiya,1535.0,"[:Fare {fare: 1535.0, route_id: route_db78ea66_68_1767932356, route_type: Normal Route, fare_type: AC}]"
Monaragala,Thanamalwila,470.0,"[:Fare {fare: 470.0, route_id: route_db78ea66_77_1767932356, route_type: Normal Route, fare_type: AC}]"
Monaragala,Wallawaya,270.0,"[:Fare {fare: 270.0, route_id: route_db78ea66_78_1767932356, route_type: Normal Route, fare_type: AC}]"
Monaragala,Siyabalanduwa,280.0,"[:Fare {fare: 280.0, route_id: route_db78ea66_213_1767932356, route_type: Normal Route, fare_type: AC}]"
Monaragala,Lahugala Hospital,400.0,"[:Fare {fare: 400.0, route_id: route_db78ea66_212_1767932356, route_type: Normal Route, fare_type: AC}]"
Monaragala,Dobagahawela,200.0,"[:Fare {fare: 200.0, route_id: route_db78ea66_214_1767932356, route_type: Normal Route, fare_type: AC}]"
Monaragala,Arugambe,500.0,"[:Fare {fare: 500.0, route_id: route_db78ea66_210_1767932356, route_type: Normal Route, fare_type: AC}]"
Siyabalanduwa,Kaduwela,1680.0,"[:Fare {fare: 1680.0, route_id: route_db78ea66_81_1767932356, route_type: Normal Route, fare_type: AC}]"
Siyabalanduwa,Awissawella,1525.0,"[:Fare {fare: 1525.0, route_id: route_db78ea66_82_1767932356, route_type: Normal Route, fare_type: AC}]"
Siyabalanduwa,Ahaliyagoda,1450.0,"[:Fare {fare: 1450.0, route_id: route_db78ea66_83_1767932356, route_type: Normal Route, fare_type: AC}]"
Siyabalanduwa,Kuruwita,1350.0,"[:Fare {fare: 1350.0, route_id: route_db78ea66_84_1767932356, route_type: Normal Route, fare_type: AC}]"
Siyabalanduwa,Ratnapura,1285.0,"[:Fare {fare: 1285.0, route_id: route_db78ea66_85_1767932356, route_type: Normal Route, fare_type: AC}]"
Siyabalanduwa,Palmadulla,1160.0,"[:Fare {fare: 1160.0, route_id: route_db78ea66_86_1767932356, route_type: Normal Route, fare_type: AC}]"
Siyabalanduwa,Godakawela,1030.0,"[:Fare {fare: 1030.0, route_id: route_db78ea66_87_1767932356, route_type: Normal Route, fare_type: AC}]"
Siyabalanduwa,Udawalawa Junction,910.0,"[:Fare {fare: 910.0, route_id: route_db78ea66_88_1767932356, route_type: Normal Route, fare_type: AC}]"
Siyabalanduwa,Wallampitiya,1730.0,"[:Fare {fare: 1730.0, route_id: route_db78ea66_80_1767932356, route_type: Normal Route, fare_type: AC}]"
Siyabalanduwa,Thanamalwila,670.0,"[:Fare {fare: 670.0, route_id: route_db78ea66_89_1767932356, route_type: Normal Route, fare_type: AC}]"
Siyabalanduwa,Wallawaya,470.0,"[:Fare {fare: 470.0, route_id: route_db78ea66_90_1767932356, route_type: Normal Route, fare_type: AC}]"
Siyabalanduwa,Monaragala,280.0,"[:Fare {fare: 280.0, route_id: route_db78ea66_91_1767932356, route_type: Normal Route, fare_type: AC}]"
Siyabalanduwa,Lahugala Hospital,200.0,"[:Fare {fare: 200.0, route_id: route_db78ea66_205_1767932356, route_type: Normal Route, fare_type: AC}]"
Siyabalanduwa,Arugambe,300.0,"[:Fare {fare: 300.0, route_id: route_db78ea66_203_1767932356, route_type: Normal Route, fare_type: AC}]"
Buddama junction,Kaduwela,1780.0,"[:Fare {fare: 1780.0, route_id: route_db78ea66_94_1767932356, route_type: Normal Route, fare_type: AC}]"
Buddama junction,Awissawella,1620.0,"[:Fare {fare: 1620.0, route_id: route_db78ea66_95_1767932356, route_type: Normal Route, fare_type: AC}]"
Buddama junction,Ahaliyagoda,1545.0,"[:Fare {fare: 1545.0, route_id: route_db78ea66_96_1767932356, route_type: Normal Route, fare_type: AC}]"
Buddama junction,Kuruwita,1450.0,"[:Fare {fare: 1450.0, route_id: route_db78ea66_97_1767932356, route_type: Normal Route, fare_type: AC}]"
Buddama junction,Ratnapura,1380.0,"[:Fare {fare: 1380.0, route_id: route_db78ea66_98_1767932356, route_type: Normal Route, fare_type: AC}]"
Buddama junction,Palmadulla,1260.0,"[:Fare {fare: 1260.0, route_id: route_db78ea66_99_1767932356, route_type: Normal Route, fare_type: AC}]"
Buddama junction,Godakawela,1130.0,"[:Fare {fare: 1130.0, route_id: route_db78ea66_100_1767932356, route_type: Normal Route, fare_type: AC}]"
Buddama junction,Udawalawa Junction,1010.0,"[:Fare {fare: 1010.0, route_id: route_db78ea66_101_1767932356, route_type: Normal Route, fare_type: AC}]"
Buddama junction,Wallampitiya,1835.0,"[:Fare {fare: 1835.0, route_id: route_db78ea66_93_1767932356, route_type: Normal Route, fare_type: AC}]"
Buddama junction,Thanamalwila,765.0,"[:Fare {fare: 765.0, route_id: route_db78ea66_102_1767932356, route_type: Normal Route, fare_type: AC}]"
Buddama junction,Wallawaya,570.0,"[:Fare {fare: 570.0, route_id: route_db78ea66_103_1767932356, route_type: Normal Route, fare_type: AC}]"
Buddama junction,Monaragala,380.0,"[:Fare {fare: 380.0, route_id: route_db78ea66_104_1767932356, route_type: Normal Route, fare_type: AC}]"
Buddama junction,Siyabalanduwa,180.0,"[:Fare {fare: 180.0, route_id: route_db78ea66_105_1767932356, route_type: Normal Route, fare_type: AC}]"
Wadinagala,Kaduwela,1845.0,"[:Fare {fare: 1845.0, route_id: route_db78ea66_108_1767932356, route_type: Normal Route, fare_type: AC}]"
Wadinagala,Awissawella,1690.0,"[:Fare {fare: 1690.0, route_id: route_db78ea66_109_1767932356, route_type: Normal Route, fare_type: AC}]"
Wadinagala,Ahaliyagoda,1610.0,"[:Fare {fare: 1610.0, route_id: route_db78ea66_110_1767932356, route_type: Normal Route, fare_type: AC}]"
Wadinagala,Kuruwita,1515.0,"[:Fare {fare: 1515.0, route_id: route_db78ea66_111_1767932356, route_type: Normal Route, fare_type: AC}]"
Wadinagala,Ratnapura,1450.0,"[:Fare {fare: 1450.0, route_id: route_db78ea66_112_1767932356, route_type: Normal Route, fare_type: AC}]"
Wadinagala,Palmadulla,1330.0,"[:Fare {fare: 1330.0, route_id: route_db78ea66_113_1767932356, route_type: Normal Route, fare_type: AC}]"
Wadinagala,Godakawela,1195.0,"[:Fare {fare: 1195.0, route_id: route_db78ea66_114_1767932356, route_type: Normal Route, fare_type: AC}]"
Wadinagala,Udawalawa Junction,1075.0,"[:Fare {fare: 1075.0, route_id: route_db78ea66_115_1767932356, route_type: Normal Route, fare_type: AC}]"
Wadinagala,Wallampitiya,1900.0,"[:Fare {fare: 1900.0, route_id: route_db78ea66_107_1767932356, route_type: Normal Route, fare_type: AC}]"
Wadinagala,Thanamalwila,830.0,"[:Fare {fare: 830.0, route_id: route_db78ea66_116_1767932356, route_type: Normal Route, fare_type: AC}]"
Wadinagala,Wallawaya,635.0,"[:Fare {fare: 635.0, route_id: route_db78ea66_117_1767932356, route_type: Normal Route, fare_type: AC}]"
Wadinagala,Monaragala,445.0,"[:Fare {fare: 445.0, route_id: route_db78ea66_118_1767932356, route_type: Normal Route, fare_type: AC}]"
Wadinagala,Siyabalanduwa,245.0,"[:Fare {fare: 245.0, route_id: route_db78ea66_119_1767932356, route_type: Normal Route, fare_type: AC}]"
Wadinagala,Buddama junction,140.0,"[:Fare {fare: 140.0, route_id: route_db78ea66_120_1767932356, route_type: Normal Route, fare_type: AC}]"
Higurana,Kaduwela,1955.0,"[:Fare {fare: 1955.0, route_id: route_db78ea66_123_1767932356, route_type: Normal Route, fare_type: AC}]"
Higurana,Awissawella,1800.0,"[:Fare {fare: 1800.0, route_id: route_db78ea66_124_1767932356, route_type: Normal Route, fare_type: AC}]"
Higurana,Ahaliyagoda,1725.0,"[:Fare {fare: 1725.0, route_id: route_db78ea66_125_1767932356, route_type: Normal Route, fare_type: AC}]"
Higurana,Kuruwita,1620.0,"[:Fare {fare: 1620.0, route_id: route_db78ea66_126_1767932356, route_type: Normal Route, fare_type: AC}]"
Higurana,Ratnapura,1560.0,"[:Fare {fare: 1560.0, route_id: route_db78ea66_127_1767932356, route_type: Normal Route, fare_type: AC}]"
Higurana,Palmadulla,1435.0,"[:Fare {fare: 1435.0, route_id: route_db78ea66_128_1767932356, route_type: Normal Route, fare_type: AC}]"
Higurana,Godakawela,1305.0,"[:Fare {fare: 1305.0, route_id: route_db78ea66_129_1767932356, route_type: Normal Route, fare_type: AC}]"
Higurana,Udawalawa Junction,1180.0,"[:Fare {fare: 1180.0, route_id: route_db78ea66_130_1767932356, route_type: Normal Route, fare_type: AC}]"
Higurana,Wallampitiya,2010.0,"[:Fare {fare: 2010.0, route_id: route_db78ea66_122_1767932356, route_type: Normal Route, fare_type: AC}]"
Higurana,Thanamalwila,940.0,"[:Fare {fare: 940.0, route_id: route_db78ea66_131_1767932356, route_type: Normal Route, fare_type: AC}]"
Higurana,Wallawaya,745.0,"[:Fare {fare: 745.0, route_id: route_db78ea66_132_1767932356, route_type: Normal Route, fare_type: AC}]"
Higurana,Monaragala,555.0,"[:Fare {fare: 555.0, route_id: route_db78ea66_133_1767932356, route_type: Normal Route, fare_type: AC}]"
Higurana,Siyabalanduwa,360.0,"[:Fare {fare: 360.0, route_id: route_db78ea66_134_1767932356, route_type: Normal Route, fare_type: AC}]"
Higurana,Buddama junction,255.0,"[:Fare {fare: 255.0, route_id: route_db78ea66_135_1767932356, route_type: Normal Route, fare_type: AC}]"
Higurana,Wadinagala,190.0,"[:Fare {fare: 190.0, route_id: route_db78ea66_136_1767932356, route_type: Normal Route, fare_type: AC}]"
Digawappi Junction,Kaduwela,2000.0,"[:Fare {fare: 2000.0, route_id: route_db78ea66_139_1767932356, route_type: Normal Route, fare_type: AC}]"
Digawappi Junction,Awissawella,1845.0,"[:Fare {fare: 1845.0, route_id: route_db78ea66_140_1767932356, route_type: Normal Route, fare_type: AC}]"
Digawappi Junction,Ahaliyagoda,1770.0,"[:Fare {fare: 1770.0, route_id: route_db78ea66_141_1767932356, route_type: Normal Route, fare_type: AC}]"
Digawappi Junction,Kuruwita,1665.0,"[:Fare {fare: 1665.0, route_id: route_db78ea66_142_1767932356, route_type: Normal Route, fare_type: AC}]"
Digawappi Junction,Ratnapura,1605.0,"[:Fare {fare: 1605.0, route_id: route_db78ea66_143_1767932356, route_type: Normal Route, fare_type: AC}]"
Digawappi Junction,Palmadulla,1480.0,"[:Fare {fare: 1480.0, route_id: route_db78ea66_144_1767932356, route_type: Normal Route, fare_type: AC}]"
Digawappi Junction,Godakawela,1350.0,"[:Fare {fare: 1350.0, route_id: route_db78ea66_145_1767932356, route_type: Normal Route, fare_type: AC}]"
Digawappi Junction,Udawalawa Junction,1225.0,"[:Fare {fare: 1225.0, route_id: route_db78ea66_146_1767932356, route_type: Normal Route, fare_type: AC}]"
Digawappi Junction,Wallampitiya,2050.0,"[:Fare {fare: 2050.0, route_id: route_db78ea66_138_1767932356, route_type: Normal Route, fare_type: AC}]"
Digawappi Junction,Thanamalwila,985.0,"[:Fare {fare: 985.0, route_id: route_db78ea66_147_1767932356, route_type: Normal Route, fare_type: AC}]"
Digawappi Junction,Wallawaya,790.0,"[:Fare {fare: 790.0, route_id: route_db78ea66_148_1767932356, route_type: Normal Route, fare_type: AC}]"
Digawappi Junction,Monaragala,600.0,"[:Fare {fare: 600.0, route_id: route_db78ea66_149_1767932356, route_type: Normal Route, fare_type: AC}]"
Digawappi Junction,Siyabalanduwa,400.0,"[:Fare {fare: 400.0, route_id: route_db78ea66_150_1767932356, route_type: Normal Route, fare_type: AC}]"
Digawappi Junction,Buddama junction,300.0,"[:Fare {fare: 300.0, route_id: route_db78ea66_151_1767932356, route_type: Normal Route, fare_type: AC}]"
Digawappi Junction,Wadinagala,240.0,"[:Fare {fare: 240.0, route_id: route_db78ea66_152_1767932356, route_type: Normal Route, fare_type: AC}]"
Digawappi Junction,Higurana,100.0,"[:Fare {fare: 100.0, route_id: route_db78ea66_153_1767932356, route_type: Normal Route, fare_type: AC}]"
Brown Junction,Kaduwela,2010.0,"[:Fare {fare: 2010.0, route_id: route_db78ea66_424_1767932356, route_type: Normal Route, fare_type: AC}]"
Brown Junction,Awissawella,1855.0,"[:Fare {fare: 1855.0, route_id: route_db78ea66_425_1767932356, route_type: Normal Route, fare_type: AC}]"
Brown Junction,Ahaliyagoda,1780.0,"[:Fare {fare: 1780.0, route_id: route_db78ea66_426_1767932356, route_type: Normal Route, fare_type: AC}]"
Brown Junction,Kuruwita,1680.0,"[:Fare {fare: 1680.0, route_id: route_db78ea66_427_1767932356, route_type: Normal Route, fare_type: AC}]"
Brown Junction,Ratnapura,1610.0,"[:Fare {fare: 1610.0, route_id: route_db78ea66_428_1767932356, route_type: Normal Route, fare_type: AC}]"
Brown Junction,Palmadulla,1490.0,"[:Fare {fare: 1490.0, route_id: route_db78ea66_429_1767932356, route_type: Normal Route, fare_type: AC}]"
Brown Junction,Godakawela,1360.0,"[:Fare {fare: 1360.0, route_id: route_db78ea66_430_1767932356, route_type: Normal Route, fare_type: AC}]"
Brown Junction,Udawalawa Junction,1240.0,"[:Fare {fare: 1240.0, route_id: route_db78ea66_431_1767932356, route_type: Normal Route, fare_type: AC}]"
Brown Junction,Wallampitiya,2065.0,"[:Fare {fare: 2065.0, route_id: route_db78ea66_423_1767932356, route_type: Normal Route, fare_type: AC}]"
Brown Junction,Thanamalwila,995.0,"[:Fare {fare: 995.0, route_id: route_db78ea66_432_1767932356, route_type: Normal Route, fare_type: AC}]"
Brown Junction,Wallawaya,800.0,"[:Fare {fare: 800.0, route_id: route_db78ea66_433_1767932356, route_type: Normal Route, fare_type: AC}]"
Brown Junction,Monaragala,615.0,"[:Fare {fare: 615.0, route_id: route_db78ea66_434_1767932356, route_type: Normal Route, fare_type: AC}]"
Brown Junction,Siyabalanduwa,415.0,"[:Fare {fare: 415.0, route_id: route_db78ea66_435_1767932356, route_type: Normal Route, fare_type: AC}]"
Brown Junction,Buddama junction,315.0,"[:Fare {fare: 315.0, route_id: route_db78ea66_436_1767932356, route_type: Normal Route, fare_type: AC}]"
Brown Junction,Wadinagala,245.0,"[:Fare {fare: 245.0, route_id: route_db78ea66_437_1767932356, route_type: Normal Route, fare_type: AC}]"
Brown Junction,Higurana,120.0,"[:Fare {fare: 120.0, route_id: route_db78ea66_438_1767932356, route_type: Normal Route, fare_type: AC}]"
Malwatta,Kaduwela,2065.0,"[:Fare {fare: 2065.0, route_id: route_db78ea66_441_1767932356, route_type: Normal Route, fare_type: AC}]"
Malwatta,Awissawella,1910.0,"[:Fare {fare: 1910.0, route_id: route_db78ea66_442_1767932356, route_type: Normal Route, fare_type: AC}]"
Malwatta,Ahaliyagoda,1835.0,"[:Fare {fare: 1835.0, route_id: route_db78ea66_443_1767932356, route_type: Normal Route, fare_type: AC}]"
Malwatta,Kuruwita,1730.0,"[:Fare {fare: 1730.0, route_id: route_db78ea66_444_1767932356, route_type: Normal Route, fare_type: AC}]"
Malwatta,Ratnapura,1665.0,"[:Fare {fare: 1665.0, route_id: route_db78ea66_445_1767932356, route_type: Normal Route, fare_type: AC}]"
Malwatta,Palmadulla,1545.0,"[:Fare {fare: 1545.0, route_id: route_db78ea66_446_1767932356, route_type: Normal Route, fare_type: AC}]"
Malwatta,Godakawela,1415.0,"[:Fare {fare: 1415.0, route_id: route_db78ea66_447_1767932356, route_type: Normal Route, fare_type: AC}]"
Malwatta,Udawalawa Junction,1295.0,"[:Fare {fare: 1295.0, route_id: route_db78ea66_448_1767932356, route_type: Normal Route, fare_type: AC}]"
Malwatta,Wallampitiya,2120.0,"[:Fare {fare: 2120.0, route_id: route_db78ea66_440_1767932356, route_type: Normal Route, fare_type: AC}]"
Malwatta,Thanamalwila,1050.0,"[:Fare {fare: 1050.0, route_id: route_db78ea66_449_1767932356, route_type: Normal Route, fare_type: AC}]"
Malwatta,Wallawaya,855.0,"[:Fare {fare: 855.0, route_id: route_db78ea66_450_1767932356, route_type: Normal Route, fare_type: AC}]"
Malwatta,Monaragala,670.0,"[:Fare {fare: 670.0, route_id: route_db78ea66_451_1767932356, route_type: Normal Route, fare_type: AC}]"
Malwatta,Siyabalanduwa,470.0,"[:Fare {fare: 470.0, route_id: route_db78ea66_452_1767932356, route_type: Normal Route, fare_type: AC}]"
Malwatta,Buddama junction,365.0,"[:Fare {fare: 365.0, route_id: route_db78ea66_453_1767932356, route_type: Normal Route, fare_type: AC}]"
Malwatta,Wadinagala,300.0,"[:Fare {fare: 300.0, route_id: route_db78ea66_454_1767932356, route_type: Normal Route, fare_type: AC}]"
Malwatta,Higurana,190.0,"[:Fare {fare: 190.0, route_id: route_db78ea66_455_1767932356, route_type: Normal Route, fare_type: AC}]"
Malwatta,Brown Junction,120.0,"[:Fare {fare: 120.0, route_id: route_db78ea66_456_1767932356, route_type: Normal Route, fare_type: AC}]"
Sammanthure,Kaduwela,2105.0,"[:Fare {fare: 2105.0, route_id: route_db78ea66_459_1767932356, route_type: Normal Route, fare_type: AC}]"
Sammanthure,Awissawella,1955.0,"[:Fare {fare: 1955.0, route_id: route_db78ea66_460_1767932356, route_type: Normal Route, fare_type: AC}]"
Sammanthure,Ahaliyagoda,1875.0,"[:Fare {fare: 1875.0, route_id: route_db78ea66_461_1767932356, route_type: Normal Route, fare_type: AC}]"
Sammanthure,Kuruwita,1780.0,"[:Fare {fare: 1780.0, route_id: route_db78ea66_462_1767932356, route_type: Normal Route, fare_type: AC}]"
Sammanthure,Ratnapura,1710.0,"[:Fare {fare: 1710.0, route_id: route_db78ea66_463_1767932356, route_type: Normal Route, fare_type: AC}]"
Sammanthure,Palmadulla,1590.0,"[:Fare {fare: 1590.0, route_id: route_db78ea66_464_1767932356, route_type: Normal Route, fare_type: AC}]"
Sammanthure,Godakawela,1460.0,"[:Fare {fare: 1460.0, route_id: route_db78ea66_465_1767932356, route_type: Normal Route, fare_type: AC}]"
Sammanthure,Udawalawa Junction,1340.0,"[:Fare {fare: 1340.0, route_id: route_db78ea66_466_1767932356, route_type: Normal Route, fare_type: AC}]"
Sammanthure,Wallampitiya,2160.0,"[:Fare {fare: 2160.0, route_id: route_db78ea66_458_1767932356, route_type: Normal Route, fare_type: AC}]"
Sammanthure,Thanamalwila,1100.0,"[:Fare {fare: 1100.0, route_id: route_db78ea66_467_1767932356, route_type: Normal Route, fare_type: AC}]"
Sammanthure,Wallawaya,900.0,"[:Fare {fare: 900.0, route_id: route_db78ea66_468_1767932356, route_type: Normal Route, fare_type: AC}]"
Sammanthure,Monaragala,715.0,"[:Fare {fare: 715.0, route_id: route_db78ea66_469_1767932356, route_type: Normal Route, fare_type: AC}]"
Sammanthure,Siyabalanduwa,510.0,"[:Fare {fare: 510.0, route_id: route_db78ea66_470_1767932356, route_type: Normal Route, fare_type: AC}]"
Sammanthure,Buddama junction,415.0,"[:Fare {fare: 415.0, route_id: route_db78ea66_471_1767932356, route_type: Normal Route, fare_type: AC}]"
Sammanthure,Wadinagala,345.0,"[:Fare {fare: 345.0, route_id: route_db78ea66_472_1767932356, route_type: Normal Route, fare_type: AC}]"
Sammanthure,Higurana,240.0,"[:Fare {fare: 240.0, route_id: route_db78ea66_473_1767932356, route_type: Normal Route, fare_type: AC}]"
Sammanthure,Brown Junction,180.0,"[:Fare {fare: 180.0, route_id: route_db78ea66_474_1767932356, route_type: Normal Route, fare_type: AC}]"
Sammanthure,Malwatta,100.0,"[:Fare {fare: 100.0, route_id: route_db78ea66_475_1767932356, route_type: Normal Route, fare_type: AC}]"
Lahugala Hospital,Kaduwela,1800.0,"[:Fare {fare: 1800.0, route_id: route_db78ea66_89_1767932356, route_type: Normal Route, fare_type: AC}]"
Lahugala Hospital,Awissawella,1645.0,"[:Fare {fare: 1645.0, route_id: route_db78ea66_90_1767932356, route_type: Normal Route, fare_type: AC}]"
Lahugala Hospital,Ahaliyagoda,1570.0,"[:Fare {fare: 1570.0, route_id: route_db78ea66_91_1767932356, route_type: Normal Route, fare_type: AC}]"
Lahugala Hospital,Kuruwita,1470.0,"[:Fare {fare: 1470.0, route_id: route_db78ea66_92_1767932356, route_type: Normal Route, fare_type: AC}]"
Lahugala Hospital,Ratnapura,1405.0,"[:Fare {fare: 1405.0, route_id: route_db78ea66_93_1767932356, route_type: Normal Route, fare_type: AC}]"
Lahugala Hospital,Palmadulla,1285.0,"[:Fare {fare: 1285.0, route_id: route_db78ea66_94_1767932356, route_type: Normal Route, fare_type: AC}]"
Lahugala Hospital,Godakawela,1150.0,"[:Fare {fare: 1150.0, route_id: route_db78ea66_95_1767932356, route_type: Normal Route, fare_type: AC}]"
Lahugala Hospital,Udawalawa Junction,1030.0,"[:Fare {fare: 1030.0, route_id: route_db78ea66_96_1767932356, route_type: Normal Route, fare_type: AC}]"
Lahugala Hospital,Wallampitiya,1855.0,"[:Fare {fare: 1855.0, route_id: route_db78ea66_88_1767932356, route_type: Normal Route, fare_type: AC}]"
Lahugala Hospital,Thanamalwila,790.0,"[:Fare {fare: 790.0, route_id: route_db78ea66_97_1767932356, route_type: Normal Route, fare_type: AC}]"
Lahugala Hospital,Wallawaya,590.0,"[:Fare {fare: 590.0, route_id: route_db78ea66_98_1767932356, route_type: Normal Route, fare_type: AC}]"
Lahugala Hospital,Monaragala,400.0,"[:Fare {fare: 400.0, route_id: route_db78ea66_99_1767932356, route_type: Normal Route, fare_type: AC}]"
Lahugala Hospital,Siyabalanduwa,200.0,"[:Fare {fare: 200.0, route_id: route_db78ea66_100_1767932356, route_type: Normal Route, fare_type: AC}]"
Lahugala Hospital,Arugambe,180.0,"[:Fare {fare: 180.0, route_id: route_db78ea66_201_1767932356, route_type: Normal Route, fare_type: AC}]"
Shashthraweli,Kaduwela,1930.0,"[:Fare {fare: 1930.0, route_id: route_db78ea66_118_1767932356, route_type: Normal Route, fare_type: AC}]"
Shashthraweli,Awissawella,1780.0,"[:Fare {fare: 1780.0, route_id: route_db78ea66_119_1767932356, route_type: Normal Route, fare_type: AC}]"
Shashthraweli,Ahaliyagoda,1700.0,"[:Fare {fare: 1700.0, route_id: route_db78ea66_120_1767932356, route_type: Normal Route, fare_type: AC}]"
Shashthraweli,Kuruwita,1605.0,"[:Fare {fare: 1605.0, route_id: route_db78ea66_121_1767932356, route_type: Normal Route, fare_type: AC}]"
Shashthraweli,Ratnapura,1535.0,"[:Fare {fare: 1535.0, route_id: route_db78ea66_122_1767932356, route_type: Normal Route, fare_type: AC}]"
Shashthraweli,Palmadulla,1415.0,"[:Fare {fare: 1415.0, route_id: route_db78ea66_123_1767932356, route_type: Normal Route, fare_type: AC}]"
Shashthraweli,Godakawela,1285.0,"[:Fare {fare: 1285.0, route_id: route_db78ea66_124_1767932356, route_type: Normal Route, fare_type: AC}]"
Shashthraweli,Udawalawa Junction,1160.0,"[:Fare {fare: 1160.0, route_id: route_db78ea66_125_1767932356, route_type: Normal Route, fare_type: AC}]"
Shashthraweli,Wallampitiya,1985.0,"[:Fare {fare: 1985.0, route_id: route_db78ea66_117_1767932356, route_type: Normal Route, fare_type: AC}]"
Shashthraweli,Thanamalwila,920.0,"[:Fare {fare: 920.0, route_id: route_db78ea66_126_1767932356, route_type: Normal Route, fare_type: AC}]"
Shashthraweli,Wallawaya,725.0,"[:Fare {fare: 725.0, route_id: route_db78ea66_127_1767932356, route_type: Normal Route, fare_type: AC}]"
Shashthraweli,Monaragala,535.0,"[:Fare {fare: 535.0, route_id: route_db78ea66_128_1767932356, route_type: Normal Route, fare_type: AC}]"
Shashthraweli,Siyabalanduwa,335.0,"[:Fare {fare: 335.0, route_id: route_db78ea66_129_1767932356, route_type: Normal Route, fare_type: AC}]"
Shashthraweli,Lahugala Hospital,210.0,"[:Fare {fare: 210.0, route_id: route_db78ea66_130_1767932356, route_type: Normal Route, fare_type: AC}]"
Panama,Kaduwela,1975.0,"[:Fare {fare: 1975.0, route_id: route_db78ea66_134_1767932356, route_type: Normal Route, fare_type: AC}]"
Panama,Awissawella,1820.0,"[:Fare {fare: 1820.0, route_id: route_db78ea66_135_1767932356, route_type: Normal Route, fare_type: AC}]"
Panama,Ahaliyagoda,1745.0,"[:Fare {fare: 1745.0, route_id: route_db78ea66_136_1767932356, route_type: Normal Route, fare_type: AC}]"
Panama,Kuruwita,1645.0,"[:Fare {fare: 1645.0, route_id: route_db78ea66_137_1767932356, route_type: Normal Route, fare_type: AC}]"
Panama,Ratnapura,1580.0,"[:Fare {fare: 1580.0, route_id: route_db78ea66_138_1767932356, route_type: Normal Route, fare_type: AC}]"
Panama,Palmadulla,1460.0,"[:Fare {fare: 1460.0, route_id: route_db78ea66_139_1767932356, route_type: Normal Route, fare_type: AC}]"
Panama,Godakawela,1330.0,"[:Fare {fare: 1330.0, route_id: route_db78ea66_140_1767932356, route_type: Normal Route, fare_type: AC}]"
Panama,Udawalawa Junction,1205.0,"[:Fare {fare: 1205.0, route_id: route_db78ea66_141_1767932356, route_type: Normal Route, fare_type: AC}]"
Panama,Wallampitiya,2030.0,"[:Fare {fare: 2030.0, route_id: route_db78ea66_133_1767932356, route_type: Normal Route, fare_type: AC}]"
Panama,Thanamalwila,965.0,"[:Fare {fare: 965.0, route_id: route_db78ea66_142_1767932356, route_type: Normal Route, fare_type: AC}]"
Panama,Wallawaya,765.0,"[:Fare {fare: 765.0, route_id: route_db78ea66_143_1767932356, route_type: Normal Route, fare_type: AC}]"
Panama,Monaragala,580.0,"[:Fare {fare: 580.0, route_id: route_db78ea66_144_1767932356, route_type: Normal Route, fare_type: AC}]"
Panama,Siyabalanduwa,380.0,"[:Fare {fare: 380.0, route_id: route_db78ea66_145_1767932356, route_type: Normal Route, fare_type: AC}]"
Panama,Lahugala Hospital,255.0,"[:Fare {fare: 255.0, route_id: route_db78ea66_146_1767932356, route_type: Normal Route, fare_type: AC}]"
Panama,Shashthraweli,100.0,"[:Fare {fare: 100.0, route_id: route_db78ea66_148_1767932356, route_type: Normal Route, fare_type: AC}]"
Komaari,Kaduwela,1955.0,"[:Fare {fare: 1955.0, route_id: route_db78ea66_461_1767932356, route_type: Normal Route, fare_type: AC}]"
Komaari,Awissawella,1800.0,"[:Fare {fare: 1800.0, route_id: route_db78ea66_462_1767932356, route_type: Normal Route, fare_type: AC}]"
Komaari,Ahaliyagoda,1725.0,"[:Fare {fare: 1725.0, route_id: route_db78ea66_463_1767932356, route_type: Normal Route, fare_type: AC}]"
Komaari,Kuruwita,1620.0,"[:Fare {fare: 1620.0, route_id: route_db78ea66_464_1767932356, route_type: Normal Route, fare_type: AC}]"
Komaari,Ratnapura,1560.0,"[:Fare {fare: 1560.0, route_id: route_db78ea66_465_1767932356, route_type: Normal Route, fare_type: AC}]"
Komaari,Palmadulla,1435.0,"[:Fare {fare: 1435.0, route_id: route_db78ea66_466_1767932356, route_type: Normal Route, fare_type: AC}]"
Komaari,Godakawela,1305.0,"[:Fare {fare: 1305.0, route_id: route_db78ea66_467_1767932356, route_type: Normal Route, fare_type: AC}]"
Komaari,Udawalawa Junction,1180.0,"[:Fare {fare: 1180.0, route_id: route_db78ea66_468_1767932356, route_type: Normal Route, fare_type: AC}]"
Komaari,Wallampitiya,2010.0,"[:Fare {fare: 2010.0, route_id: route_db78ea66_460_1767932356, route_type: Normal Route, fare_type: AC}]"
Komaari,Thanamalwila,940.0,"[:Fare {fare: 940.0, route_id: route_db78ea66_469_1767932356, route_type: Normal Route, fare_type: AC}]"
Komaari,Wallawaya,745.0,"[:Fare {fare: 745.0, route_id: route_db78ea66_470_1767932356, route_type: Normal Route, fare_type: AC}]"
Komaari,Monaragala,555.0,"[:Fare {fare: 555.0, route_id: route_db78ea66_471_1767932356, route_type: Normal Route, fare_type: AC}]"
Komaari,Siyabalanduwa,360.0,"[:Fare {fare: 360.0, route_id: route_db78ea66_472_1767932356, route_type: Normal Route, fare_type: AC}]"
Komaari,Lahugala Hospital,240.0,"[:Fare {fare: 240.0, route_id: route_db78ea66_473_1767932356, route_type: Normal Route, fare_type: AC}]"
Dobagahawela,Siyabalanduwa,160.0,"[:Fare {fare: 160.0, route_id: route_db78ea66_209_1767932356, route_type: Normal Route, fare_type: AC}]"
Dobagahawela,Lahugala Hospital,280.0,"[:Fare {fare: 280.0, route_id: route_db78ea66_208_1767932356, route_type: Normal Route, fare_type: AC}]"
Dobagahawela,Arugambe,380.0,"[:Fare {fare: 380.0, route_id: route_db78ea66_206_1767932356, route_type: Normal Route, fare_type: AC}]"
Buththala,Monaragala,180.0,"[:Fare {fare: 180.0, route_id: route_db78ea66_220_1767932356, route_type: Normal Route, fare_type: AC}]"
Buththala,Siyabalanduwa,380.0,"[:Fare {fare: 380.0, route_id: route_db78ea66_218_1767932356, route_type: Normal Route, fare_type: AC}]"
Buththala,Lahugala Hospital,500.0,"[:Fare {fare: 500.0, route_id: route_db78ea66_217_1767932356, route_type: Normal Route, fare_type: AC}]"
Buththala,Dobagahawela,300.0,"[:Fare {fare: 300.0, route_id: route_db78ea66_219_1767932356, route_type: Normal Route, fare_type: AC}]"
Buththala,Arugambe,600.0,"[:Fare {fare: 600.0, route_id: route_db78ea66_215_1767932356, route_type: Normal Route, fare_type: AC}]"
Karadagolla,Wallawaya,180.0,"[:Fare {fare: 180.0, route_id: route_db78ea66_235_1767932356, route_type: Normal Route, fare_type: AC}]"
Karadagolla,Monaragala,365.0,"[:Fare {fare: 365.0, route_id: route_db78ea66_233_1767932356, route_type: Normal Route, fare_type: AC}]"
Karadagolla,Siyabalanduwa,570.0,"[:Fare {fare: 570.0, route_id: route_db78ea66_231_1767932356, route_type: Normal Route, fare_type: AC}]"
Karadagolla,Lahugala Hospital,690.0,"[:Fare {fare: 690.0, route_id: route_db78ea66_230_1767932356, route_type: Normal Route, fare_type: AC}]"
Karadagolla,Dobagahawela,490.0,"[:Fare {fare: 490.0, route_id: route_db78ea66_232_1767932356, route_type: Normal Route, fare_type: AC}]"
Karadagolla,Buththala,270.0,"[:Fare {fare: 270.0, route_id: route_db78ea66_234_1767932356, route_type: Normal Route, fare_type: AC}]"
Karadagolla,Arugambe,790.0,"[:Fare {fare: 790.0, route_id: route_db78ea66_228_1767932356, route_type: Normal Route, fare_type: AC}]"
Ella,Wallawaya,255.0,"[:Fare {fare: 255.0, route_id: route_db78ea66_243_1767932356, route_type: Normal Route, fare_type: AC}]"
Ella,Monaragala,445.0,"[:Fare {fare: 445.0, route_id: route_db78ea66_241_1767932356, route_type: Normal Route, fare_type: AC}]"
Ella,Siyabalanduwa,645.0,"[:Fare {fare: 645.0, route_id: route_db78ea66_239_1767932356, route_type: Normal Route, fare_type: AC}]"
Ella,Lahugala Hospital,765.0,"[:Fare {fare: 765.0, route_id: route_db78ea66_238_1767932356, route_type: Normal Route, fare_type: AC}]"
Ella,Dobagahawela,570.0,"[:Fare {fare: 570.0, route_id: route_db78ea66_240_1767932356, route_type: Normal Route, fare_type: AC}]"
Ella,Buththala,345.0,"[:Fare {fare: 345.0, route_id: route_db78ea66_242_1767932356, route_type: Normal Route, fare_type: AC}]"
Ella,Karadagolla,160.0,"[:Fare {fare: 160.0, route_id: route_db78ea66_244_1767932356, route_type: Normal Route, fare_type: AC}]"
Ella,Arugambe,865.0,"[:Fare {fare: 865.0, route_id: route_db78ea66_236_1767932356, route_type: Normal Route, fare_type: AC}]"
Bandarawela,Awissawella,995.0,"[:Fare {fare: 995.0, route_id: route_db78ea66_324_1767932356, route_type: Normal Route, fare_type: AC}]"
Bandarawela,Ahaliyagoda,920.0,"[:Fare {fare: 920.0, route_id: route_db78ea66_325_1767932356, route_type: Normal Route, fare_type: AC}]"
Bandarawela,Kuruwita,820.0,"[:Fare {fare: 820.0, route_id: route_db78ea66_326_1767932356, route_type: Normal Route, fare_type: AC}]"
Bandarawela,Ratnapura,755.0,"[:Fare {fare: 755.0, route_id: route_db78ea66_327_1767932356, route_type: Normal Route, fare_type: AC}]"
Bandarawela,Palmadulla,635.0,"[:Fare {fare: 635.0, route_id: route_db78ea66_328_1767932356, route_type: Normal Route, fare_type: AC}]"
Bandarawela,Wallawaya,335.0,"[:Fare {fare: 335.0, route_id: route_db78ea66_252_1767932356, route_type: Normal Route, fare_type: AC}]"
Bandarawela,Monaragala,525.0,"[:Fare {fare: 525.0, route_id: route_db78ea66_250_1767932356, route_type: Normal Route, fare_type: AC}]"
Bandarawela,Siyabalanduwa,725.0,"[:Fare {fare: 725.0, route_id: route_db78ea66_248_1767932356, route_type: Normal Route, fare_type: AC}]"
Bandarawela,Lahugala Hospital,845.0,"[:Fare {fare: 845.0, route_id: route_db78ea66_247_1767932356, route_type: Normal Route, fare_type: AC}]"
Bandarawela,Dobagahawela,645.0,"[:Fare {fare: 645.0, route_id: route_db78ea66_249_1767932356, route_type: Normal Route, fare_type: AC}]"
Bandarawela,Buththala,425.0,"[:Fare {fare: 425.0, route_id: route_db78ea66_251_1767932356, route_type: Normal Route, fare_type: AC}]"
Bandarawela,Karadagolla,240.0,"[:Fare {fare: 240.0, route_id: route_db78ea66_253_1767932356, route_type: Normal Route, fare_type: AC}]"
Bandarawela,Ella,160.0,"[:Fare {fare: 160.0, route_id: route_db78ea66_254_1767932356, route_type: Normal Route, fare_type: AC}]"
Bandarawela,Maharagama,1240.0,"[:Fare {fare: 1240.0, route_id: route_db78ea66_322_1767932356, route_type: Normal Route, fare_type: AC}]"
Bandarawela,Homagama,1195.0,"[:Fare {fare: 1195.0, route_id: route_db78ea66_323_1767932356, route_type: Normal Route, fare_type: AC}]"
Bandarawela,Balangoda,490.0,"[:Fare {fare: 490.0, route_id: route_db78ea66_329_1767932356, route_type: Normal Route, fare_type: AC}]"
Bandarawela,Pabahinna,365.0,"[:Fare {fare: 365.0, route_id: route_db78ea66_330_1767932356, route_type: Normal Route, fare_type: AC}]"
Bandarawela,Haldumulla,245.0,"[:Fare {fare: 245.0, route_id: route_db78ea66_331_1767932356, route_type: Normal Route, fare_type: AC}]"
Bandarawela,Haputhale,180.0,"[:Fare {fare: 180.0, route_id: route_db78ea66_332_1767932356, route_type: Normal Route, fare_type: AC}]"
Bandarawela,Arugambe,940.0,"[:Fare {fare: 940.0, route_id: route_db78ea66_245_1767932356, route_type: Normal Route, fare_type: AC}]"
Homagama,Maharagama,100.0,"[:Fare {fare: 100.0, route_id: route_db78ea66_257_1767932356, route_type: Normal Route, fare_type: AC}]"
Balangoda,Awissawella,590.0,"[:Fare {fare: 590.0, route_id: route_db78ea66_286_1767932356, route_type: Normal Route, fare_type: AC}]"
Balangoda,Ahaliyagoda,510.0,"[:Fare {fare: 510.0, route_id: route_db78ea66_287_1767932356, route_type: Normal Route, fare_type: AC}]"
Balangoda,Kuruwita,415.0,"[:Fare {fare: 415.0, route_id: route_db78ea66_288_1767932356, route_type: Normal Route, fare_type: AC}]"
Balangoda,Ratnapura,345.0,"[:Fare {fare: 345.0, route_id: route_db78ea66_289_1767932356, route_type: Normal Route, fare_type: AC}]"
Balangoda,Palmadulla,225.0,"[:Fare {fare: 225.0, route_id: route_db78ea66_290_1767932356, route_type: Normal Route, fare_type: AC}]"
Balangoda,Maharagama,830.0,"[:Fare {fare: 830.0, route_id: route_db78ea66_284_1767932356, route_type: Normal Route, fare_type: AC}]"
Balangoda,Homagama,790.0,"[:Fare {fare: 790.0, route_id: route_db78ea66_285_1767932356, route_type: Normal Route, fare_type: AC}]"
Pabahinna,Awissawella,715.0,"[:Fare {fare: 715.0, route_id: route_db78ea66_294_1767932356, route_type: Normal Route, fare_type: AC}]"
Pabahinna,Ahaliyagoda,635.0,"[:Fare {fare: 635.0, route_id: route_db78ea66_295_1767932356, route_type: Normal Route, fare_type: AC}]"
Pabahinna,Kuruwita,535.0,"[:Fare {fare: 535.0, route_id: route_db78ea66_296_1767932356, route_type: Normal Route, fare_type: AC}]"
Pabahinna,Ratnapura,470.0,"[:Fare {fare: 470.0, route_id: route_db78ea66_297_1767932356, route_type: Normal Route, fare_type: AC}]"
Pabahinna,Palmadulla,345.0,"[:Fare {fare: 345.0, route_id: route_db78ea66_298_1767932356, route_type: Normal Route, fare_type: AC}]"
Pabahinna,Maharagama,950.0,"[:Fare {fare: 950.0, route_id: route_db78ea66_292_1767932356, route_type: Normal Route, fare_type: AC}]"
Pabahinna,Homagama,910.0,"[:Fare {fare: 910.0, route_id: route_db78ea66_293_1767932356, route_type: Normal Route, fare_type: AC}]"
Pabahinna,Balangoda,200.0,"[:Fare {fare: 200.0, route_id: route_db78ea66_299_1767932356, route_type: Normal Route, fare_type: AC}]"
Haldumulla,Awissawella,830.0,"[:Fare {fare: 830.0, route_id: route_db78ea66_303_1767932356, route_type: Normal Route, fare_type: AC}]"
Haldumulla,Ahaliyagoda,755.0,"[:Fare {fare: 755.0, route_id: route_db78ea66_304_1767932356, route_type: Normal Route, fare_type: AC}]"
Haldumulla,Kuruwita,660.0,"[:Fare {fare: 660.0, route_id: route_db78ea66_305_1767932356, route_type: Normal Route, fare_type: AC}]"
Haldumulla,Ratnapura,590.0,"[:Fare {fare: 590.0, route_id: route_db78ea66_306_1767932356, route_type: Normal Route, fare_type: AC}]"
Haldumulla,Palmadulla,470.0,"[:Fare {fare: 470.0, route_id: route_db78ea66_307_1767932356, route_type: Normal Route, fare_type: AC}]"
Haldumulla,Maharagama,1075.0,"[:Fare {fare: 1075.0, route_id: route_db78ea66_301_1767932356, route_type: Normal Route, fare_type: AC}]"
Haldumulla,Homagama,1030.0,"[:Fare {fare: 1030.0, route_id: route_db78ea66_302_1767932356, route_type: Normal Route, fare_type: AC}]"
Haldumulla,Balangoda,320.0,"[:Fare {fare: 320.0, route_id: route_db78ea66_308_1767932356, route_type: Normal Route, fare_type: AC}]"
Haldumulla,Pabahinna,200.0,"[:Fare {fare: 200.0, route_id: route_db78ea66_309_1767932356, route_type: Normal Route, fare_type: AC}]"
Haputhale,Awissawella,900.0,"[:Fare {fare: 900.0, route_id: route_db78ea66_313_1767932356, route_type: Normal Route, fare_type: AC}]"
Haputhale,Ahaliyagoda,820.0,"[:Fare {fare: 820.0, route_id: route_db78ea66_314_1767932356, route_type: Normal Route, fare_type: AC}]"
Haputhale,Kuruwita,725.0,"[:Fare {fare: 725.0, route_id: route_db78ea66_315_1767932356, route_type: Normal Route, fare_type: AC}]"
Haputhale,Ratnapura,660.0,"[:Fare {fare: 660.0, route_id: route_db78ea66_316_1767932356, route_type: Normal Route, fare_type: AC}]"
Haputhale,Palmadulla,535.0,"[:Fare {fare: 535.0, route_id: route_db78ea66_317_1767932356, route_type: Normal Route, fare_type: AC}]"
Haputhale,Maharagama,1140.0,"[:Fare {fare: 1140.0, route_id: route_db78ea66_311_1767932356, route_type: Normal Route, fare_type: AC}]"
Haputhale,Homagama,1100.0,"[:Fare {fare: 1100.0, route_id: route_db78ea66_312_1767932356, route_type: Normal Route, fare_type: AC}]"
Haputhale,Balangoda,390.0,"[:Fare {fare: 390.0, route_id: route_db78ea66_318_1767932356, route_type: Normal Route, fare_type: AC}]"
Haputhale,Pabahinna,270.0,"[:Fare {fare: 270.0, route_id: route_db78ea66_319_1767932356, route_type: Normal Route, fare_type: AC}]"
Haputhale,Haldumulla,140.0,"[:Fare {fare: 140.0, route_id: route_db78ea66_320_1767932356, route_type: Normal Route, fare_type: AC}]"
Haliala,Awissawella,1140.0,"[:Fare {fare: 1140.0, route_id: route_db78ea66_336_1767932356, route_type: Normal Route, fare_type: AC}]"
Haliala,Ahaliyagoda,1060.0,"[:Fare {fare: 1060.0, route_id: route_db78ea66_337_1767932356, route_type: Normal Route, fare_type: AC}]"
Haliala,Kuruwita,965.0,"[:Fare {fare: 965.0, route_id: route_db78ea66_338_1767932356, route_type: Normal Route, fare_type: AC}]"
Haliala,Ratnapura,900.0,"[:Fare {fare: 900.0, route_id: route_db78ea66_339_1767932356, route_type: Normal Route, fare_type: AC}]"
Haliala,Palmadulla,780.0,"[:Fare {fare: 780.0, route_id: route_db78ea66_340_1767932356, route_type: Normal Route, fare_type: AC}]"
Haliala,Bandarawela,225.0,"[:Fare {fare: 225.0, route_id: route_db78ea66_345_1767932356, route_type: Normal Route, fare_type: AC}]"
Haliala,Maharagama,1380.0,"[:Fare {fare: 1380.0, route_id: route_db78ea66_334_1767932356, route_type: Normal Route, fare_type: AC}]"
Haliala,Homagama,1340.0,"[:Fare {fare: 1340.0, route_id: route_db78ea66_335_1767932356, route_type: Normal Route, fare_type: AC}]"
Haliala,Balangoda,635.0,"[:Fare {fare: 635.0, route_id: route_db78ea66_341_1767932356, route_type: Normal Route, fare_type: AC}]"
Haliala,Pabahinna,510.0,"[:Fare {fare: 510.0, route_id: route_db78ea66_342_1767932356, route_type: Normal Route, fare_type: AC}]"
Haliala,Haldumulla,390.0,"[:Fare {fare: 390.0, route_id: route_db78ea66_343_1767932356, route_type: Normal Route, fare_type: AC}]"
Haliala,Haputhale,320.0,"[:Fare {fare: 320.0, route_id: route_db78ea66_344_1767932356, route_type: Normal Route, fare_type: AC}]"
Badulla,Awissawella,1180.0,"[:Fare {fare: 1180.0, route_id: route_db78ea66_349_1767932356, route_type: Normal Route, fare_type: AC}]"
Badulla,Ahaliyagoda,1105.0,"[:Fare {fare: 1105.0, route_id: route_db78ea66_350_1767932356, route_type: Normal Route, fare_type: AC}]"
Badulla,Kuruwita,1010.0,"[:Fare {fare: 1010.0, route_id: route_db78ea66_351_1767932356, route_type: Normal Route, fare_type: AC}]"
Badulla,Ratnapura,940.0,"[:Fare {fare: 940.0, route_id: route_db78ea66_352_1767932356, route_type: Normal Route, fare_type: AC}]"
Badulla,Palmadulla,820.0,"[:Fare {fare: 820.0, route_id: route_db78ea66_353_1767932356, route_type: Normal Route, fare_type: AC}]"
Badulla,Bandarawela,270.0,"[:Fare {fare: 270.0, route_id: route_db78ea66_358_1767932356, route_type: Normal Route, fare_type: AC}]"
Badulla,Maharagama,1425.0,"[:Fare {fare: 1425.0, route_id: route_db78ea66_347_1767932356, route_type: Normal Route, fare_type: AC}]"
Badulla,Homagama,1380.0,"[:Fare {fare: 1380.0, route_id: route_db78ea66_348_1767932356, route_type: Normal Route, fare_type: AC}]"
Badulla,Balangoda,680.0,"[:Fare {fare: 680.0, route_id: route_db78ea66_354_1767932356, route_type: Normal Route, fare_type: AC}]"
Badulla,Pabahinna,555.0,"[:Fare {fare: 555.0, route_id: route_db78ea66_355_1767932356, route_type: Normal Route, fare_type: AC}]"
Badulla,Haldumulla,435.0,"[:Fare {fare: 435.0, route_id: route_db78ea66_356_1767932356, route_type: Normal Route, fare_type: AC}]"
Badulla,Haputhale,365.0,"[:Fare {fare: 365.0, route_id: route_db78ea66_357_1767932356, route_type: Normal Route, fare_type: AC}]"
Badulla,Haliala,100.0,"[:Fare {fare: 100.0, route_id: route_db78ea66_359_1767932356, route_type: Normal Route, fare_type: AC}]"
Dunhinda,Awissawella,1220.0,"[:Fare {fare: 1220.0, route_id: route_db78ea66_468_1767932356, route_type: Normal Route, fare_type: AC}]"
Dunhinda,Ahaliyagoda,1140.0,"[:Fare {fare: 1140.0, route_id: route_db78ea66_469_1767932356, route_type: Normal Route, fare_type: AC}]"
Dunhinda,Kuruwita,1040.0,"[:Fare {fare: 1040.0, route_id: route_db78ea66_470_1767932356, route_type: Normal Route, fare_type: AC}]"
Dunhinda,Ratnapura,975.0,"[:Fare {fare: 975.0, route_id: route_db78ea66_471_1767932356, route_type: Normal Route, fare_type: AC}]"
Dunhinda,Palmadulla,855.0,"[:Fare {fare: 855.0, route_id: route_db78ea66_472_1767932356, route_type: Normal Route, fare_type: AC}]"
Dunhinda,Bandarawela,300.0,"[:Fare {fare: 300.0, route_id: route_db78ea66_477_1767932356, route_type: Normal Route, fare_type: AC}]"
Dunhinda,Maharagama,1460.0,"[:Fare {fare: 1460.0, route_id: route_db78ea66_466_1767932356, route_type: Normal Route, fare_type: AC}]"
Dunhinda,Homagama,1415.0,"[:Fare {fare: 1415.0, route_id: route_db78ea66_467_1767932356, route_type: Normal Route, fare_type: AC}]"
Dunhinda,Balangoda,715.0,"[:Fare {fare: 715.0, route_id: route_db78ea66_473_1767932356, route_type: Normal Route, fare_type: AC}]"
Dunhinda,Pabahinna,590.0,"[:Fare {fare: 590.0, route_id: route_db78ea66_474_1767932356, route_type: Normal Route, fare_type: AC}]"
Dunhinda,Haldumulla,470.0,"[:Fare {fare: 470.0, route_id: route_db78ea66_475_1767932356, route_type: Normal Route, fare_type: AC}]"
Dunhinda,Haputhale,400.0,"[:Fare {fare: 400.0, route_id: route_db78ea66_476_1767932356, route_type: Normal Route, fare_type: AC}]"
Dunhinda,Haliala,160.0,"[:Fare {fare: 160.0, route_id: route_db78ea66_478_1767932356, route_type: Normal Route, fare_type: AC}]"
Dunhinda,Badulla,80.0,"[:Fare {fare: 80.0, route_id: route_db78ea66_479_1767932356, route_type: Normal Route, fare_type: AC}]"
Meegahakiwla,Awissawella,1350.0,"[:Fare {fare: 1350.0, route_id: route_db78ea66_483_1767932356, route_type: Normal Route, fare_type: AC}]"
Meegahakiwla,Ahaliyagoda,1270.0,"[:Fare {fare: 1270.0, route_id: route_db78ea66_484_1767932356, route_type: Normal Route, fare_type: AC}]"
Meegahakiwla,Kuruwita,1175.0,"[:Fare {fare: 1175.0, route_id: route_db78ea66_485_1767932356, route_type: Normal Route, fare_type: AC}]"
Meegahakiwla,Ratnapura,1105.0,"[:Fare {fare: 1105.0, route_id: route_db78ea66_486_1767932356, route_type: Normal Route, fare_type: AC}]"
Meegahakiwla,Palmadulla,985.0,"[:Fare {fare: 985.0, route_id: route_db78ea66_487_1767932356, route_type: Normal Route, fare_type: AC}]"
Meegahakiwla,Bandarawela,435.0,"[:Fare {fare: 435.0, route_id: route_db78ea66_492_1767932356, route_type: Normal Route, fare_type: AC}]"
Meegahakiwla,Maharagama,1590.0,"[:Fare {fare: 1590.0, route_id: route_db78ea66_481_1767932356, route_type: Normal Route, fare_type: AC}]"
Meegahakiwla,Homagama,1545.0,"[:Fare {fare: 1545.0, route_id: route_db78ea66_482_1767932356, route_type: Normal Route, fare_type: AC}]"
Meegahakiwla,Balangoda,845.0,"[:Fare {fare: 845.0, route_id: route_db78ea66_488_1767932356, route_type: Normal Route, fare_type: AC}]"
Meegahakiwla,Pabahinna,725.0,"[:Fare {fare: 725.0, route_id: route_db78ea66_489_1767932356, route_type: Normal Route, fare_type: AC}]"
Meegahakiwla,Haldumulla,600.0,"[:Fare {fare: 600.0, route_id: route_db78ea66_490_1767932356, route_type: Normal Route, fare_type: AC}]"
Meegahakiwla,Haputhale,535.0,"[:Fare {fare: 535.0, route_id: route_db78ea66_491_1767932356, route_type: Normal Route, fare_type: AC}]"
Meegahakiwla,Haliala,290.0,"[:Fare {fare: 290.0, route_id: route_db78ea66_493_1767932356, route_type: Normal Route, fare_type: AC}]"
Meegahakiwla,Badulla,245.0,"[:Fare {fare: 245.0, route_id: route_db78ea66_494_1767932356, route_type: Normal Route, fare_type: AC}]"
Meegahakiwla,Dunhinda,210.0,"[:Fare {fare: 210.0, route_id: route_db78ea66_495_1767932356, route_type: Normal Route, fare_type: AC}]"
Meegahakiwla,Thaldena,160.0,"[:Fare {fare: 160.0, route_id: route_db78ea66_437_1767932356, route_type: Normal Route, fare_type: AC}]"
Sewanagala,Awissawella,820.0,"[:Fare {fare: 820.0, route_id: route_db78ea66_151_1767932356, route_type: Normal Route, fare_type: AC}]"
Sewanagala,Ahaliyagoda,745.0,"[:Fare {fare: 745.0, route_id: route_db78ea66_152_1767932356, route_type: Normal Route, fare_type: AC}]"
Sewanagala,Kuruwita,645.0,"[:Fare {fare: 645.0, route_id: route_db78ea66_153_1767932356, route_type: Normal Route, fare_type: AC}]"
Sewanagala,Ratnapura,580.0,"[:Fare {fare: 580.0, route_id: route_db78ea66_154_1767932356, route_type: Normal Route, fare_type: AC}]"
Sewanagala,Palmadulla,460.0,"[:Fare {fare: 460.0, route_id: route_db78ea66_155_1767932356, route_type: Normal Route, fare_type: AC}]"
Sewanagala,Godakawela,320.0,"[:Fare {fare: 320.0, route_id: route_db78ea66_156_1767932356, route_type: Normal Route, fare_type: AC}]"
Sewanagala,Udawalawa Junction,200.0,"[:Fare {fare: 200.0, route_id: route_db78ea66_157_1767932356, route_type: Normal Route, fare_type: AC}]"
Sewanagala,Ambilipitiya,120.0,"[:Fare {fare: 120.0, route_id: route_db78ea66_158_1767932356, route_type: Normal Route, fare_type: AC}]"
Sewanagala,Maharagama,1060.0,"[:Fare {fare: 1060.0, route_id: route_db78ea66_149_1767932356, route_type: Normal Route, fare_type: AC}]"
Sewanagala,Homagama,1020.0,"[:Fare {fare: 1020.0, route_id: route_db78ea66_150_1767932356, route_type: Normal Route, fare_type: AC}]"
Makumbura,Akkaraipattu,2680.0,"[:Fare {fare: 2680.0, service_type: Super Luxury, route_type: Southern Expressway, created_at: 2026-01-09T11:02:18.877000000Z, source: Expressway Fare Ad - 2024-10-02, fare_type: AC}]"
Makumbura,Akkaraipattu,2160.0,"[:Fare {fare: 2160.0, service_type: Luxury, route_type: Southern Expressway, created_at: 2026-01-09T11:02:20.938000000Z, source: Expressway Fare Ad - 2024-10-02, fare_type: AC}]"
Makumbura,Matara,970.0,"[:Fare {fare: 970.0, service_type: Super Luxury, route_type: Southern Expressway, created_at: 2026-01-09T11:02:15.900000000Z, source: Expressway Fare Ad - 2024-10-02, fare_type: AC}]"
Makumbura,Matale,980.0,"[:Fare {fare: 980.0, service_type: Luxury, route_type: Other Expressway, created_at: 2026-01-09T11:02:21.292000000Z, source: Expressway Fare Ad - 2024-10-02, fare_type: AC}]"
Makumbura,Angunakolapelessa,1260.0,"[:Fare {fare: 1260.0, service_type: Super Luxury, route_type: Southern Expressway, created_at: 2026-01-09T11:02:19.585000000Z, source: Expressway Fare Ad - 2024-10-02, fare_type: AC}]"
Makumbura,Kegalle,560.0,"[:Fare {fare: 560.0, service_type: Luxury, route_type: Other Expressway, created_at: 2026-01-09T11:02:21.437000000Z, source: Expressway Fare Ad - 2024-10-02, fare_type: AC}]"
Makumbura,Madolsima,2320.0,"[:Fare {fare: 2320.0, service_type: Super Luxury, route_type: Southern Expressway, created_at: 2026-01-09T11:02:18.992000000Z, source: Expressway Fare Ad - 2024-10-02, fare_type: AC}]"
Makumbura,Madolsima,1880.0,"[:Fare {fare: 1880.0, service_type: Luxury, route_type: Southern Expressway, created_at: 2026-01-09T11:02:21.068000000Z, source: Expressway Fare Ad - 2024-10-02, fare_type: AC}]"
Makumbura,Nugegoda,120.0,"[:Fare {fare: 120.0, route_id: route_db78ea66_161_1767932356, route_type: Normal Route, fare_type: AC}]"
Makumbura,Ampara,2130.0,"[:Fare {fare: 2130.0, service_type: Luxury, route_type: Southern Expressway, created_at: 2026-01-09T11:02:20.821000000Z, source: Expressway Fare Ad - 2024-10-02, fare_type: AC}]"
Makumbura,Monaragala,1640.0,"[:Fare {fare: 1640.0, service_type: Luxury, route_type: Southern Expressway, created_at: 2026-01-09T11:02:20.598000000Z, source: Expressway Fare Ad - 2024-10-02, fare_type: AC}]"
Makumbura,Badulla,1770.0,"[:Fare {fare: 1770.0, service_type: Luxury, route_type: Southern Expressway, created_at: 2026-01-09T11:02:20.712000000Z, source: Expressway Fare Ad - 2024-10-02, fare_type: AC}]"
Kaluaggala,Nugegoda,255.0,"[:Fare {fare: 255.0, route_id: route_db78ea66_163_1767932356, route_type: Normal Route, fare_type: AC}]"
Kaluaggala,Makumbura,200.0,"[:Fare {fare: 200.0, route_id: route_db78ea66_164_1767932356, route_type: Normal Route, fare_type: AC}]"
Galpoththa police cheakpoint,Mawanalla,920.0,"[:Fare {fare: 920.0, route_id: route_db78ea66_303_1767932356, route_type: Normal Route, fare_type: AC}]"
Galpoththa police cheakpoint,Matale,635.0,"[:Fare {fare: 635.0, route_id: route_db78ea66_307_1767932356, route_type: Normal Route, fare_type: AC}]"
Galpoththa police cheakpoint,Nawula,490.0,"[:Fare {fare: 490.0, route_id: route_db78ea66_308_1767932356, route_type: Normal Route, fare_type: AC}]"
Galpoththa police cheakpoint,Dambulla,390.0,"[:Fare {fare: 390.0, route_id: route_db78ea66_309_1767932356, route_type: Normal Route, fare_type: AC}]"
Galpoththa police cheakpoint,Awissawella,1285.0,"[:Fare {fare: 1285.0, route_id: route_db78ea66_299_1767932356, route_type: Normal Route, fare_type: AC}]"
Galpoththa police cheakpoint,Galigamuwa,1030.0,"[:Fare {fare: 1030.0, route_id: route_db78ea66_301_1767932356, route_type: Normal Route, fare_type: AC}]"
Galpoththa police cheakpoint,Habarana,255.0,"[:Fare {fare: 255.0, route_id: route_db78ea66_310_1767932356, route_type: Normal Route, fare_type: AC}]"
Galpoththa police cheakpoint,Kegalle,995.0,"[:Fare {fare: 995.0, route_id: route_db78ea66_302_1767932356, route_type: Normal Route, fare_type: AC}]"
Galpoththa police cheakpoint,Katugastota,865.0,"[:Fare {fare: 865.0, route_id: route_db78ea66_304_1767932356, route_type: Normal Route, fare_type: AC}]"
Galpoththa police cheakpoint,Akurana,725.0,"[:Fare {fare: 725.0, route_id: route_db78ea66_306_1767932356, route_type: Normal Route, fare_type: AC}]"
Galpoththa police cheakpoint,Nugegoda,1545.0,"[:Fare {fare: 1545.0, route_id: route_db78ea66_296_1767932356, route_type: Normal Route, fare_type: AC}]"
Galpoththa police cheakpoint,Galoya Junction,180.0,"[:Fare {fare: 180.0, route_id: route_db78ea66_311_1767932356, route_type: Normal Route, fare_type: AC}]"
Galpoththa police cheakpoint,Aguruwalla,1160.0,"[:Fare {fare: 1160.0, route_id: route_db78ea66_300_1767932356, route_type: Normal Route, fare_type: AC}]"
Galpoththa police cheakpoint,Makumbura,1490.0,"[:Fare {fare: 1490.0, route_id: route_db78ea66_297_1767932356, route_type: Normal Route, fare_type: AC}]"
Galpoththa police cheakpoint,Kaluaggala,1370.0,"[:Fare {fare: 1370.0, route_id: route_db78ea66_298_1767932356, route_type: Normal Route, fare_type: AC}]"
Surangal Junction,Mawanalla,1150.0,"[:Fare {fare: 1150.0, route_id: route_db78ea66_357_1767932356, route_type: Normal Route, fare_type: AC}]"
Surangal Junction,Matale,865.0,"[:Fare {fare: 865.0, route_id: route_db78ea66_361_1767932356, route_type: Normal Route, fare_type: AC}]"
Surangal Junction,Nawula,725.0,"[:Fare {fare: 725.0, route_id: route_db78ea66_362_1767932356, route_type: Normal Route, fare_type: AC}]"
Surangal Junction,Dambulla,620.0,"[:Fare {fare: 620.0, route_id: route_db78ea66_363_1767932356, route_type: Normal Route, fare_type: AC}]"
Surangal Junction,Awissawella,1515.0,"[:Fare {fare: 1515.0, route_id: route_db78ea66_353_1767932356, route_type: Normal Route, fare_type: AC}]"
Surangal Junction,Galigamuwa,1260.0,"[:Fare {fare: 1260.0, route_id: route_db78ea66_355_1767932356, route_type: Normal Route, fare_type: AC}]"
Surangal Junction,Habarana,490.0,"[:Fare {fare: 490.0, route_id: route_db78ea66_364_1767932356, route_type: Normal Route, fare_type: AC}]"
Surangal Junction,Kegalle,1225.0,"[:Fare {fare: 1225.0, route_id: route_db78ea66_356_1767932356, route_type: Normal Route, fare_type: AC}]"
Surangal Junction,Katugastota,1100.0,"[:Fare {fare: 1100.0, route_id: route_db78ea66_358_1767932356, route_type: Normal Route, fare_type: AC}]"
Surangal Junction,Akurana,950.0,"[:Fare {fare: 950.0, route_id: route_db78ea66_360_1767932356, route_type: Normal Route, fare_type: AC}]"
Surangal Junction,Nugegoda,1780.0,"[:Fare {fare: 1780.0, route_id: route_db78ea66_350_1767932356, route_type: Normal Route, fare_type: AC}]"
Surangal Junction,Galoya Junction,415.0,"[:Fare {fare: 415.0, route_id: route_db78ea66_365_1767932356, route_type: Normal Route, fare_type: AC}]"
Surangal Junction,Kanthale,240.0,"[:Fare {fare: 240.0, route_id: route_db78ea66_367_1767932356, route_type: Normal Route, fare_type: AC}]"
Surangal Junction,Thambalagamuwa,100.0,"[:Fare {fare: 100.0, route_id: route_db78ea66_368_1767932356, route_type: Normal Route, fare_type: AC}]"
Surangal Junction,Aguruwalla,1390.0,"[:Fare {fare: 1390.0, route_id: route_db78ea66_354_1767932356, route_type: Normal Route, fare_type: AC}]"
Surangal Junction,Makumbura,1725.0,"[:Fare {fare: 1725.0, route_id: route_db78ea66_351_1767932356, route_type: Normal Route, fare_type: AC}]"
Surangal Junction,Kaluaggala,1605.0,"[:Fare {fare: 1605.0, route_id: route_db78ea66_352_1767932356, route_type: Normal Route, fare_type: AC}]"
Surangal Junction,Galpoththa police cheakpoint,315.0,"[:Fare {fare: 315.0, route_id: route_db78ea66_366_1767932356, route_type: Normal Route, fare_type: AC}]"
4 Kanuwa,Mawanalla,1260.0,"[:Fare {fare: 1260.0, route_id: route_db78ea66_398_1767932356, route_type: Normal Route, fare_type: AC}]"
4 Kanuwa,Matale,975.0,"[:Fare {fare: 975.0, route_id: route_db78ea66_402_1767932356, route_type: Normal Route, fare_type: AC}]"
4 Kanuwa,Nawula,830.0,"[:Fare {fare: 830.0, route_id: route_db78ea66_403_1767932356, route_type: Normal Route, fare_type: AC}]"
4 Kanuwa,Dambulla,735.0,"[:Fare {fare: 735.0, route_id: route_db78ea66_404_1767932356, route_type: Normal Route, fare_type: AC}]"
4 Kanuwa,Awissawella,1620.0,"[:Fare {fare: 1620.0, route_id: route_db78ea66_394_1767932356, route_type: Normal Route, fare_type: AC}]"
4 Kanuwa,Galigamuwa,1370.0,"[:Fare {fare: 1370.0, route_id: route_db78ea66_396_1767932356, route_type: Normal Route, fare_type: AC}]"
4 Kanuwa,Habarana,600.0,"[:Fare {fare: 600.0, route_id: route_db78ea66_405_1767932356, route_type: Normal Route, fare_type: AC}]"
4 Kanuwa,Kegalle,1340.0,"[:Fare {fare: 1340.0, route_id: route_db78ea66_397_1767932356, route_type: Normal Route, fare_type: AC}]"
4 Kanuwa,Katugastota,1205.0,"[:Fare {fare: 1205.0, route_id: route_db78ea66_399_1767932356, route_type: Normal Route, fare_type: AC}]"
4 Kanuwa,Akurana,1060.0,"[:Fare {fare: 1060.0, route_id: route_db78ea66_401_1767932356, route_type: Normal Route, fare_type: AC}]"
4 Kanuwa,Nugegoda,1890.0,"[:Fare {fare: 1890.0, route_id: route_db78ea66_391_1767932356, route_type: Normal Route, fare_type: AC}]"
4 Kanuwa,Galoya Junction,525.0,"[:Fare {fare: 525.0, route_id: route_db78ea66_406_1767932356, route_type: Normal Route, fare_type: AC}]"
4 Kanuwa,Kanthale,345.0,"[:Fare {fare: 345.0, route_id: route_db78ea66_408_1767932356, route_type: Normal Route, fare_type: AC}]"
4 Kanuwa,Thambalagamuwa,240.0,"[:Fare {fare: 240.0, route_id: route_db78ea66_409_1767932356, route_type: Normal Route, fare_type: AC}]"
4 Kanuwa,Kinniya,140.0,"[:Fare {fare: 140.0, route_id: route_db78ea66_411_1767932356, route_type: Normal Route, fare_type: AC}]"
4 Kanuwa,Aguruwalla,1500.0,"[:Fare {fare: 1500.0, route_id: route_db78ea66_395_1767932356, route_type: Normal Route, fare_type: AC}]"
4 Kanuwa,Makumbura,1835.0,"[:Fare {fare: 1835.0, route_id: route_db78ea66_392_1767932356, route_type: Normal Route, fare_type: AC}]"
4 Kanuwa,Kaluaggala,1710.0,"[:Fare {fare: 1710.0, route_id: route_db78ea66_393_1767932356, route_type: Normal Route, fare_type: AC}]"
4 Kanuwa,Galpoththa police cheakpoint,425.0,"[:Fare {fare: 425.0, route_id: route_db78ea66_407_1767932356, route_type: Normal Route, fare_type: AC}]"
4 Kanuwa,Surangal Junction,190.0,"[:Fare {fare: 190.0, route_id: route_db78ea66_410_1767932356, route_type: Normal Route, fare_type: AC}]"
Thaldena,Badulla,165.0,"[:Fare {fare: 165.0, route_id: route_db78ea66_435_1767932356, route_type: Normal Route, fare_type: AC}]"
Buddankotte,Badulla,320.0,"[:Fare {fare: 320.0, route_id: route_db78ea66_438_1767932356, route_type: Normal Route, fare_type: AC}]"
Buddankotte,Meegahakiwla,160.0,"[:Fare {fare: 160.0, route_id: route_db78ea66_440_1767932356, route_type: Normal Route, fare_type: AC}]"
Buddankotte,Thaldena,240.0,"[:Fare {fare: 240.0, route_id: route_db78ea66_439_1767932356, route_type: Normal Route, fare_type: AC}]"
17 junction,Badulla,435.0,"[:Fare {fare: 435.0, route_id: route_db78ea66_441_1767932356, route_type: Normal Route, fare_type: AC}]"
17 junction,Meegahakiwla,270.0,"[:Fare {fare: 270.0, route_id: route_db78ea66_443_1767932356, route_type: Normal Route, fare_type: AC}]"
17 junction,Thaldena,345.0,"[:Fare {fare: 345.0, route_id: route_db78ea66_442_1767932356, route_type: Normal Route, fare_type: AC}]"
17 junction,Buddankotte,190.0,"[:Fare {fare: 190.0, route_id: route_db78ea66_444_1767932356, route_type: Normal Route, fare_type: AC}]"
Hebarawa,Mahiyanganaya,210.0,"[:Fare {fare: 210.0, route_id: route_db78ea66_455_1767932356, route_type: Normal Route, fare_type: AC}]"
Hebarawa,Badulla,635.0,"[:Fare {fare: 635.0, route_id: route_db78ea66_450_1767932356, route_type: Normal Route, fare_type: AC}]"
Hebarawa,Meegahakiwla,470.0,"[:Fare {fare: 470.0, route_id: route_db78ea66_452_1767932356, route_type: Normal Route, fare_type: AC}]"
Hebarawa,Thaldena,550.0,"[:Fare {fare: 550.0, route_id: route_db78ea66_451_1767932356, route_type: Normal Route, fare_type: AC}]"
Hebarawa,Buddankotte,390.0,"[:Fare {fare: 390.0, route_id: route_db78ea66_453_1767932356, route_type: Normal Route, fare_type: AC}]"
Hebarawa,17 junction,280.0,"[:Fare {fare: 280.0, route_id: route_db78ea66_454_1767932356, route_type: Normal Route, fare_type: AC}]"
Hettipola,Mahiyanganaya,255.0,"[:Fare {fare: 255.0, route_id: route_db78ea66_461_1767932356, route_type: Normal Route, fare_type: AC}]"
Hettipola,Badulla,680.0,"[:Fare {fare: 680.0, route_id: route_db78ea66_456_1767932356, route_type: Normal Route, fare_type: AC}]"
Hettipola,Meegahakiwla,510.0,"[:Fare {fare: 510.0, route_id: route_db78ea66_458_1767932356, route_type: Normal Route, fare_type: AC}]"
Hettipola,Thaldena,590.0,"[:Fare {fare: 590.0, route_id: route_db78ea66_457_1767932356, route_type: Normal Route, fare_type: AC}]"
Hettipola,Buddankotte,435.0,"[:Fare {fare: 435.0, route_id: route_db78ea66_459_1767932356, route_type: Normal Route, fare_type: AC}]"
Hettipola,17 junction,320.0,"[:Fare {fare: 320.0, route_id: route_db78ea66_460_1767932356, route_type: Normal Route, fare_type: AC}]"
Hettipola,Hebarawa,100.0,"[:Fare {fare: 100.0, route_id: route_db78ea66_462_1767932356, route_type: Normal Route, fare_type: AC}]"
Laggala,Mahiyanganaya,345.0,"[:Fare {fare: 345.0, route_id: route_db78ea66_468_1767932356, route_type: Normal Route, fare_type: AC}]"
Laggala,Badulla,765.0,"[:Fare {fare: 765.0, route_id: route_db78ea66_463_1767932356, route_type: Normal Route, fare_type: AC}]"
Laggala,Meegahakiwla,600.0,"[:Fare {fare: 600.0, route_id: route_db78ea66_465_1767932356, route_type: Normal Route, fare_type: AC}]"
Laggala,Thaldena,680.0,"[:Fare {fare: 680.0, route_id: route_db78ea66_464_1767932356, route_type: Normal Route, fare_type: AC}]"
Laggala,Buddankotte,525.0,"[:Fare {fare: 525.0, route_id: route_db78ea66_466_1767932356, route_type: Normal Route, fare_type: AC}]"
Laggala,17 junction,415.0,"[:Fare {fare: 415.0, route_id: route_db78ea66_467_1767932356, route_type: Normal Route, fare_type: AC}]"
Laggala,Hebarawa,210.0,"[:Fare {fare: 210.0, route_id: route_db78ea66_469_1767932356, route_type: Normal Route, fare_type: AC}]"
Laggala,Hettipola,165.0,"[:Fare {fare: 165.0, route_id: route_db78ea66_470_1767932356, route_type: Normal Route, fare_type: AC}]"
Bakamuna,Mahiyanganaya,510.0,"[:Fare {fare: 510.0, route_id: route_db78ea66_476_1767932356, route_type: Normal Route, fare_type: AC}]"
Bakamuna,Badulla,930.0,"[:Fare {fare: 930.0, route_id: route_db78ea66_471_1767932356, route_type: Normal Route, fare_type: AC}]"
Bakamuna,Meegahakiwla,765.0,"[:Fare {fare: 765.0, route_id: route_db78ea66_473_1767932356, route_type: Normal Route, fare_type: AC}]"
Bakamuna,Thaldena,845.0,"[:Fare {fare: 845.0, route_id: route_db78ea66_472_1767932356, route_type: Normal Route, fare_type: AC}]"
Bakamuna,Buddankotte,690.0,"[:Fare {fare: 690.0, route_id: route_db78ea66_474_1767932356, route_type: Normal Route, fare_type: AC}]"
Bakamuna,17 junction,580.0,"[:Fare {fare: 580.0, route_id: route_db78ea66_475_1767932356, route_type: Normal Route, fare_type: AC}]"
Bakamuna,Hebarawa,380.0,"[:Fare {fare: 380.0, route_id: route_db78ea66_477_1767932356, route_type: Normal Route, fare_type: AC}]"
Bakamuna,Hettipola,335.0,"[:Fare {fare: 335.0, route_id: route_db78ea66_478_1767932356, route_type: Normal Route, fare_type: AC}]"
Bakamuna,Laggala,245.0,"[:Fare {fare: 245.0, route_id: route_db78ea66_479_1767932356, route_type: Normal Route, fare_type: AC}]"
Murugandi Kovil,Medawachchiya,600.0,"[:Fare {fare: 600.0, route_id: route_db78ea66_84_1767932356, route_type: Normal Route, fare_type: AC}]"
Murugandi Kovil,Vavuniya,470.0,"[:Fare {fare: 470.0, route_id: route_db78ea66_85_1767932356, route_type: Normal Route, fare_type: AC}]"
Murugandi Kovil,Mankulam,200.0,"[:Fare {fare: 200.0, route_id: route_db78ea66_87_1767932356, route_type: Normal Route, fare_type: AC}]"
Murugandi Kovil,Dambulla,1060.0,"[:Fare {fare: 1060.0, route_id: route_db78ea66_81_1767932356, route_type: Normal Route, fare_type: AC}]"
Murugandi Kovil,Mihintale,725.0,"[:Fare {fare: 725.0, route_id: route_db78ea66_83_1767932356, route_type: Normal Route, fare_type: AC}]"
Murugandi Kovil,Maradankadawala,890.0,"[:Fare {fare: 890.0, route_id: route_db78ea66_82_1767932356, route_type: Normal Route, fare_type: AC}]"
Murugandi Kovil,Puliyankulama,320.0,"[:Fare {fare: 320.0, route_id: route_db78ea66_86_1767932356, route_type: Normal Route, fare_type: AC}]"
Murugandi Kovil,Mahiyanganaya,1635.0,"[:Fare {fare: 1635.0, route_id: route_db78ea66_76_1767932356, route_type: Normal Route, fare_type: AC}]"
Murugandi Kovil,Badulla,2050.0,"[:Fare {fare: 2050.0, route_id: route_db78ea66_71_1767932356, route_type: Normal Route, fare_type: AC}]"
Murugandi Kovil,Meegahakiwla,1890.0,"[:Fare {fare: 1890.0, route_id: route_db78ea66_73_1767932356, route_type: Normal Route, fare_type: AC}]"
Murugandi Kovil,Thaldena,1965.0,"[:Fare {fare: 1965.0, route_id: route_db78ea66_72_1767932356, route_type: Normal Route, fare_type: AC}]"
Murugandi Kovil,Buddankotte,1810.0,"[:Fare {fare: 1810.0, route_id: route_db78ea66_74_1767932356, route_type: Normal Route, fare_type: AC}]"
Murugandi Kovil,17 junction,1700.0,"[:Fare {fare: 1700.0, route_id: route_db78ea66_75_1767932356, route_type: Normal Route, fare_type: AC}]"
Murugandi Kovil,Hebarawa,1500.0,"[:Fare {fare: 1500.0, route_id: route_db78ea66_77_1767932356, route_type: Normal Route, fare_type: AC}]"
Murugandi Kovil,Hettipola,1460.0,"[:Fare {fare: 1460.0, route_id: route_db78ea66_78_1767932356, route_type: Normal Route, fare_type: AC}]"
Murugandi Kovil,Laggala,1370.0,"[:Fare {fare: 1370.0, route_id: route_db78ea66_79_1767932356, route_type: Normal Route, fare_type: AC}]"
Murugandi Kovil,Bakamuna,1205.0,"[:Fare {fare: 1205.0, route_id: route_db78ea66_80_1767932356, route_type: Normal Route, fare_type: AC}]"
Wachakachcheri,Medawachchiya,940.0,"[:Fare {fare: 940.0, route_id: route_db78ea66_158_1767932356, route_type: Normal Route, fare_type: AC}]"
Wachakachcheri,Vavuniya,810.0,"[:Fare {fare: 810.0, route_id: route_db78ea66_159_1767932356, route_type: Normal Route, fare_type: AC}]"
Wachakachcheri,Mankulam,550.0,"[:Fare {fare: 550.0, route_id: route_db78ea66_161_1767932356, route_type: Normal Route, fare_type: AC}]"
Wachakachcheri,Kilinochchi,365.0,"[:Fare {fare: 365.0, route_id: route_db78ea66_163_1767932356, route_type: Normal Route, fare_type: AC}]"
Wachakachcheri,Kodikamam,100.0,"[:Fare {fare: 100.0, route_id: route_db78ea66_165_1767932356, route_type: Normal Route, fare_type: AC}]"
Wachakachcheri,Dambulla,1405.0,"[:Fare {fare: 1405.0, route_id: route_db78ea66_155_1767932356, route_type: Normal Route, fare_type: AC}]"
Wachakachcheri,Mihintale,1060.0,"[:Fare {fare: 1060.0, route_id: route_db78ea66_157_1767932356, route_type: Normal Route, fare_type: AC}]"
Wachakachcheri,Maradankadawala,1225.0,"[:Fare {fare: 1225.0, route_id: route_db78ea66_156_1767932356, route_type: Normal Route, fare_type: AC}]"
Wachakachcheri,Puliyankulama,670.0,"[:Fare {fare: 670.0, route_id: route_db78ea66_160_1767932356, route_type: Normal Route, fare_type: AC}]"
Wachakachcheri,Alimankada,280.0,"[:Fare {fare: 280.0, route_id: route_db78ea66_164_1767932356, route_type: Normal Route, fare_type: AC}]"
Wachakachcheri,Mahiyanganaya,1975.0,"[:Fare {fare: 1975.0, route_id: route_db78ea66_150_1767932356, route_type: Normal Route, fare_type: AC}]"
Wachakachcheri,Badulla,2395.0,"[:Fare {fare: 2395.0, route_id: route_db78ea66_145_1767932356, route_type: Normal Route, fare_type: AC}]"
Wachakachcheri,Meegahakiwla,2230.0,"[:Fare {fare: 2230.0, route_id: route_db78ea66_147_1767932356, route_type: Normal Route, fare_type: AC}]"
Wachakachcheri,Thaldena,2305.0,"[:Fare {fare: 2305.0, route_id: route_db78ea66_146_1767932356, route_type: Normal Route, fare_type: AC}]"
Wachakachcheri,Buddankotte,2150.0,"[:Fare {fare: 2150.0, route_id: route_db78ea66_148_1767932356, route_type: Normal Route, fare_type: AC}]"
Wachakachcheri,17 junction,2040.0,"[:Fare {fare: 2040.0, route_id: route_db78ea66_149_1767932356, route_type: Normal Route, fare_type: AC}]"
Wachakachcheri,Hebarawa,1845.0,"[:Fare {fare: 1845.0, route_id: route_db78ea66_151_1767932356, route_type: Normal Route, fare_type: AC}]"
Wachakachcheri,Hettipola,1800.0,"[:Fare {fare: 1800.0, route_id: route_db78ea66_152_1767932356, route_type: Normal Route, fare_type: AC}]"
Wachakachcheri,Laggala,1710.0,"[:Fare {fare: 1710.0, route_id: route_db78ea66_153_1767932356, route_type: Normal Route, fare_type: AC}]"
Wachakachcheri,Bakamuna,1545.0,"[:Fare {fare: 1545.0, route_id: route_db78ea66_154_1767932356, route_type: Normal Route, fare_type: AC}]"
Wachakachcheri,Murugandi Kovil,425.0,"[:Fare {fare: 425.0, route_id: route_db78ea66_162_1767932356, route_type: Normal Route, fare_type: AC}]"
Padukka,Horana,180.0,"[:Fare {fare: 180.0, route_id: route_db78ea66_188_1767932356, route_type: Normal Route, fare_type: AC}]"
Pugoda,Padukka,190.0,"[:Fare {fare: 190.0, route_id: route_db78ea66_190_1767932356, route_type: Normal Route, fare_type: AC}]"
Pugoda,Horana,290.0,"[:Fare {fare: 290.0, route_id: route_db78ea66_189_1767932356, route_type: Normal Route, fare_type: AC}]"
Aththanagalla,Padukka,280.0,"[:Fare {fare: 280.0, route_id: route_db78ea66_192_1767932356, route_type: Normal Route, fare_type: AC}]"
Aththanagalla,Pugoda,165.0,"[:Fare {fare: 165.0, route_id: route_db78ea66_193_1767932356, route_type: Normal Route, fare_type: AC}]"
Aththanagalla,Horana,380.0,"[:Fare {fare: 380.0, route_id: route_db78ea66_191_1767932356, route_type: Normal Route, fare_type: AC}]"
Kajuwatta,Mawanalla,1415.0,"[:Fare {fare: 1415.0, route_id: route_db78ea66_330_1767932356, route_type: Normal Route, fare_type: AC}]"
Kajuwatta,Matale,1100.0,"[:Fare {fare: 1100.0, route_id: route_db78ea66_333_1767932356, route_type: Normal Route, fare_type: AC}]"
Kajuwatta,Nawula,950.0,"[:Fare {fare: 950.0, route_id: route_db78ea66_334_1767932356, route_type: Normal Route, fare_type: AC}]"
Kajuwatta,Dambulla,855.0,"[:Fare {fare: 855.0, route_id: route_db78ea66_335_1767932356, route_type: Normal Route, fare_type: AC}]"
Kajuwatta,Kaduwela,460.0,"[:Fare {fare: 460.0, route_id: route_db78ea66_338_1767932356, route_type: Normal Route, fare_type: AC}]"
Kajuwatta,Habarana,725.0,"[:Fare {fare: 725.0, route_id: route_db78ea66_336_1767932356, route_type: Normal Route, fare_type: AC}]"
Kajuwatta,Minneriya,580.0,"[:Fare {fare: 580.0, route_id: route_db78ea66_337_1767932356, route_type: Normal Route, fare_type: AC}]"
Kajuwatta,Welikanda,320.0,"[:Fare {fare: 320.0, route_id: route_db78ea66_339_1767932356, route_type: Normal Route, fare_type: AC}]"
Kajuwatta,Warakapola,1620.0,"[:Fare {fare: 1620.0, route_id: route_db78ea66_328_1767932356, route_type: Normal Route, fare_type: AC}]"
Kajuwatta,Kegalle,1490.0,"[:Fare {fare: 1490.0, route_id: route_db78ea66_329_1767932356, route_type: Normal Route, fare_type: AC}]"
Kajuwatta,Akurana,1195.0,"[:Fare {fare: 1195.0, route_id: route_db78ea66_332_1767932356, route_type: Normal Route, fare_type: AC}]"
Kajuwatta,Wakaneri Junction,200.0,"[:Fare {fare: 200.0, route_id: route_db78ea66_340_1767932356, route_type: Normal Route, fare_type: AC}]"
Kajuwatta,Padukka,1930.0,"[:Fare {fare: 1930.0, route_id: route_db78ea66_325_1767932356, route_type: Normal Route, fare_type: AC}]"
Kajuwatta,Pugoda,1820.0,"[:Fare {fare: 1820.0, route_id: route_db78ea66_326_1767932356, route_type: Normal Route, fare_type: AC}]"
Kajuwatta,Aththanagalla,1730.0,"[:Fare {fare: 1730.0, route_id: route_db78ea66_327_1767932356, route_type: Normal Route, fare_type: AC}]"
Kajuwatta,Horana,2030.0,"[:Fare {fare: 2030.0, route_id: route_db78ea66_324_1767932356, route_type: Normal Route, fare_type: AC}]"
Wakare,Mawanalla,1500.0,"[:Fare {fare: 1500.0, route_id: route_db78ea66_347_1767932356, route_type: Normal Route, fare_type: AC}]"
Wakare,Matale,1180.0,"[:Fare {fare: 1180.0, route_id: route_db78ea66_350_1767932356, route_type: Normal Route, fare_type: AC}]"
Wakare,Nawula,1040.0,"[:Fare {fare: 1040.0, route_id: route_db78ea66_351_1767932356, route_type: Normal Route, fare_type: AC}]"
Wakare,Dambulla,940.0,"[:Fare {fare: 940.0, route_id: route_db78ea66_352_1767932356, route_type: Normal Route, fare_type: AC}]"
Wakare,Kaduwela,550.0,"[:Fare {fare: 550.0, route_id: route_db78ea66_355_1767932356, route_type: Normal Route, fare_type: AC}]"
Wakare,Habarana,810.0,"[:Fare {fare: 810.0, route_id: route_db78ea66_353_1767932356, route_type: Normal Route, fare_type: AC}]"
Wakare,Minneriya,670.0,"[:Fare {fare: 670.0, route_id: route_db78ea66_354_1767932356, route_type: Normal Route, fare_type: AC}]"
Wakare,Welikanda,415.0,"[:Fare {fare: 415.0, route_id: route_db78ea66_356_1767932356, route_type: Normal Route, fare_type: AC}]"
Wakare,Warakapola,1710.0,"[:Fare {fare: 1710.0, route_id: route_db78ea66_345_1767932356, route_type: Normal Route, fare_type: AC}]"
Wakare,Kegalle,1580.0,"[:Fare {fare: 1580.0, route_id: route_db78ea66_346_1767932356, route_type: Normal Route, fare_type: AC}]"
Wakare,Akurana,1285.0,"[:Fare {fare: 1285.0, route_id: route_db78ea66_349_1767932356, route_type: Normal Route, fare_type: AC}]"
Wakare,Wakaneri Junction,290.0,"[:Fare {fare: 290.0, route_id: route_db78ea66_357_1767932356, route_type: Normal Route, fare_type: AC}]"
Wakare,Padukka,2020.0,"[:Fare {fare: 2020.0, route_id: route_db78ea66_342_1767932356, route_type: Normal Route, fare_type: AC}]"
Wakare,Pugoda,1910.0,"[:Fare {fare: 1910.0, route_id: route_db78ea66_343_1767932356, route_type: Normal Route, fare_type: AC}]"
Wakare,Aththanagalla,1820.0,"[:Fare {fare: 1820.0, route_id: route_db78ea66_344_1767932356, route_type: Normal Route, fare_type: AC}]"
Wakare,Kajuwatta,165.0,"[:Fare {fare: 165.0, route_id: route_db78ea66_358_1767932356, route_type: Normal Route, fare_type: AC}]"
Wakare,Horana,2120.0,"[:Fare {fare: 2120.0, route_id: route_db78ea66_341_1767932356, route_type: Normal Route, fare_type: AC}]"
Batapola,Mount Lavinia,555.0,"[:Fare {fare: 555.0, route_id: route_db78ea66_381_1767932356, route_type: Normal Route, fare_type: AC}]"
Batapola,Panadura,480.0,"[:Fare {fare: 480.0, route_id: route_db78ea66_382_1767932356, route_type: Normal Route, fare_type: AC}]"
Batapola,Kalutara,390.0,"[:Fare {fare: 390.0, route_id: route_db78ea66_383_1767932356, route_type: Normal Route, fare_type: AC}]"
Batapola,Aluthgama,290.0,"[:Fare {fare: 290.0, route_id: route_db78ea66_384_1767932356, route_type: Normal Route, fare_type: AC}]"
Batapola,Balapitiya,190.0,"[:Fare {fare: 190.0, route_id: route_db78ea66_385_1767932356, route_type: Normal Route, fare_type: AC}]"
Batapola,Ambalangoda,160.0,"[:Fare {fare: 160.0, route_id: route_db78ea66_386_1767932356, route_type: Normal Route, fare_type: AC}]"
Baddegama,Mount Lavinia,620.0,"[:Fare {fare: 620.0, route_id: route_db78ea66_388_1767932356, route_type: Normal Route, fare_type: AC}]"
Baddegama,Panadura,550.0,"[:Fare {fare: 550.0, route_id: route_db78ea66_389_1767932356, route_type: Normal Route, fare_type: AC}]"
Baddegama,Kalutara,460.0,"[:Fare {fare: 460.0, route_id: route_db78ea66_390_1767932356, route_type: Normal Route, fare_type: AC}]"
Baddegama,Aluthgama,360.0,"[:Fare {fare: 360.0, route_id: route_db78ea66_391_1767932356, route_type: Normal Route, fare_type: AC}]"
Baddegama,Balapitiya,255.0,"[:Fare {fare: 255.0, route_id: route_db78ea66_392_1767932356, route_type: Normal Route, fare_type: AC}]"
Baddegama,Ambalangoda,225.0,"[:Fare {fare: 225.0, route_id: route_db78ea66_393_1767932356, route_type: Normal Route, fare_type: AC}]"
Baddegama,Batapola,140.0,"[:Fare {fare: 140.0, route_id: route_db78ea66_394_1767932356, route_type: Normal Route, fare_type: AC}]"
Uragaha,Mount Lavinia,435.0,"[:Fare {fare: 435.0, route_id: route_db78ea66_406_1767932356, route_type: Normal Route, fare_type: AC}]"
Uragaha,Panadura,360.0,"[:Fare {fare: 360.0, route_id: route_db78ea66_407_1767932356, route_type: Normal Route, fare_type: AC}]"
Uragaha,Kalutara,270.0,"[:Fare {fare: 270.0, route_id: route_db78ea66_408_1767932356, route_type: Normal Route, fare_type: AC}]"
Uragaha,Aluthgama,165.0,"[:Fare {fare: 165.0, route_id: route_db78ea66_409_1767932356, route_type: Normal Route, fare_type: AC}]"
Alpitiya,Mount Lavinia,510.0,"[:Fare {fare: 510.0, route_id: route_db78ea66_411_1767932356, route_type: Normal Route, fare_type: AC}]"
Alpitiya,Panadura,435.0,"[:Fare {fare: 435.0, route_id: route_db78ea66_412_1767932356, route_type: Normal Route, fare_type: AC}]"
Alpitiya,Kalutara,345.0,"[:Fare {fare: 345.0, route_id: route_db78ea66_413_1767932356, route_type: Normal Route, fare_type: AC}]"
Alpitiya,Aluthgama,245.0,"[:Fare {fare: 245.0, route_id: route_db78ea66_414_1767932356, route_type: Normal Route, fare_type: AC}]"
Alpitiya,Uragaha,160.0,"[:Fare {fare: 160.0, route_id: route_db78ea66_415_1767932356, route_type: Normal Route, fare_type: AC}]"
Ranna,Tangalle,140.0,"[:Fare {fare: 140.0, route_id: route_db78ea66_418_1767932356, route_type: Normal Route, fare_type: AC}]"
Ranna,Beliatta,190.0,"[:Fare {fare: 190.0, route_id: route_db78ea66_417_1767932356, route_type: Normal Route, fare_type: AC}]"
Barawakubuka,Tangalle,245.0,"[:Fare {fare: 245.0, route_id: route_db78ea66_423_1767932356, route_type: Normal Route, fare_type: AC}]"
Barawakubuka,Beliatta,290.0,"[:Fare {fare: 290.0, route_id: route_db78ea66_422_1767932356, route_type: Normal Route, fare_type: AC}]"
Barawakubuka,Agunakolapalassa,120.0,"[:Fare {fare: 120.0, route_id: route_db78ea66_425_1767932356, route_type: Normal Route, fare_type: AC}]"
Barawakubuka,Ranna,180.0,"[:Fare {fare: 180.0, route_id: route_db78ea66_424_1767932356, route_type: Normal Route, fare_type: AC}]"
Thunkama,Tangalle,300.0,"[:Fare {fare: 300.0, route_id: route_db78ea66_427_1767932356, route_type: Normal Route, fare_type: AC}]"
Thunkama,Beliatta,345.0,"[:Fare {fare: 345.0, route_id: route_db78ea66_426_1767932356, route_type: Normal Route, fare_type: AC}]"
Thunkama,Agunakolapalassa,190.0,"[:Fare {fare: 190.0, route_id: route_db78ea66_429_1767932356, route_type: Normal Route, fare_type: AC}]"
Thunkama,Ranna,240.0,"[:Fare {fare: 240.0, route_id: route_db78ea66_428_1767932356, route_type: Normal Route, fare_type: AC}]"
Thunkama,Barawakubuka,120.0,"[:Fare {fare: 120.0, route_id: route_db78ea66_430_1767932356, route_type: Normal Route, fare_type: AC}]"
Gokaralla,Ibbagamuwa,100.0,"[:Fare {fare: 100.0, route_id: route_db78ea66_439_1767932356, route_type: Normal Route, fare_type: AC}]"
Omaragolla,Ibbagamuwa,190.0,"[:Fare {fare: 190.0, route_id: route_db78ea66_444_1767932356, route_type: Normal Route, fare_type: AC}]"
Omaragolla,Malsiripura,100.0,"[:Fare {fare: 100.0, route_id: route_db78ea66_446_1767932356, route_type: Normal Route, fare_type: AC}]"
Omaragolla,Gokaralla,140.0,"[:Fare {fare: 140.0, route_id: route_db78ea66_445_1767932356, route_type: Normal Route, fare_type: AC}]"
Pahalawewa,Ibbagamuwa,270.0,"[:Fare {fare: 270.0, route_id: route_db78ea66_453_1767932356, route_type: Normal Route, fare_type: AC}]"
Pahalawewa,Malsiripura,200.0,"[:Fare {fare: 200.0, route_id: route_db78ea66_455_1767932356, route_type: Normal Route, fare_type: AC}]"
Pahalawewa,Galewela,100.0,"[:Fare {fare: 100.0, route_id: route_db78ea66_457_1767932356, route_type: Normal Route, fare_type: AC}]"
Pahalawewa,Gokaralla,225.0,"[:Fare {fare: 225.0, route_id: route_db78ea66_454_1767932356, route_type: Normal Route, fare_type: AC}]"
Pahalawewa,Omaragolla,160.0,"[:Fare {fare: 160.0, route_id: route_db78ea66_456_1767932356, route_type: Normal Route, fare_type: AC}]"
Galagedara,Mawathagama,140.0,"[:Fare {fare: 140.0, route_id: route_db78ea66_467_1767932356, route_type: Normal Route, fare_type: AC}]"
Kadugannwa,Peradeniya,120.0,"[:Fare {fare: 120.0, route_id: route_db78ea66_473_1767932356, route_type: Normal Route, fare_type: AC}]"
Molagoda,Mawanalla,100.0,"[:Fare {fare: 100.0, route_id: route_db78ea66_480_1767932356, route_type: Normal Route, fare_type: AC}]"
Molagoda,Peradeniya,240.0,"[:Fare {fare: 240.0, route_id: route_db78ea66_478_1767932356, route_type: Normal Route, fare_type: AC}]"
Molagoda,Kadugannwa,180.0,"[:Fare {fare: 180.0, route_id: route_db78ea66_479_1767932356, route_type: Normal Route, fare_type: AC}]"
Katubedda,Matara,1010.0,"[:Fare {fare: 1010.0, service_type: Super Luxury, route_type: Southern Expressway, created_at: 2026-01-09T11:02:18.484000000Z, source: Expressway Fare Ad - 2024-10-02, fare_type: AC}]"
Pottuvil,Nochchiyagama,1865.0,"[:Fare {fare: 1865.0, route_id: route_db78ea66_154_1767932356, route_type: Normal Route, fare_type: AC}]"
Pottuvil,Anuradhapura,1745.0,"[:Fare {fare: 1745.0, route_id: route_db78ea66_155_1767932356, route_type: Normal Route, fare_type: AC}]"
Pottuvil,Kaduwela,1130.0,"[:Fare {fare: 1130.0, route_id: route_db78ea66_159_1767932356, route_type: Normal Route, fare_type: AC}]"
Pottuvil,Kaduwela,1875.0,"[:Fare {fare: 1875.0, route_id: route_db78ea66_103_1767932356, route_type: Normal Route, fare_type: AC}]"
Pottuvil,Awissawella,1725.0,"[:Fare {fare: 1725.0, route_id: route_db78ea66_104_1767932356, route_type: Normal Route, fare_type: AC}]"
Pottuvil,Ahaliyagoda,1645.0,"[:Fare {fare: 1645.0, route_id: route_db78ea66_105_1767932356, route_type: Normal Route, fare_type: AC}]"
Pottuvil,Kuruwita,1545.0,"[:Fare {fare: 1545.0, route_id: route_db78ea66_106_1767932356, route_type: Normal Route, fare_type: AC}]"
Pottuvil,Ratnapura,1480.0,"[:Fare {fare: 1480.0, route_id: route_db78ea66_107_1767932356, route_type: Normal Route, fare_type: AC}]"
Pottuvil,Palmadulla,1360.0,"[:Fare {fare: 1360.0, route_id: route_db78ea66_108_1767932356, route_type: Normal Route, fare_type: AC}]"
Pottuvil,Godakawela,1225.0,"[:Fare {fare: 1225.0, route_id: route_db78ea66_109_1767932356, route_type: Normal Route, fare_type: AC}]"
Pottuvil,Udawalawa Junction,1105.0,"[:Fare {fare: 1105.0, route_id: route_db78ea66_110_1767932356, route_type: Normal Route, fare_type: AC}]"
Pottuvil,Puttalam,2130.0,"[:Fare {fare: 2130.0, route_id: route_db78ea66_153_1767932356, route_type: Normal Route, fare_type: AC}]"
Pottuvil,Norochchole,2260.0,"[:Fare {fare: 2260.0, route_id: route_db78ea66_151_1767932356, route_type: Normal Route, fare_type: AC}]"
Pottuvil,Kalpitiya,2395.0,"[:Fare {fare: 2395.0, route_id: route_db78ea66_150_1767932356, route_type: Normal Route, fare_type: AC}]"
Pottuvil,Maradankadawala,1535.0,"[:Fare {fare: 1535.0, route_id: route_db78ea66_156_1767932356, route_type: Normal Route, fare_type: AC}]"
Pottuvil,Habarana,1390.0,"[:Fare {fare: 1390.0, route_id: route_db78ea66_157_1767932356, route_type: Normal Route, fare_type: AC}]"
Pottuvil,Minneriya,1250.0,"[:Fare {fare: 1250.0, route_id: route_db78ea66_158_1767932356, route_type: Normal Route, fare_type: AC}]"
Pottuvil,Welikanda,995.0,"[:Fare {fare: 995.0, route_id: route_db78ea66_160_1767932356, route_type: Normal Route, fare_type: AC}]"
Pottuvil,Walachchena,800.0,"[:Fare {fare: 800.0, route_id: route_db78ea66_161_1767932356, route_type: Normal Route, fare_type: AC}]"
Pottuvil,Eravur,700.0,"[:Fare {fare: 700.0, route_id: route_db78ea66_162_1767932356, route_type: Normal Route, fare_type: AC}]"
Pottuvil,Kaththankudi,580.0,"[:Fare {fare: 580.0, route_id: route_db78ea66_163_1767932356, route_type: Normal Route, fare_type: AC}]"
Pottuvil,Kalawanchikudi,470.0,"[:Fare {fare: 470.0, route_id: route_db78ea66_164_1767932356, route_type: Normal Route, fare_type: AC}]"
Pottuvil,Kalmunai,400.0,"[:Fare {fare: 400.0, route_id: route_db78ea66_165_1767932356, route_type: Normal Route, fare_type: AC}]"
Pottuvil,Kalmunai,470.0,"[:Fare {fare: 470.0, route_id: route_db78ea66_196_1767932356, route_type: Normal Route, fare_type: AC}]"
Pottuvil,Akkareipaththu,280.0,"[:Fare {fare: 280.0, route_id: route_db78ea66_166_1767932356, route_type: Normal Route, fare_type: AC}]"
Pottuvil,Akkareipaththu,345.0,"[:Fare {fare: 345.0, route_id: route_db78ea66_7_1767932356, route_type: Normal Route, fare_type: AC}]"
Pottuvil,Thirukkovil,200.0,"[:Fare {fare: 200.0, route_id: route_db78ea66_167_1767932356, route_type: Normal Route, fare_type: AC}]"
Pottuvil,Thirukkovil,270.0,"[:Fare {fare: 270.0, route_id: route_db78ea66_490_1767932356, route_type: Normal Route, fare_type: AC}]"
Pottuvil,Palawiya,2160.0,"[:Fare {fare: 2160.0, route_id: route_db78ea66_152_1767932356, route_type: Normal Route, fare_type: AC}]"
Pottuvil,Wallampitiya,1930.0,"[:Fare {fare: 1930.0, route_id: route_db78ea66_102_1767932356, route_type: Normal Route, fare_type: AC}]"
Pottuvil,Thanamalwila,865.0,"[:Fare {fare: 865.0, route_id: route_db78ea66_111_1767932356, route_type: Normal Route, fare_type: AC}]"
Pottuvil,Wallawaya,670.0,"[:Fare {fare: 670.0, route_id: route_db78ea66_112_1767932356, route_type: Normal Route, fare_type: AC}]"
Pottuvil,Wallawaya,670.0,"[:Fare {fare: 670.0, route_id: route_db78ea66_222_1767932356, route_type: Normal Route, fare_type: AC}]"
Pottuvil,Monaragala,480.0,"[:Fare {fare: 480.0, route_id: route_db78ea66_113_1767932356, route_type: Normal Route, fare_type: AC}]"
Pottuvil,Monaragala,480.0,"[:Fare {fare: 480.0, route_id: route_db78ea66_211_1767932356, route_type: Normal Route, fare_type: AC}]"
Pottuvil,Siyabalanduwa,280.0,"[:Fare {fare: 280.0, route_id: route_db78ea66_114_1767932356, route_type: Normal Route, fare_type: AC}]"
Pottuvil,Siyabalanduwa,280.0,"[:Fare {fare: 280.0, route_id: route_db78ea66_204_1767932356, route_type: Normal Route, fare_type: AC}]"
Pottuvil,Lahugala Hospital,160.0,"[:Fare {fare: 160.0, route_id: route_db78ea66_115_1767932356, route_type: Normal Route, fare_type: AC}]"
Pottuvil,Lahugala Hospital,160.0,"[:Fare {fare: 160.0, route_id: route_db78ea66_202_1767932356, route_type: Normal Route, fare_type: AC}]"
Pottuvil,Shashthraweli,120.0,"[:Fare {fare: 120.0, route_id: route_db78ea66_131_1767932356, route_type: Normal Route, fare_type: AC}]"
Pottuvil,Panama,180.0,"[:Fare {fare: 180.0, route_id: route_db78ea66_147_1767932356, route_type: Normal Route, fare_type: AC}]"
Pottuvil,Komaari,160.0,"[:Fare {fare: 160.0, route_id: route_db78ea66_474_1767932356, route_type: Normal Route, fare_type: AC}]"
Pottuvil,Dobagahawela,360.0,"[:Fare {fare: 360.0, route_id: route_db78ea66_207_1767932356, route_type: Normal Route, fare_type: AC}]"
Pottuvil,Buththala,580.0,"[:Fare {fare: 580.0, route_id: route_db78ea66_216_1767932356, route_type: Normal Route, fare_type: AC}]"
Pottuvil,Karadagolla,765.0,"[:Fare {fare: 765.0, route_id: route_db78ea66_229_1767932356, route_type: Normal Route, fare_type: AC}]"
Pottuvil,Ella,845.0,"[:Fare {fare: 845.0, route_id: route_db78ea66_237_1767932356, route_type: Normal Route, fare_type: AC}]"
Pottuvil,Bandarawela,920.0,"[:Fare {fare: 920.0, route_id: route_db78ea66_246_1767932356, route_type: Normal Route, fare_type: AC}]"
Pottuvil,Arugambe,65.0,"[:Fare {fare: 65.0, route_id: route_db78ea66_200_1767932356, route_type: Normal Route, fare_type: AC}]"