origin,destination,departure_time,arrival_time,fare,s,f
Colombo,Kandy,06:00,09:30,250.0,"[:Schedule {trip_id: T001, route_id: C001, arrival: 09:30, departure: 06:00}]","[:Fare {fare: 250.0, route_id: C001}]"
Colombo,Kandy,06:00,09:30,250.0,"[:Schedule {trip_id: T001, route_id: C001, arrival: 09:30, departure: 06:00}]","[:Fare {fare: 250.0, route_id: C001}]"
Colombo,Kandy,08:00,11:30,250.0,"[:Schedule {trip_id: T002, route_id: C001, arrival: 11:30, departure: 08:00}]","[:Fare {fare: 250.0, route_id: C001}]"
Colombo,Kandy,08:00,11:30,250.0,"[:Schedule {trip_id: T002, route_id: C001, arrival: 11:30, departure: 08:00}]","[:Fare {fare: 250.0, route_id: C001}]"
Colombo,Kandy,14:00,17:30,250.0,"[:Schedule {trip_id: T003, route_id: C001, arrival: 17:30, departure: 14:00}]","[:Fare {fare: 250.0, route_id: C001}]"
Colombo,Kandy,14:00,17:30,250.0,"[:Schedule {trip_id: T003, route_id: C001, arrival: 17:30, departure: 14:00}]","[:Fare {fare: 250.0, route_id: C001}]"
Colombo,Kandy,06:00,09:30,250.0,"[:Schedule {trip_id: T001, route_id: C001, arrival: 09:30, departure: 06:00}]","[:Fare {fare: 250.0, route_id: C001}]"
Colombo,Kandy,06:00,09:30,250.0,"[:Schedule {trip_id: T001, route_id: C001, arrival: 09:30, departure: 06:00}]","[:Fare {fare: 250.0, route_id: C001}]"
Colombo,Kandy,08:00,11:30,250.0,"[:Schedule {trip_id: T002, route_id: C001, arrival: 11:30, departure: 08:00}]","[:Fare {fare: 250.0, route_id: C001}]"
Colombo,Kandy,08:00,11:30,250.0,"[:Schedule {trip_id: T002, route_id: C001, arrival: 11:30, departure: 08:00}]","[:Fare {fare: 250.0, route_id: C001}]"
Colombo,Kandy,14:00,17:30,250.0,"[:Schedule {trip_id: T003, route_id: C001, arrival: 17:30, departure: 14:00}]","[:Fare {fare: 250.0, route_id: C001}]"
Colombo,Kandy,14:00,17:30,250.0,"[:Schedule {trip_id: T003, route_id: C001, arrival: 17:30, departure: 14:00}]","[:Fare {fare: 250.0, route_id: C001}]"
Colombo,Kandy,3:45,7:45,250.0,"[:Schedule {service_type: Luxury, arrival: 7:45, route_no: 01, route_type: Normal Route, arrival_to_terminal: 3:00, Runing Days: Odd Days, departure: 3:45, fare_type: AC, Source: 01 Kandy - Colombo Panal -OddDays_extracted_tables_english new.pdf}]","[:Fare {fare: 250.0, route_id: C001}]"
Colombo,Kandy,3:45,7:45,250.0,"[:Schedule {service_type: Luxury, arrival: 7:45, route_no: 01, route_type: Normal Route, arrival_to_terminal: 3:00, Runing Days: Odd Days, departure: 3:45, fare_type: AC, Source: 01 Kandy - Colombo Panal -OddDays_extracted_tables_english new.pdf}]","[:Fare {fare: 250.0, route_id: C001}]"
Colombo,Kandy,4:25,7:25,250.0,"[:Schedule {service_type: Luxury, arrival: 7:25, route_no: 01, route_type: Express Route, arrival_to_terminal: 3:45, Runing Days: Odd Days, departure: 4:25, fare_type: AC, Source: 01 Kandy - Colombo Panal -OddDays_extracted_tables_english new.pdf}]","[:Fare {fare: 250.0, route_id: C001}]"
Colombo,Kandy,4:25,7:25,250.0,"[:Schedule {service_type: Luxury, arrival: 7:25, route_no: 01, route_type: Express Route, arrival_to_terminal: 3:45, Runing Days: Odd Days, departure: 4:25, fare_type: AC, Source: 01 Kandy - Colombo Panal -OddDays_extracted_tables_english new.pdf}]","[:Fare {fare: 250.0, route_id: C001}]"
Colombo,Kandy,4:55,8:55,250.0,"[:Schedule {service_type: Luxury, arrival: 8:55, route_no: 01, route_type: Normal Route, arrival_to_terminal: 4:25, Runing Days: Odd Days, departure: 4:55, fare_type: AC, Source: 01 Kandy - Colombo Panal -OddDays_extracted_tables_english new.pdf}]","[:Fare {fare: 250.0, route_id: C001}]"
Colombo,Kandy,4:55,8:55,250.0,"[:Schedule {service_type: Luxury, arrival: 8:55, route_no: 01, route_type: Normal Route, arrival_to_terminal: 4:25, Runing Days: Odd Days, departure: 4:55, fare_type: AC, Source: 01 Kandy - Colombo Panal -OddDays_extracted_tables_english new.pdf}]","[:Fare {fare: 250.0, route_id: C001}]"
Colombo,Kandy,5:20,8:20,250.0,"[:Schedule {service_type: Luxury, arrival: 8:20, route_no: 01, route_type: Express Route, arrival_to_terminal: 4:50, Runing Days: Odd Days, departure: 5:20, fare_type: AC, Source: 01 Kandy - Colombo Panal -OddDays_extracted_tables_english new.pdf}]","[:Fare {fare: 250.0, route_id: C001}]"
Colombo,Kandy,5:20,8:20,250.0,"[:Schedule {service_type: Luxury, arrival: 8:20, route_no: 01, route_type: Express Route, arrival_to_terminal: 4:50, Runing Days: Odd Days, departure: 5:20, fare_type: AC, Source: 01 Kandy - Colombo Panal -OddDays_extracted_tables_english new.pdf}]","[:Fare {fare: 250.0, route_id: C001}]"
Colombo,Kandy,5:45,9:45,250.0,"[:Schedule {service_type: Luxury, arrival: 9:45, route_no: 01, route_type: Normal Route, arrival_to_terminal: 5:15, Runing Days: Odd Days, departure: 5:45, fare_type: AC, Source: 01 Kandy - Colombo Panal -OddDays_extracted_tables_english new.pdf}]","[:Fare {fare: 250.0, route_id: C001}]"
Colombo,Kandy,5:45,9:45,250.0,"[:Schedule {service_type: Luxury, arrival: 9:45, route_no: 01, route_type: Normal Route, arrival_to_terminal: 5:15, Runing Days: Odd Days, departure: 5:45, fare_type: AC, Source: 01 Kandy - Colombo Panal -OddDays_extracted_tables_english new.pdf}]","[:Fare {fare: 250.0, route_id: C001}]"
Colombo,Kandy,6:10,9:10,250.0,"[:Schedule {service_type: Luxury, arrival: 9:10, route_no: 01, route_type: Express Route, arrival_to_terminal: 5:40, Runing Days: Odd Days, departure: 6:10, fare_type: AC, Source: 01 Kandy - Colombo Panal -OddDays_extracted_tables_english new.pdf}]","[:Fare {fare: 250.0, route_id: C001}]"
Colombo,Kandy,6:10,9:10,250.0,"[:Schedule {service_type: Luxury, arrival: 9:10, route_no: 01, route_type: Express Route, arrival_to_terminal: 5:40, Runing Days: Odd Days, departure: 6:10, fare_type: AC, Source: 01 Kandy - Colombo Panal -OddDays_extracted_tables_english new.pdf}]","[:Fare {fare: 250.0, route_id: C001}]"
Colombo,Kandy,6:25,10:25,250.0,"[:Schedule {service_type: Luxury, arrival: 10:25, route_no: 01, route_type: Normal Route, arrival_to_terminal: 5:55, Runing Days: Odd Days, departure: 6:25, fare_type: AC, Source: 01 Kandy - Colombo Panal -OddDays_extracted_tables_english new.pdf}]","[:Fare {fare: 250.0, route_id: C001}]"
Colombo,Kandy,6:25,10:25,250.0,"[:Schedule {service_type: Luxury, arrival: 10:25, route_no: 01, route_type: Normal Route, arrival_to_terminal: 5:55, Runing Days: Odd Days, departure: 6:25, fare_type: AC, Source: 01 Kandy - Colombo Panal -OddDays_extracted_tables_english new.pdf}]","[:Fare {fare: 250.0, route_id: C001}]"
Colombo,Kandy,6:25,9:25,250.0,"[:Schedule {service_type: Luxury, arrival: 9:25, route_no: 01, route_type: Express Route, arrival_to_terminal: 6:10, Runing Days: Odd Days, departure: 6:25, fare_type: AC, Source: 01 Kandy - Colombo Panal -OddDays_extracted_tables_english new.pdf}]","[:Fare {fare: 250.0, route_id: C001}]"
Colombo,Kandy,6:25,9:25,250.0,"[:Schedule {service_type: Luxury, arrival: 9:25, route_no: 01, route_type: Express Route, arrival_to_terminal: 6:10, Runing Days: Odd Days, departure: 6:25, fare_type: AC, Source: 01 Kandy - Colombo Panal -OddDays_extracted_tables_english new.pdf}]","[:Fare {fare: 250.0, route_id: C001}]"
Colombo,Kandy,6:55,10:55,250.0,"[:Schedule {service_type: Luxury, arrival: 10:55, route_no: 01, route_type: Normal Route, arrival_to_terminal: 6:25, Runing Days: Odd Days, departure: 6:55, fare_type: AC, Source: 01 Kandy - Colombo Panal -OddDays_extracted_tables_english new.pdf}]","[:Fare {fare: 250.0, route_id: C001}]"
Colombo,Kandy,6:55,10:55,250.0,"[:Schedule {service_type: Luxury, arrival: 10:55, route_no: 01, route_type: Normal Route, arrival_to_terminal: 6:25, Runing Days: Odd Days, departure: 6:55, fare_type: AC, Source: 01 Kandy - Colombo Panal -OddDays_extracted_tables_english new.pdf}]","[:Fare {fare: 250.0, route_id: C001}]"
Colombo,Kandy,7:10,10:10,250.0,"[:Schedule {service_type: Luxury, arrival: 10:10, route_no: 01, route_type: Express Route, arrival_to_terminal: 6:40, Runing Days: Odd Days, departure: 7:10, fare_type: AC, Source: 01 Kandy - Colombo Panal -OddDays_extracted_tables_english new.pdf}]","[:Fare {fare: 250.0, route_id: C001}]"
Colombo,Kandy,7:10,10:10,250.0,"[:Schedule {service_type: Luxury, arrival: 10:10, route_no: 01, route_type: Express Route, arrival_to_terminal: 6:40, Runing Days: Odd Days, departure: 7:10, fare_type: AC, Source: 01 Kandy - Colombo Panal -OddDays_extracted_tables_english new.pdf}]","[:Fare {fare: 250.0, route_id: C001}]"
Colombo,Kandy,7:30,11:30,250.0,"[:Schedule {service_type: Luxury, arrival: 11:30, route_no: 01, route_type: Normal Route, arrival_to_terminal: 7:00, Runing Days: Odd Days, departure: 7:30, fare_type: AC, Source: 01 Kandy - Colombo Panal -OddDays_extracted_tables_english new.pdf}]","[:Fare {fare: 250.0, route_id: C001}]"
Colombo,Kandy,7:30,11:30,250.0,"[:Schedule {service_type: Luxury, arrival: 11:30, route_no: 01, route_type: Normal Route, arrival_to_terminal: 7:00, Runing Days: Odd Days, departure: 7:30, fare_type: AC, Source: 01 Kandy - Colombo Panal -OddDays_extracted_tables_english new.pdf}]","[:Fare {fare: 250.0, route_id: C001}]"
Colombo,Kandy,7:50,10:50,250.0,"[:Schedule {service_type: Luxury, arrival: 10:50, route_no: 01, route_type: Express Route, arrival_to_terminal: 7:20, Runing Days: Odd Days, departure: 7:50, fare_type: AC, Source: 01 Kandy - Colombo Panal -OddDays_extracted_tables_english new.pdf}]","[:Fare {fare: 250.0, route_id: C001}]"
Colombo,Kandy,7:50,10:50,250.0,"[:Schedule {service_type: Luxury, arrival: 10:50, route_no: 01, route_type: Express Route, arrival_to_terminal: 7:20, Runing Days: Odd Days, departure: 7:50, fare_type: AC, Source: 01 Kandy - Colombo Panal -OddDays_extracted_tables_english new.pdf}]","[:Fare {fare: 250.0, route_id: C001}]"
Colombo,Kandy,8:10,12:10,250.0,"[:Schedule {service_type: Luxury, arrival: 12:10, route_no: 01, route_type: Normal Route, arrival_to_terminal: 7:40, Runing Days: Odd Days, departure: 8:10, fare_type: AC, Source: 01 Kandy - Colombo Panal -OddDays_extracted_tables_english new.pdf}]","[:Fare {fare: 250.0, route_id: C001}]"
Colombo,Kandy,8:10,12:10,250.0,"[:Schedule {service_type: Luxury, arrival: 12:10, route_no: 01, route_type: Normal Route, arrival_to_terminal: 7:40, Runing Days: Odd Days, departure: 8:10, fare_type: AC, Source: 01 Kandy - Colombo Panal -OddDays_extracted_tables_english new.pdf}]","[:Fare {fare: 250.0, route_id: C001}]"
Colombo,Kandy,8:30,11:30,250.0,"[:Schedule {service_type: Luxury, arrival: 11:30, route_no: 01, route_type: Express Route, arrival_to_terminal: 8:00, Runing Days: Odd Days, departure: 8:30, fare_type: AC, Source: 01 Kandy - Colombo Panal -OddDays_extracted_tables_english new.pdf}]","[:Fare {fare: 250.0, route_id: C001}]"
Colombo,Kandy,8:30,11:30,250.0,"[:Schedule {service_type: Luxury, arrival: 11:30, route_no: 01, route_type: Express Route, arrival_to_terminal: 8:00, Runing Days: Odd Days, departure: 8:30, fare_type: AC, Source: 01 Kandy - Colombo Panal -OddDays_extracted_tables_english new.pdf}]","[:Fare {fare: 250.0, route_id: C001}]"
Colombo,Kandy,8:50,12:50,250.0,"[:Schedule {service_type: Luxury, arrival: 12:50, route_no: 01, route_type: Normal Route, arrival_to_terminal: 8:20, Runing Days: Odd Days, departure: 8:50, fare_type: AC, Source: 01 Kandy - Colombo Panal -OddDays_extracted_tables_english new.pdf}]","[:Fare {fare: 250.0, route_id: C001}]"
Colombo,Kandy,8:50,12:50,250.0,"[:Schedule {service_type: Luxury, arrival: 12:50, route_no: 01, route_type: Normal Route, arrival_to_terminal: 8:20, Runing Days: Odd Days, departure: 8:50, fare_type: AC, Source: 01 Kandy - Colombo Panal -OddDays_extracted_tables_english new.pdf}]","[:Fare {fare: 250.0, route_id: C001}]"
Colombo,Kandy,9:10,12:10,250.0,"[:Schedule {service_type: Luxury, arrival: 12:10, route_no: 01, route_type: Express Route, arrival_to_terminal: 8:40, Runing Days: Odd Days, departure: 9:10, fare_type: AC, Source: 01 Kandy - Colombo Panal -OddDays_extracted_tables_english new.pdf}]","[:Fare {fare: 250.0, route_id: C001}]"
Colombo,Kandy,9:10,12:10,250.0,"[:Schedule {service_type: Luxury, arrival: 12:10, route_no: 01, route_type: Express Route, arrival_to_terminal: 8:40, Runing Days: Odd Days, departure: 9:10, fare_type: AC, Source: 01 Kandy - Colombo Panal -OddDays_extracted_tables_english new.pdf}]","[:Fare {fare: 250.0, route_id: C001}]"
Colombo,Kandy,9:30,13:30,250.0,"[:Schedule {service_type: Luxury, arrival: 13:30, route_no: 01, route_type: Normal Route, arrival_to_terminal: 9:00, Runing Days: Odd Days, departure: 9:30, fare_type: AC, Source: 01 Kandy - Colombo Panal -OddDays_extracted_tables_english new.pdf}]","[:Fare {fare: 250.0, route_id: C001}]"
Colombo,Kandy,9:30,13:30,250.0,"[:Schedule {service_type: Luxury, arrival: 13:30, route_no: 01, route_type: Normal Route, arrival_to_terminal: 9:00, Runing Days: Odd Days, departure: 9:30, fare_type: AC, Source: 01 Kandy - Colombo Panal -OddDays_extracted_tables_english new.pdf}]","[:Fare {fare: 250.0, route_id: C001}]"
Colombo,Kandy,9:50,12:50,250.0,"[:Schedule {service_type: Luxury, arrival: 12:50, route_no: 01, route_type: Express Route, arrival_to_terminal: 9:20, Runing Days: Odd Days, departure: 9:50, fare_type: AC, Source: 01 Kandy - Colombo Panal -OddDays_extracted_tables_english new.pdf}]","[:Fare {fare: 250.0, route_id: C001}]"
Colombo,Kandy,9:50,12:50,250.0,"[:Schedule {service_type: Luxury, arrival: 12:50, route_no: 01, route_type: Express Route, arrival_to_terminal: 9:20, Runing Days: Odd Days, departure: 9:50, fare_type: AC, Source: 01 Kandy - Colombo Panal -OddDays_extracted_tables_english new.pdf}]","[:Fare {fare: 250.0, route_id: C001}]"
Colombo,Kandy,10:10,14:10,250.0,"[:Schedule {service_type: Luxury, arrival: 14:10, route_no: 01, route_type: Normal Route, arrival_to_terminal: 9:40, Runing Days: Odd Days, departure: 10:10, fare_type: AC, Source: 01 Kandy - Colombo Panal -OddDays_extracted_tables_english new.pdf}]","[:Fare {fare: 250.0, route_id: C001}]"
Colombo,Kandy,10:10,14:10,250.0,"[:Schedule {service_type: Luxury, arrival: 14:10, route_no: 01, route_type: Normal Route, arrival_to_terminal: 9:40, Runing Days: Odd Days, departure: 10:10, fare_type: AC, Source: 01 Kandy - Colombo Panal -OddDays_extracted_tables_english new.pdf}]","[:Fare {fare: 250.0, route_id: C001}]"
Colombo,Kandy,10:30,13:30,250.0,"[:Schedule {service_type: Luxury, arrival: 13:30, route_no: 01, route_type: Express Route, arrival_to_terminal: 10:00, Runing Days: Odd Days, departure: 10:30, fare_type: AC, Source: 01 Kandy - Colombo Panal -OddDays_extracted_tables_english new.pdf}]","[:Fare {fare: 250.0, route_id: C001}]"
Colombo,Kandy,10:30,13:30,250.0,"[:Schedule {service_type: Luxury, arrival: 13:30, route_no: 01, route_type: Express Route, arrival_to_terminal: 10:00, Runing Days: Odd Days, departure: 10:30, fare_type: AC, Source: 01 Kandy - Colombo Panal -OddDays_extracted_tables_english new.pdf}]","[:Fare {fare: 250.0, route_id: C001}]"
Colombo,Kandy,10:50,14:50,250.0,"[:Schedule {service_type: Luxury, arrival: 14:50, route_no: 01, route_type: Normal Route, arrival_to_terminal: 10:20, Runing Days: Odd Days, departure: 10:50, fare_type: AC, Source: 01 Kandy - Colombo Panal -OddDays_extracted_tables_english new.pdf}]","[:Fare {fare: 250.0, route_id: C001}]"
Colombo,Kandy,10:50,14:50,250.0,"[:Schedule {service_type: Luxury, arrival: 14:50, route_no: 01, route_type: Normal Route, arrival_to_terminal: 10:20, Runing Days: Odd Days, departure: 10:50, fare_type: AC, Source: 01 Kandy - Colombo Panal -OddDays_extracted_tables_english new.pdf}]","[:Fare {fare: 250.0, route_id: C001}]"
Colombo,Kandy,11:10,14:10,250.0,"[:Schedule {service_type: Luxury, arrival: 14:10, route_no: 01, route_type: Express Route, arrival_to_terminal: 10:40, Runing Days: Odd Days, departure: 11:10, fare_type: AC, Source: 01 Kandy - Colombo Panal -OddDays_extracted_tables_english new.pdf}]","[:Fare {fare: 250.0, route_id: C001}]"
Colombo,Kandy,11:10,14:10,250.0,"[:Schedule {service_type: Luxury, arrival: 14:10, route_no: 01, route_type: Express Route, arrival_to_terminal: 10:40, Runing Days: Odd Days, departure: 11:10, fare_type: AC, Source: 01 Kandy - Colombo Panal -OddDays_extracted_tables_english new.pdf}]","[:Fare {fare: 250.0, route_id: C001}]"
Colombo,Kandy,11:30,15:30,250.0,"[:Schedule {service_type: Luxury, arrival: 15:30, route_no: 01, route_type: Normal Route, arrival_to_terminal: 11:00, Runing Days: Odd Days, departure: 11:30, fare_type: AC, Source: 01 Kandy - Colombo Panal -OddDays_extracted_tables_english new.pdf}]","[:Fare {fare: 250.0, route_id: C001}]"
Colombo,Kandy,11:30,15:30,250.0,"[:Schedule {service_type: Luxury, arrival: 15:30, route_no: 01, route_type: Normal Route, arrival_to_terminal: 11:00, Runing Days: Odd Days, departure: 11:30, fare_type: AC, Source: 01 Kandy - Colombo Panal -OddDays_extracted_tables_english new.pdf}]","[:Fare {fare: 250.0, route_id: C001}]"
Colombo,Kandy,11:50,14:50,250.0,"[:Schedule {service_type: Luxury, arrival: 14:50, route_no: 01, route_type: Express Route, arrival_to_terminal: 11:20, Runing Days: Odd Days, departure: 11:50, fare_type: AC, Source: 01 Kandy - Colombo Panal -OddDays_extracted_tables_english new.pdf}]","[:Fare {fare: 250.0, route_id: C001}]"
Colombo,Kandy,11:50,14:50,250.0,"[:Schedule {service_type: Luxury, arrival: 14:50, route_no: 01, route_type: Express Route, arrival_to_terminal: 11:20, Runing Days: Odd Days, departure: 11:50, fare_type: AC, Source: 01 Kandy - Colombo Panal -OddDays_extracted_tables_english new.pdf}]","[:Fare {fare: 250.0, route_id: C001}]"
Colombo,Kandy,12:10,16:10,250.0,"[:Schedule {service_type: Luxury, arrival: 16:10, route_no: 01, route_type: Normal Route, arrival_to_terminal: 11:40, Runing Days: Odd Days, departure: 12:10, fare_type: AC, Source: 01 Kandy - Colombo Panal -OddDays_extracted_tables_english new.pdf}]","[:Fare {fare: 250.0, route_id: C001}]"
Colombo,Kandy,12:10,16:10,250.0,"[:Schedule {service_type: Luxury, arrival: 16:10, route_no: 01, route_type: Normal Route, arrival_to_terminal: 11:40, Runing Days: Odd Days, departure: 12:10, fare_type: AC, Source: 01 Kandy - Colombo Panal -OddDays_extracted_tables_english new.pdf}]","[:Fare {fare: 250.0, route_id: C001}]"
Colombo,Kandy,12:30,15:30,250.0,"[:Schedule {service_type: Luxury, arrival: 15:30, route_no: 01, route_type: Express Route, arrival_to_terminal: 12:00, Runing Days: Odd Days, departure: 12:30, fare_type: AC, Source: 01 Kandy - Colombo Panal -OddDays_extracted_tables_english new.pdf}]","[:Fare {fare: 250.0, route_id: C001}]"
Colombo,Kandy,12:30,15:30,250.0,"[:Schedule {service_type: Luxury, arrival: 15:30, route_no: 01, route_type: Express Route, arrival_to_terminal: 12:00, Runing Days: Odd Days, departure: 12:30, fare_type: AC, Source: 01 Kandy - Colombo Panal -OddDays_extracted_tables_english new.pdf}]","[:Fare {fare: 250.0, route_id: C001}]"
Colombo,Kandy,12:50,16:50,250.0,"[:Schedule {service_type: Luxury, arrival: 16:50, route_no: 01, route_type: Normal Route, arrival_to_terminal: 12:20, Runing Days: Odd Days, departure: 12:50, fare_type: AC, Source: 01 Kandy - Colombo Panal -OddDays_extracted_tables_english new.pdf}]","[:Fare {fare: 250.0, route_id: C001}]"
Colombo,Kandy,12:50,16:50,250.0,"[:Schedule {service_type: Luxury, arrival: 16:50, route_no: 01, route_type: Normal Route, arrival_to_terminal: 12:20, Runing Days: Odd Days, departure: 12:50, fare_type: AC, Source: 01 Kandy - Colombo Panal -OddDays_extracted_tables_english new.pdf}]","[:Fare {fare: 250.0, route_id: C001}]"
Colombo,Kandy,13:10,16:10,250.0,"[:Schedule {service_type: Luxury, arrival: 16:10, route_no: 01, route_type: Express Route, arrival_to_terminal: 12:40, Runing Days: Odd Days, departure: 13:10, fare_type: AC, Source: 01 Kandy - Colombo Panal -OddDays_extracted_tables_english new.pdf}]","[:Fare {fare: 250.0, route_id: C001}]"
Colombo,Kandy,13:10,16:10,250.0,"[:Schedule {service_type: Luxury, arrival: 16:10, route_no: 01, route_type: Express Route, arrival_to_terminal: 12:40, Runing Days: Odd Days, departure: 13:10, fare_type: AC, Source: 01 Kandy - Colombo Panal -OddDays_extracted_tables_english new.pdf}]","[:Fare {fare: 250.0, route_id: C001}]"
Colombo,Kandy,13:30,17:30,250.0,"[:Schedule {service_type: Luxury, arrival: 17:30, route_no: 01, route_type: Normal Route, arrival_to_terminal: 13:00, Runing Days: Odd Days, departure: 13:30, fare_type: AC, Source: 01 Kandy - Colombo Panal -OddDays_extracted_tables_english new.pdf}]","[:Fare {fare: 250.0, route_id: C001}]"
Colombo,Kandy,13:30,17:30,250.0,"[:Schedule {service_type: Luxury, arrival: 17:30, route_no: 01, route_type: Normal Route, arrival_to_terminal: 13:00, Runing Days: Odd Days, departure: 13:30, fare_type: AC, Source: 01 Kandy - Colombo Panal -OddDays_extracted_tables_english new.pdf}]","[:Fare {fare: 250.0, route_id: C001}]"
Colombo,Kandy,13:45,16:45,250.0,"[:Schedule {service_type: Luxury, arrival: 16:45, route_no: 01, route_type: Express Route, arrival_to_terminal: 13:15, Runing Days: Odd Days, departure: 13:45, fare_type: AC, Source: 01 Kandy - Colombo Panal -OddDays_extracted_tables_english new.pdf}]","[:Fare {fare: 250.0, route_id: C001}]"
Colombo,Kandy,13:45,16:45,250.0,"[:Schedule {service_type: Luxury, arrival: 16:45, route_no: 01, route_type: Express Route, arrival_to_terminal: 13:15, Runing Days: Odd Days, departure: 13:45, fare_type: AC, Source: 01 Kandy - Colombo Panal -OddDays_extracted_tables_english new.pdf}]","[:Fare {fare: 250.0, route_id: C001}]"
Colombo,Kandy,14:00,18:00,250.0,"[:Schedule {service_type: Luxury, arrival: 18:00, route_no: 01, route_type: Normal Route, arrival_to_terminal: 13:30, Runing Days: Odd Days, departure: 14:00, fare_type: AC, Source: 01 Kandy - Colombo Panal -OddDays_extracted_tables_english new.pdf}]","[:Fare {fare: 250.0, route_id: C001}]"
Colombo,Kandy,14:00,18:00,250.0,"[:Schedule {service_type: Luxury, arrival: 18:00, route_no: 01, route_type: Normal Route, arrival_to_terminal: 13:30, Runing Days: Odd Days, departure: 14:00, fare_type: AC, Source: 01 Kandy - Colombo Panal -OddDays_extracted_tables_english new.pdf}]","[:Fare {fare: 250.0, route_id: C001}]"
Colombo,Kandy,14:15,17:15,250.0,"[:Schedule {service_type: Luxury, arrival: 17:15, route_no: 01, route_type: Express Route, arrival_to_terminal: 13:45, Runing Days: Odd Days, departure: 14:15, fare_type: AC, Source: 01 Kandy - Colombo Panal -OddDays_extracted_tables_english new.pdf}]","[:Fare {fare: 250.0, route_id: C001}]"
Colombo,Kandy,14:15,17:15,250.0,"[:Schedule {service_type: Luxury, arrival: 17:15, route_no: 01, route_type: Express Route, arrival_to_terminal: 13:45, Runing Days: Odd Days, departure: 14:15, fare_type: AC, Source: 01 Kandy - Colombo Panal -OddDays_extracted_tables_english new.pdf}]","[:Fare {fare: 250.0, route_id: C001}]"
Colombo,Kandy,14:30,18:30,250.0,"[:Schedule {service_type: Luxury, arrival: 18:30, route_no: 01, route_type: Normal Route, arrival_to_terminal: 14:00, Runing Days: Odd Days, departure: 14:30, fare_type: AC, Source: 01 Kandy - Colombo Panal -OddDays_extracted_tables_english new.pdf}]","[:Fare {fare: 250.0, route_id: C001}]"
Colombo,Kandy,14:30,18:30,250.0,"[:Schedule {service_type: Luxury, arrival: 18:30, route_no: 01, route_type: Normal Route, arrival_to_terminal: 14:00, Runing Days: Odd Days, departure: 14:30, fare_type: AC, Source: 01 Kandy - Colombo Panal -OddDays_extracted_tables_english new.pdf}]","[:Fare {fare: 250.0, route_id: C001}]"
Colombo,Kandy,14:45,17:45,250.0,"[:Schedule {service_type: Luxury, arrival: 17:45, route_no: 01, route_type: Express Route, arrival_to_terminal: 14:15, Runing Days: Odd Days, departure: 14:45, fare_type: AC, Source: 01 Kandy - Colombo Panal -OddDays_extracted_tables_english new.pdf}]","[:Fare {fare: 250.0, route_id: C001}]"
Colombo,Kandy,14:45,17:45,250.0,"[:Schedule {service_type: Luxury, arrival: 17:45, route_no: 01, route_type: Express Route, arrival_to_terminal: 14:15, Runing Days: Odd Days, departure: 14:45, fare_type: AC, Source: 01 Kandy - Colombo Panal -OddDays_extracted_tables_english new.pdf}]","[:Fare {fare: 250.0, route_id: C001}]"
Colombo,Kandy,15:00,19:00,250.0,"[:Schedule {service_type: Luxury, arrival: 19:00, route_no: 01, route_type: Normal Route, arrival_to_terminal: 14:30, Runing Days: Odd Days, departure: 15:00, fare_type: AC, Source: 01 Kandy - Colombo Panal -OddDays_extracted_tables_english new.pdf}]","[:Fare {fare: 250.0, route_id: C001}]"
Colombo,Kandy,15:00,19:00,250.0,"[:Schedule {service_type: Luxury, arrival: 19:00, route_no: 01, route_type: Normal Route, arrival_to_terminal: 14:30, Runing Days: Odd Days, departure: 15:00, fare_type: AC, Source: 01 Kandy - Colombo Panal -OddDays_extracted_tables_english new.pdf}]","[:Fare {fare: 250.0, route_id: C001}]"
Colombo,Kandy,15:15,18:15,250.0,"[:Schedule {service_type: Luxury, arrival: 18:15, route_no: 01, route_type: Express Route, arrival_to_terminal: 14:45, Runing Days: Odd Days, departure: 15:15, fare_type: AC, Source: 01 Kandy - Colombo Panal -OddDays_extracted_tables_english new.pdf}]","[:Fare {fare: 250.0, route_id: C001}]"
Colombo,Kandy,15:15,18:15,250.0,"[:Schedule {service_type: Luxury, arrival: 18:15, route_no: 01, route_type: Express Route, arrival_to_terminal: 14:45, Runing Days: Odd Days, departure: 15:15, fare_type: AC, Source: 01 Kandy - Colombo Panal -OddDays_extracted_tables_english new.pdf}]","[:Fare {fare: 250.0, route_id: C001}]"
Colombo,Kandy,15:35,19:35,250.0,"[:Schedule {service_type: Luxury, arrival: 19:35, route_no: 01, route_type: Normal Route, arrival_to_terminal: 15:05, Runing Days: Odd Days, departure: 15:35, fare_type: AC, Source: 01 Kandy - Colombo Panal -OddDays_extracted_tables_english new.pdf}]","[:Fare {fare: 250.0, route_id: C001}]"
Colombo,Kandy,15:35,19:35,250.0,"[:Schedule {service_type: Luxury, arrival: 19:35, route_no: 01, route_type: Normal Route, arrival_to_terminal: 15:05, Runing Days: Odd Days, departure: 15:35, fare_type: AC, Source: 01 Kandy - Colombo Panal -OddDays_extracted_tables_english new.pdf}]","[:Fare {fare: 250.0, route_id: C001}]"
Colombo,Kandy,15:55,18:55,250.0,"[:Schedule {service_type: Luxury, arrival: 18:55, route_no: 01, route_type: Express Route, arrival_to_terminal: 15:25, Runing Days: Odd Days, departure: 15:55, fare_type: AC, Source: 01 Kandy - Colombo Panal -OddDays_extracted_tables_english new.pdf}]","[:Fare {fare: 250.0, route_id: C001}]"
Colombo,Kandy,15:55,18:55,250.0,"[:Schedule {service_type: Luxury, arrival: 18:55, route_no: 01, route_type: Express Route, arrival_to_terminal: 15:25, Runing Days: Odd Days, departure: 15:55, fare_type: AC, Source: 01 Kandy - Colombo Panal -OddDays_extracted_tables_english new.pdf}]","[:Fare {fare: 250.0, route_id: C001}]"
Colombo,Kandy,16:15,20:15,250.0,"[:Schedule {service_type: Luxury, arrival: 20:15, route_no: 01, route_type: Normal Route, arrival_to_terminal: 15:45, Runing Days: Odd Days, departure: 16:15, fare_type: AC, Source: 01 Kandy - Colombo Panal -OddDays_extracted_tables_english new.pdf}]","[:Fare {fare: 250.0, route_id: C001}]"
Colombo,Kandy,16:15,20:15,250.0,"[:Schedule {service_type: Luxury, arrival: 20:15, route_no: 01, route_type: Normal Route, arrival_to_terminal: 15:45, Runing Days: Odd Days, departure: 16:15, fare_type: AC, Source: 01 Kandy - Colombo Panal -OddDays_extracted_tables_english new.pdf}]","[:Fare {fare: 250.0, route_id: C001}]"
Colombo,Kandy,16:35,19:35,250.0,"[:Schedule {service_type: Luxury, arrival: 19:35, route_no: 01, route_type: Express Route, arrival_to_terminal: 16:05, Runing Days: Odd Days, departure: 16:35, fare_type: AC, Source: 01 Kandy - Colombo Panal -OddDays_extracted_tables_english new.pdf}]","[:Fare {fare: 250.0, route_id: C001}]"
Colombo,Kandy,16:35,19:35,250.0,"[:Schedule {service_type: Luxury, arrival: 19:35, route_no: 01, route_type: Express Route, arrival_to_terminal: 16:05, Runing Days: Odd Days, departure: 16:35, fare_type: AC, Source: 01 Kandy - Colombo Panal -OddDays_extracted_tables_english new.pdf}]","[:Fare {fare: 250.0, route_id: C001}]"
Colombo,Kandy,16:50,20:50,250.0,"[:Schedule {service_type: Luxury, arrival: 20:50, route_no: 01, route_type: Normal Route, arrival_to_terminal: 16:20, Runing Days: Odd Days, departure: 16:50, fare_type: AC, Source: 01 Kandy - Colombo Panal -OddDays_extracted_tables_english new.pdf}]","[:Fare {fare: 250.0, route_id: C001}]"
Colombo,Kandy,16:50,20:50,250.0,"[:Schedule {service_type: Luxury, arrival: 20:50, route_no: 01, route_type: Normal Route, arrival_to_terminal: 16:20, Runing Days: Odd Days, departure: 16:50, fare_type: AC, Source: 01 Kandy - Colombo Panal -OddDays_extracted_tables_english new.pdf}]","[:Fare {fare: 250.0, route_id: C001}]"
Colombo,Kandy,17:05,20:05,250.0,"[:Schedule {service_type: Luxury, arrival: 20:05, route_no: 01, route_type: Express Route, arrival_to_terminal: 16:35, Runing Days: Odd Days, departure: 17:05, fare_type: AC, Source: 01 Kandy - Colombo Panal -OddDays_extracted_tables_english new.pdf}]","[:Fare {fare: 250.0, route_id: C001}]"
Colombo,Kandy,17:05,20:05,250.0,"[:Schedule {service_type: Luxury, arrival: 20:05, route_no: 01, route_type: Express Route, arrival_to_terminal: 16:35, Runing Days: Odd Days, departure: 17:05, fare_type: AC, Source: 01 Kandy - Colombo Panal -OddDays_extracted_tables_english new.pdf}]","[:Fare {fare: 250.0, route_id: C001}]"
Colombo,Kandy,17:20,21:20,250.0,"[:Schedule {service_type: Luxury, arrival: 21:20, route_no: 01, route_type: Normal Route, arrival_to_terminal: 16:50, Runing Days: Odd Days, departure: 17:20, fare_type: AC, Source: 01 Kandy - Colombo Panal -OddDays_extracted_tables_english new.pdf}]","[:Fare {fare: 250.0, route_id: C001}]"
Colombo,Kandy,17:20,21:20,250.0,"[:Schedule {service_type: Luxury, arrival: 21:20, route_no: 01, route_type: Normal Route, arrival_to_terminal: 16:50, Runing Days: Odd Days, departure: 17:20, fare_type: AC, Source: 01 Kandy - Colombo Panal -OddDays_extracted_tables_english new.pdf}]","[:Fare {fare: 250.0, route_id: C001}]"
Colombo,Kandy,17:35,20:35,250.0,"[:Schedule {service_type: Luxury, arrival: 20:35, route_no: 01, route_type: Express Route, arrival_to_terminal: 17:05, Runing Days: Odd Days, departure: 17:35, fare_type: AC, Source: 01 Kandy - Colombo Panal -OddDays_extracted_tables_english new.pdf}]","[:Fare {fare: 250.0, route_id: C001}]"
Colombo,Kandy,17:35,20:35,250.0,"[:Schedule {service_type: Luxury, arrival: 20:35, route_no: 01, route_type: Express Route, arrival_to_terminal: 17:05, Runing Days: Odd Days, departure: 17:35, fare_type: AC, Source: 01 Kandy - Colombo Panal -OddDays_extracted_tables_english new.pdf}]","[:Fare {fare: 250.0, route_id: C001}]"
Colombo,Kandy,17:50,21:50,250.0,"[:Schedule {service_type: Luxury, arrival: 21:50, route_no: 01, route_type: Normal Route, arrival_to_terminal: 17:20, Runing Days: Odd Days, departure: 17:50, fare_type: AC, Source: 01 Kandy - Colombo Panal -OddDays_extracted_tables_english new.pdf}]","[:Fare {fare: 250.0, route_id: C001}]"
Colombo,Kandy,17:50,21:50,250.0,"[:Schedule {service_type: Luxury, arrival: 21:50, route_no: 01, route_type: Normal Route, arrival_to_terminal: 17:20, Runing Days: Odd Days, departure: 17:50, fare_type: AC, Source: 01 Kandy - Colombo Panal -OddDays_extracted_tables_english new.pdf}]","[:Fare {fare: 250.0, route_id: C001}]"
Colombo,Kandy,18:05,21:05,250.0,"[:Schedule {service_type: Luxury, arrival: 21:05, route_no: 01, route_type: Express Route, arrival_to_terminal: 17:35, Runing Days: Odd Days, departure: 18:05, fare_type: AC, Source: 01 Kandy - Colombo Panal -OddDays_extracted_tables_english new.pdf}]","[:Fare {fare: 250.0, route_id: C001}]"
Colombo,Kandy,18:05,21:05,250.0,"[:Schedule {service_type: Luxury, arrival: 21:05, route_no: 01, route_type: Express Route, arrival_to_terminal: 17:35, Runing Days: Odd Days, departure: 18:05, fare_type: AC, Source: 01 Kandy - Colombo Panal -OddDays_extracted_tables_english new.pdf}]","[:Fare {fare: 250.0, route_id: C001}]"
Colombo,Kandy,18:20,22:20,250.0,"[:Schedule {service_type: Luxury, arrival: 22:20, route_no: 01, route_type: Normal Route, arrival_to_terminal: 17:50, Runing Days: Odd Days, departure: 18:20, fare_type: AC, Source: 01 Kandy - Colombo Panal -OddDays_extracted_tables_english new.pdf}]","[:Fare {fare: 250.0, route_id: C001}]"
Colombo,Kandy,18:20,22:20,250.0,"[:Schedule {service_type: Luxury, arrival: 22:20, route_no: 01, route_type: Normal Route, arrival_to_terminal: 17:50, Runing Days: Odd Days, departure: 18:20, fare_type: AC, Source: 01 Kandy - Colombo Panal -OddDays_extracted_tables_english new.pdf}]","[:Fare {fare: 250.0, route_id: C001}]"
Colombo,Kandy,18:35,21:35,250.0,"[:Schedule {service_type: Luxury, arrival: 21:35, route_no: 01, route_type: Express Route, arrival_to_terminal: 18:05, Runing Days: Odd Days, departure: 18:35, fare_type: AC, Source: 01 Kandy - Colombo Panal -OddDays_extracted_tables_english new.pdf}]","[:Fare {fare: 250.0, route_id: C001}]"
Colombo,Kandy,18:35,21:35,250.0,"[:Schedule {service_type: Luxury, arrival: 21:35, route_no: 01, route_type: Express Route, arrival_to_terminal: 18:05, Runing Days: Odd Days, departure: 18:35, fare_type: AC, Source: 01 Kandy - Colombo Panal -OddDays_extracted_tables_english new.pdf}]","[:Fare {fare: 250.0, route_id: C001}]"
Colombo,Kandy,18:50,22:50,250.0,"[:Schedule {service_type: Luxury, arrival: 22:50, route_no: 01, route_type: Normal Route, arrival_to_terminal: 18:20, Runing Days: Odd Days, departure: 18:50, fare_type: AC, Source: 01 Kandy - Colombo Panal -OddDays_extracted_tables_english new.pdf}]","[:Fare {fare: 250.0, route_id: C001}]"
Colombo,Kandy,18:50,22:50,250.0,"[:Schedule {service_type: Luxury, arrival: 22:50, route_no: 01, route_type: Normal Route, arrival_to_terminal: 18:20, Runing Days: Odd Days, departure: 18:50, fare_type: AC, Source: 01 Kandy - Colombo Panal -OddDays_extracted_tables_english new.pdf}]","[:Fare {fare: 250.0, route_id: C001}]"
Colombo,Kandy,19:05,22:05,250.0,"[:Schedule {service_type: Luxury, arrival: 22:05, route_no: 01, route_type: Express Route, arrival_to_terminal: 18:35, Runing Days: Odd Days, departure: 19:05, fare_type: AC, Source: 01 Kandy - Colombo Panal -OddDays_extracted_tables_english new.pdf}]","[:Fare {fare: 250.0, route_id: C001}]"
Colombo,Kandy,19:05,22:05,250.0,"[:Schedule {service_type: Luxury, arrival: 22:05, route_no: 01, route_type: Express Route, arrival_to_terminal: 18:35, Runing Days: Odd Days, departure: 19:05, fare_type: AC, Source: 01 Kandy - Colombo Panal -OddDays_extracted_tables_english new.pdf}]","[:Fare {fare: 250.0, route_id: C001}]"
Colombo,Kandy,19:25,23:25,250.0,"[:Schedule {service_type: Luxury, arrival: 23:25, route_no: 01, route_type: Normal Route, arrival_to_terminal: 18:55, Runing Days: Odd Days, departure: 19:25, fare_type: AC, Source: 01 Kandy - Colombo Panal -OddDays_extracted_tables_english new.pdf}]","[:Fare {fare: 250.0, route_id: C001}]"
Colombo,Kandy,19:25,23:25,250.0,"[:Schedule {service_type: Luxury, arrival: 23:25, route_no: 01, route_type: Normal Route, arrival_to_terminal: 18:55, Runing Days: Odd Days, departure: 19:25, fare_type: AC, Source: 01 Kandy - Colombo Panal -OddDays_extracted_tables_english new.pdf}]","[:Fare {fare: 250.0, route_id: C001}]"
Colombo,Kandy,19:45,22:45,250.0,"[:Schedule {service_type: Luxury, arrival: 22:45, route_no: 01, route_type: Express Route, arrival_to_terminal: 19:15, Runing Days: Odd Days, departure: 19:45, fare_type: AC, Source: 01 Kandy - Colombo Panal -OddDays_extracted_tables_english new.pdf}]","[:Fare {fare: 250.0, route_id: C001}]"
Colombo,Kandy,19:45,22:45,250.0,"[:Schedule {service_type: Luxury, arrival: 22:45, route_no: 01, route_type: Express Route, arrival_to_terminal: 19:15, Runing Days: Odd Days, departure: 19:45, fare_type: AC, Source: 01 Kandy - Colombo Panal -OddDays_extracted_tables_english new.pdf}]","[:Fare {fare: 250.0, route_id: C001}]"
Colombo,Kandy,20:05,0:05,250.0,"[:Schedule {service_type: Luxury, arrival: 0:05, route_no: 01, route_type: Normal Route, arrival_to_terminal: 19:35, Runing Days: Odd Days, departure: 20:05, fare_type: AC, Source: 01 Kandy - Colombo Panal -OddDays_extracted_tables_english new.pdf}]","[:Fare {fare: 250.0, route_id: C001}]"
Colombo,Kandy,20:05,0:05,250.0,"[:Schedule {service_type: Luxury, arrival: 0:05, route_no: 01, route_type: Normal Route, arrival_to_terminal: 19:35, Runing Days: Odd Days, departure: 20:05, fare_type: AC, Source: 01 Kandy - Colombo Panal -OddDays_extracted_tables_english new.pdf}]","[:Fare {fare: 250.0, route_id: C001}]"
Colombo,Kandy,20:25,23:25,250.0,"[:Schedule {service_type: Luxury, arrival: 23:25, route_no: 01, route_type: Express Route, arrival_to_terminal: 19:55, Runing Days: Odd Days, departure: 20:25, fare_type: AC, Source: 01 Kandy - Colombo Panal -OddDays_extracted_tables_english new.pdf}]","[:Fare {fare: 250.0, route_id: C001}]"
Colombo,Kandy,20:25,23:25,250.0,"[:Schedule {service_type: Luxury, arrival: 23:25, route_no: 01, route_type: Express Route, arrival_to_terminal: 19:55, Runing Days: Odd Days, departure: 20:25, fare_type: AC, Source: 01 Kandy - Colombo Panal -OddDays_extracted_tables_english new.pdf}]","[:Fare {fare: 250.0, route_id: C001}]"
Colombo,Kandy,20:45,0:45,250.0,"[:Schedule {service_type: Luxury, arrival: 0:45, route_no: 01, route_type: Normal Route, arrival_to_terminal: 20:15, Runing Days: Odd Days, departure: 20:45, fare_type: AC, Source: 01 Kandy - Colombo Panal -OddDays_extracted_tables_english new.pdf}]","[:Fare {fare: 250.0, route_id: C001}]"
Colombo,Kandy,20:45,0:45,250.0,"[:Schedule {service_type: Luxury, arrival: 0:45, route_no: 01, route_type: Normal Route, arrival_to_terminal: 20:15, Runing Days: Odd Days, departure: 20:45, fare_type: AC, Source: 01 Kandy - Colombo Panal -OddDays_extracted_tables_english new.pdf}]","[:Fare {fare: 250.0, route_id: C001}]"
Colombo,Kandy,21:05,0:05,250.0,"[:Schedule {service_type: Luxury, arrival: 0:05, route_no: 01, route_type: Express Route, arrival_to_terminal: 20:35, Runing Days: Odd Days, departure: 21:05, fare_type: AC, Source: 01 Kandy - Colombo Panal -OddDays_extracted_tables_english new.pdf}]","[:Fare {fare: 250.0, route_id: C001}]"
Colombo,Kandy,21:05,0:05,250.0,"[:Schedule {service_type: Luxury, arrival: 0:05, route_no: 01, route_type: Express Route, arrival_to_terminal: 20:35, Runing Days: Odd Days, departure: 21:05, fare_type: AC, Source: 01 Kandy - Colombo Panal -OddDays_extracted_tables_english new.pdf}]","[:Fare {fare: 250.0, route_id: C001}]"
Colombo,Kandy,21:50,1:50,250.0,"[:Schedule {service_type: Luxury, arrival: 1:50, route_no: 01, route_type: Normal Route, arrival_to_terminal: 21:20, Runing Days: Odd Days, departure: 21:50, fare_type: AC, Source: 01 Kandy - Colombo Panal -OddDays_extracted_tables_english new.pdf}]","[:Fare {fare: 250.0, route_id: C001}]"
Colombo,Kandy,21:50,1:50,250.0,"[:Schedule {service_type: Luxury, arrival: 1:50, route_no: 01, route_type: Normal Route, arrival_to_terminal: 21:20, Runing Days: Odd Days, departure: 21:50, fare_type: AC, Source: 01 Kandy - Colombo Panal -OddDays_extracted_tables_english new.pdf}]","[:Fare {fare: 250.0, route_id: C001}]"
Colombo,Kandy,22:35,1:35,250.0,"[:Schedule {service_type: Luxury, arrival: 1:35, route_no: 01, route_type: Express Route, arrival_to_terminal: 22:05, Runing Days: Odd Days, departure: 22:35, fare_type: AC, Source: 01 Kandy - Colombo Panal -OddDays_extracted_tables_english new.pdf}]","[:Fare {fare: 250.0, route_id: C001}]"
Colombo,Kandy,22:35,1:35,250.0,"[:Schedule {service_type: Luxury, arrival: 1:35, route_no: 01, route_type: Express Route, arrival_to_terminal: 22:05, Runing Days: Odd Days, departure: 22:35, fare_type: AC, Source: 01 Kandy - Colombo Panal -OddDays_extracted_tables_english new.pdf}]","[:Fare {fare: 250.0, route_id: C001}]"
Colombo,Kandy,3:45,7:45,250.0,"[:Schedule {arrival: 7:45, route_type: Normal Route, arrival_to_terminal: 3:00, Runing Days: Even Days, departure: 3:45, Source: 01 Kandy - Colombo Panal-Even_extracted_tables_english new.pdf}]","[:Fare {fare: 250.0, route_id: C001}]"
Colombo,Kandy,3:45,7:45,250.0,"[:Schedule {arrival: 7:45, route_type: Normal Route, arrival_to_terminal: 3:00, Runing Days: Even Days, departure: 3:45, Source: 01 Kandy - Colombo Panal-Even_extracted_tables_english new.pdf}]","[:Fare {fare: 250.0, route_id: C001}]"
Colombo,Kandy,4:25,7:25,250.0,"[:Schedule {arrival: 7:25, route_type: Express Route, arrival_to_terminal: 3:45, Runing Days: Even Days, departure: 4:25, Source: 01 Kandy - Colombo Panal-Even_extracted_tables_english new.pdf}]","[:Fare {fare: 250.0, route_id: C001}]"
Colombo,Kandy,4:25,7:25,250.0,"[:Schedule {arrival: 7:25, route_type: Express Route, arrival_to_terminal: 3:45, Runing Days: Even Days, departure: 4:25, Source: 01 Kandy - Colombo Panal-Even_extracted_tables_english new.pdf}]","[:Fare {fare: 250.0, route_id: C001}]"
Colombo,Kandy,4:50,8:50,250.0,"[:Schedule {arrival: 8:50, route_type: Normal Route, arrival_to_terminal: 4:25, Runing Days: Even Days, departure: 4:50, Source: 01 Kandy - Colombo Panal-Even_extracted_tables_english new.pdf}]","[:Fare {fare: 250.0, route_id: C001}]"
Colombo,Kandy,4:50,8:50,250.0,"[:Schedule {arrival: 8:50, route_type: Normal Route, arrival_to_terminal: 4:25, Runing Days: Even Days, departure: 4:50, Source: 01 Kandy - Colombo Panal-Even_extracted_tables_english new.pdf}]","[:Fare {fare: 250.0, route_id: C001}]"
Colombo,Kandy,5:15,8:15,250.0,"[:Schedule {arrival: 8:15, route_type: Express Route, arrival_to_terminal: 4:50, Runing Days: Even Days, departure: 5:15, Source: 01 Kandy - Colombo Panal-Even_extracted_tables_english new.pdf}]","[:Fare {fare: 250.0, route_id: C001}]"
Colombo,Kandy,5:15,8:15,250.0,"[:Schedule {arrival: 8:15, route_type: Express Route, arrival_to_terminal: 4:50, Runing Days: Even Days, departure: 5:15, Source: 01 Kandy - Colombo Panal-Even_extracted_tables_english new.pdf}]","[:Fare {fare: 250.0, route_id: C001}]"
Colombo,Kandy,5:40,9:40,250.0,"[:Schedule {arrival: 9:40, route_type: Normal Route, arrival_to_terminal: 5:15, Runing Days: Even Days, departure: 5:40, Source: 01 Kandy - Colombo Panal-Even_extracted_tables_english new.pdf}]","[:Fare {fare: 250.0, route_id: C001}]"
Colombo,Kandy,5:40,9:40,250.0,"[:Schedule {arrival: 9:40, route_type: Normal Route, arrival_to_terminal: 5:15, Runing Days: Even Days, departure: 5:40, Source: 01 Kandy - Colombo Panal-Even_extracted_tables_english new.pdf}]","[:Fare {fare: 250.0, route_id: C001}]"
Colombo,Kandy,5:55,8:55,250.0,"[:Schedule {arrival: 8:55, route_type: Express Route, arrival_to_terminal: 5:40, Runing Days: Even Days, departure: 5:55, Source: 01 Kandy - Colombo Panal-Even_extracted_tables_english new.pdf}]","[:Fare {fare: 250.0, route_id: C001}]"
Colombo,Kandy,5:55,8:55,250.0,"[:Schedule {arrival: 8:55, route_type: Express Route, arrival_to_terminal: 5:40, Runing Days: Even Days, departure: 5:55, Source: 01 Kandy - Colombo Panal-Even_extracted_tables_english new.pdf}]","[:Fare {fare: 250.0, route_id: C001}]"
Colombo,Kandy,6:10,10:10,250.0,"[:Schedule {arrival: 10:10, route_type: Normal Route, arrival_to_terminal: 5:55, Runing Days: Even Days, departure: 6:10, Source: 01 Kandy - Colombo Panal-Even_extracted_tables_english new.pdf}]","[:Fare {fare: 250.0, route_id: C001}]"
Colombo,Kandy,6:10,10:10,250.0,"[:Schedule {arrival: 10:10, route_type: Normal Route, arrival_to_terminal: 5:55, Runing Days: Even Days, departure: 6:10, Source: 01 Kandy - Colombo Panal-Even_extracted_tables_english new.pdf}]","[:Fare {fare: 250.0, route_id: C001}]"
Colombo,Kandy,6:25,9:25,250.0,"[:Schedule {arrival: 9:25, route_type: Express Route, arrival_to_terminal: 6:10, Runing Days: Even Days, departure: 6:25, Source: 01 Kandy - Colombo Panal-Even_extracted_tables_english new.pdf}]","[:Fare {fare: 250.0, route_id: C001}]"
Colombo,Kandy,6:25,9:25,250.0,"[:Schedule {arrival: 9:25, route_type: Express Route, arrival_to_terminal: 6:10, Runing Days: Even Days, departure: 6:25, Source: 01 Kandy - Colombo Panal-Even_extracted_tables_english new.pdf}]","[:Fare {fare: 250.0, route_id: C001}]"
Colombo,Kandy,6:40,10:40,250.0,"[:Schedule {arrival: 10:40, route_type: Normal Route, arrival_to_terminal: 6:25, Runing Days: Even Days, departure: 6:40, Source: 01 Kandy - Colombo Panal-Even_extracted_tables_english new.pdf}]","[:Fare {fare: 250.0, route_id: C001}]"
Colombo,Kandy,6:40,10:40,250.0,"[:Schedule {arrival: 10:40, route_type: Normal Route, arrival_to_terminal: 6:25, Runing Days: Even Days, departure: 6:40, Source: 01 Kandy - Colombo Panal-Even_extracted_tables_english new.pdf}]","[:Fare {fare: 250.0, route_id: C001}]"
Colombo,Kandy,7:00,10:00,250.0,"[:Schedule {arrival: 10:00, route_type: Express Route, arrival_to_terminal: 6:40, Runing Days: Even Days, departure: 7:00, Source: 01 Kandy - Colombo Panal-Even_extracted_tables_english new.pdf}]","[:Fare {fare: 250.0, route_id: C001}]"
Colombo,Kandy,7:00,10:00,250.0,"[:Schedule {arrival: 10:00, route_type: Express Route, arrival_to_terminal: 6:40, Runing Days: Even Days, departure: 7:00, Source: 01 Kandy - Colombo Panal-Even_extracted_tables_english new.pdf}]","[:Fare {fare: 250.0, route_id: C001}]"
Colombo,Kandy,7:20,11:20,250.0,"[:Schedule {arrival: 11:20, route_type: Normal Route, arrival_to_terminal: 7:00, Runing Days: Even Days, departure: 7:20, Source: 01 Kandy - Colombo Panal-Even_extracted_tables_english new.pdf}]","[:Fare {fare: 250.0, route_id: C001}]"
Colombo,Kandy,7:20,11:20,250.0,"[:Schedule {arrival: 11:20, route_type: Normal Route, arrival_to_terminal: 7:00, Runing Days: Even Days, departure: 7:20, Source: 01 Kandy - Colombo Panal-Even_extracted_tables_english new.pdf}]","[:Fare {fare: 250.0, route_id: C001}]"
Colombo,Kandy,7:40,10:40,250.0,"[:Schedule {arrival: 10:40, route_type: Express Route, arrival_to_terminal: 7:20, Runing Days: Even Days, departure: 7:40, Source: 01 Kandy - Colombo Panal-Even_extracted_tables_english new.pdf}]","[:Fare {fare: 250.0, route_id: C001}]"
Colombo,Kandy,7:40,10:40,250.0,"[:Schedule {arrival: 10:40, route_type: Express Route, arrival_to_terminal: 7:20, Runing Days: Even Days, departure: 7:40, Source: 01 Kandy - Colombo Panal-Even_extracted_tables_english new.pdf}]","[:Fare {fare: 250.0, route_id: C001}]"
Colombo,Kandy,8:00,12:00,250.0,"[:Schedule {arrival: 12:00, route_type: Normal Route, arrival_to_terminal: 7:40, Runing Days: Even Days, departure: 8:00, Source: 01 Kandy - Colombo Panal-Even_extracted_tables_english new.pdf}]","[:Fare {fare: 250.0, route_id: C001}]"
Colombo,Kandy,8:00,12:00,250.0,"[:Schedule {arrival: 12:00, route_type: Normal Route, arrival_to_terminal: 7:40, Runing Days: Even Days, departure: 8:00, Source: 01 Kandy - Colombo Panal-Even_extracted_tables_english new.pdf}]","[:Fare {fare: 250.0, route_id: C001}]"
Colombo,Kandy,8:20,11:20,250.0,"[:Schedule {arrival: 11:20, route_type: Express Route, arrival_to_terminal: 8:00, Runing Days: Even Days, departure: 8:20, Source: 01 Kandy - Colombo Panal-Even_extracted_tables_english new.pdf}]","[:Fare {fare: 250.0, route_id: C001}]"
Colombo,Kandy,8:20,11:20,250.0,"[:Schedule {arrival: 11:20, route_type: Express Route, arrival_to_terminal: 8:00, Runing Days: Even Days, departure: 8:20, Source: 01 Kandy - Colombo Panal-Even_extracted_tables_english new.pdf}]","[:Fare {fare: 250.0, route_id: C001}]"
Colombo,Kandy,8:40,12:40,250.0,"[:Schedule {arrival: 12:40, route_type: Normal Route, arrival_to_terminal: 8:20, Runing Days: Even Days, departure: 8:40, Source: 01 Kandy - Colombo Panal-Even_extracted_tables_english new.pdf}]","[:Fare {fare: 250.0, route_id: C001}]"
Colombo,Kandy,8:40,12:40,250.0,"[:Schedule {arrival: 12:40, route_type: Normal Route, arrival_to_terminal: 8:20, Runing Days: Even Days, departure: 8:40, Source: 01 Kandy - Colombo Panal-Even_extracted_tables_english new.pdf}]","[:Fare {fare: 250.0, route_id: C001}]"
Colombo,Kandy,9:00,12:00,250.0,"[:Schedule {arrival: 12:00, route_type: Express Route, arrival_to_terminal: 8:40, Runing Days: Even Days, departure: 9:00, Source: 01 Kandy - Colombo Panal-Even_extracted_tables_english new.pdf}]","[:Fare {fare: 250.0, route_id: C001}]"
Colombo,Kandy,9:00,12:00,250.0,"[:Schedule {arrival: 12:00, route_type: Express Route, arrival_to_terminal: 8:40, Runing Days: Even Days, departure: 9:00, Source: 01 Kandy - Colombo Panal-Even_extracted_tables_english new.pdf}]","[:Fare {fare: 250.0, route_id: C001}]"
Colombo,Kandy,9:20,13:20,250.0,"[:Schedule {arrival: 13:20, route_type: Normal Route, arrival_to_terminal: 9:00, Runing Days: Even Days, departure: 9:20, Source: 01 Kandy - Colombo Panal-Even_extracted_tables_english new.pdf}]","[:Fare {fare: 250.0, route_id: C001}]"
Colombo,Kandy,9:20,13:20,250.0,"[:Schedule {arrival: 13:20, route_type: Normal Route, arrival_to_terminal: 9:00, Runing Days: Even Days, departure: 9:20, Source: 01 Kandy - Colombo Panal-Even_extracted_tables_english new.pdf}]","[:Fare {fare: 250.0, route_id: C001}]"
Colombo,Kandy,9:40,12:40,250.0,"[:Schedule {arrival: 12:40, route_type: Express Route, arrival_to_terminal: 9:20, Runing Days: Even Days, departure: 9:40, Source: 01 Kandy - Colombo Panal-Even_extracted_tables_english new.pdf}]","[:Fare {fare: 250.0, route_id: C001}]"
Colombo,Kandy,9:40,12:40,250.0,"[:Schedule {arrival: 12:40, route_type: Express Route, arrival_to_terminal: 9:20, Runing Days: Even Days, departure: 9:40, Source: 01 Kandy - Colombo Panal-Even_extracted_tables_english new.pdf}]","[:Fare {fare: 250.0, route_id: C001}]"
Colombo,Kandy,10:00,14:00,250.0,"[:Schedule {arrival: 14:00, route_type: Normal Route, arrival_to_terminal: 9:40, Runing Days: Even Days, departure: 10:00, Source: 01 Kandy - Colombo Panal-Even_extracted_tables_english new.pdf}]","[:Fare {fare: 250.0, route_id: C001}]"
Colombo,Kandy,10:00,14:00,250.0,"[:Schedule {arrival: 14:00, route_type: Normal Route, arrival_to_terminal: 9:40, Runing Days: Even Days, departure: 10:00, Source: 01 Kandy - Colombo Panal-Even_extracted_tables_english new.pdf}]","[:Fare {fare: 250.0, route_id: C001}]"
Colombo,Kandy,10:20,13:20,250.0,"[:Schedule {arrival: 13:20, route_type: Express Route, arrival_to_terminal: 10:00, Runing Days: Even Days, departure: 10:20, Source: 01 Kandy - Colombo Panal-Even_extracted_tables_english new.pdf}]","[:Fare {fare: 250.0, route_id: C001}]"
Colombo,Kandy,10:20,13:20,250.0,"[:Schedule {arrival: 13:20, route_type: Express Route, arrival_to_terminal: 10:00, Runing Days: Even Days, departure: 10:20, Source: 01 Kandy - Colombo Panal-Even_extracted_tables_english new.pdf}]","[:Fare {fare: 250.0, route_id: C001}]"
Colombo,Kandy,10:40,14:40,250.0,"[:Schedule {arrival: 14:40, route_type: Normal Route, arrival_to_terminal: 10:20, Runing Days: Even Days, departure: 10:40, Source: 01 Kandy - Colombo Panal-Even_extracted_tables_english new.pdf}]","[:Fare {fare: 250.0, route_id: C001}]"
Colombo,Kandy,10:40,14:40,250.0,"[:Schedule {arrival: 14:40, route_type: Normal Route, arrival_to_terminal: 10:20, Runing Days: Even Days, departure: 10:40, Source: 01 Kandy - Colombo Panal-Even_extracted_tables_english new.pdf}]","[:Fare {fare: 250.0, route_id: C001}]"
Colombo,Kandy,11:00,14:00,250.0,"[:Schedule {arrival: 14:00, route_type: Express Route, arrival_to_terminal: 10:40, Runing Days: Even Days, departure: 11:00, Source: 01 Kandy - Colombo Panal-Even_extracted_tables_english new.pdf}]","[:Fare {fare: 250.0, route_id: C001}]"
Colombo,Kandy,11:00,14:00,250.0,"[:Schedule {arrival: 14:00, route_type: Express Route, arrival_to_terminal: 10:40, Runing Days: Even Days, departure: 11:00, Source: 01 Kandy - Colombo Panal-Even_extracted_tables_english new.pdf}]","[:Fare {fare: 250.0, route_id: C001}]"
Colombo,Kandy,11:20,15:20,250.0,"[:Schedule {arrival: 15:20, route_type: Normal Route, arrival_to_terminal: 11:00, Runing Days: Even Days, departure: 11:20, Source: 01 Kandy - Colombo Panal-Even_extracted_tables_english new.pdf}]","[:Fare {fare: 250.0, route_id: C001}]"
Colombo,Kandy,11:20,15:20,250.0,"[:Schedule {arrival: 15:20, route_type: Normal Route, arrival_to_terminal: 11:00, Runing Days: Even Days, departure: 11:20, Source: 01 Kandy - Colombo Panal-Even_extracted_tables_english new.pdf}]","[:Fare {fare: 250.0, route_id: C001}]"
Colombo,Kandy,11:40,14:40,250.0,"[:Schedule {arrival: 14:40, route_type: Express Route, arrival_to_terminal: 11:20, Runing Days: Even Days, departure: 11:40, Source: 01 Kandy - Colombo Panal-Even_extracted_tables_english new.pdf}]","[:Fare {fare: 250.0, route_id: C001}]"
Colombo,Kandy,11:40,14:40,250.0,"[:Schedule {arrival: 14:40, route_type: Express Route, arrival_to_terminal: 11:20, Runing Days: Even Days, departure: 11:40, Source: 01 Kandy - Colombo Panal-Even_extracted_tables_english new.pdf}]","[:Fare {fare: 250.0, route_id: C001}]"
Colombo,Kandy,12:00,16:00,250.0,"[:Schedule {arrival: 16:00, route_type: Normal Route, arrival_to_terminal: 11:40, Runing Days: Even Days, departure: 12:00, Source: 01 Kandy - Colombo Panal-Even_extracted_tables_english new.pdf}]","[:Fare {fare: 250.0, route_id: C001}]"
Colombo,Kandy,12:00,16:00,250.0,"[:Schedule {arrival: 16:00, route_type: Normal Route, arrival_to_terminal: 11:40, Runing Days: Even Days, departure: 12:00, Source: 01 Kandy - Colombo Panal-Even_extracted_tables_english new.pdf}]","[:Fare {fare: 250.0, route_id: C001}]"
Colombo,Kandy,12:20,15:20,250.0,"[:Schedule {arrival: 15:20, route_type: Express Route, arrival_to_terminal: 12:00, Runing Days: Even Days, departure: 12:20, Source: 01 Kandy - Colombo Panal-Even_extracted_tables_english new.pdf}]","[:Fare {fare: 250.0, route_id: C001}]"
Colombo,Kandy,12:20,15:20,250.0,"[:Schedule {arrival: 15:20, route_type: Express Route, arrival_to_terminal: 12:00, Runing Days: Even Days, departure: 12:20, Source: 01 Kandy - Colombo Panal-Even_extracted_tables_english new.pdf}]","[:Fare {fare: 250.0, route_id: C001}]"
Colombo,Kandy,12:40,16:40,250.0,"[:Schedule {arrival: 16:40, route_type: Normal Route, arrival_to_terminal: 12:20, Runing Days: Even Days, departure: 12:40, Source: 01 Kandy - Colombo Panal-Even_extracted_tables_english new.pdf}]","[:Fare {fare: 250.0, route_id: C001}]"
Colombo,Kandy,12:40,16:40,250.0,"[:Schedule {arrival: 16:40, route_type: Normal Route, arrival_to_terminal: 12:20, Runing Days: Even Days, departure: 12:40, Source: 01 Kandy - Colombo Panal-Even_extracted_tables_english new.pdf}]","[:Fare {fare: 250.0, route_id: C001}]"
Colombo,Kandy,13:00,16:00,250.0,"[:Schedule {arrival: 16:00, route_type: Express Route, arrival_to_terminal: 12:40, Runing Days: Even Days, departure: 13:00, Source: 01 Kandy - Colombo Panal-Even_extracted_tables_english new.pdf}]","[:Fare {fare: 250.0, route_id: C001}]"
Colombo,Kandy,13:00,16:00,250.0,"[:Schedule {arrival: 16:00, route_type: Express Route, arrival_to_terminal: 12:40, Runing Days: Even Days, departure: 13:00, Source: 01 Kandy - Colombo Panal-Even_extracted_tables_english new.pdf}]","[:Fare {fare: 250.0, route_id: C001}]"
Colombo,Kandy,13:15,17:15,250.0,"[:Schedule {arrival: 17:15, route_type: Normal Route, arrival_to_terminal: 13:00, Runing Days: Even Days, departure: 13:15, Source: 01 Kandy - Colombo Panal-Even_extracted_tables_english new.pdf}]","[:Fare {fare: 250.0, route_id: C001}]"
Colombo,Kandy,13:15,17:15,250.0,"[:Schedule {arrival: 17:15, route_type: Normal Route, arrival_to_terminal: 13:00, Runing Days: Even Days, departure: 13:15, Source: 01 Kandy - Colombo Panal-Even_extracted_tables_english new.pdf}]","[:Fare {fare: 250.0, route_id: C001}]"
Colombo,Kandy,13:30,16:30,250.0,"[:Schedule {arrival: 16:30, route_type: Express Route, arrival_to_terminal: 13:15, Runing Days: Even Days, departure: 13:30, Source: 01 Kandy - Colombo Panal-Even_extracted_tables_english new.pdf}]","[:Fare {fare: 250.0, route_id: C001}]"
Colombo,Kandy,13:30,16:30,250.0,"[:Schedule {arrival: 16:30, route_type: Express Route, arrival_to_terminal: 13:15, Runing Days: Even Days, departure: 13:30, Source: 01 Kandy - Colombo Panal-Even_extracted_tables_english new.pdf}]","[:Fare {fare: 250.0, route_id: C001}]"
Colombo,Kandy,13:45,17:45,250.0,"[:Schedule {arrival: 17:45, route_type: Normal Route, arrival_to_terminal: 13:30, Runing Days: Even Days, departure: 13:45, Source: 01 Kandy - Colombo Panal-Even_extracted_tables_english new.pdf}]","[:Fare {fare: 250.0, route_id: C001}]"
Colombo,Kandy,13:45,17:45,250.0,"[:Schedule {arrival: 17:45, route_type: Normal Route, arrival_to_terminal: 13:30, Runing Days: Even Days, departure: 13:45, Source: 01 Kandy - Colombo Panal-Even_extracted_tables_english new.pdf}]","[:Fare {fare: 250.0, route_id: C001}]"
Colombo,Kandy,14:00,17:00,250.0,"[:Schedule {arrival: 17:00, route_type: Express Route, arrival_to_terminal: 13:45, Runing Days: Even Days, departure: 14:00, Source: 01 Kandy - Colombo Panal-Even_extracted_tables_english new.pdf}]","[:Fare {fare: 250.0, route_id: C001}]"
Colombo,Kandy,14:00,17:00,250.0,"[:Schedule {arrival: 17:00, route_type: Express Route, arrival_to_terminal: 13:45, Runing Days: Even Days, departure: 14:00, Source: 01 Kandy - Colombo Panal-Even_extracted_tables_english new.pdf}]","[:Fare {fare: 250.0, route_id: C001}]"
Colombo,Kandy,14:15,18:15,250.0,"[:Schedule {arrival: 18:15, route_type: Normal Route, arrival_to_terminal: 14:00, Runing Days: Even Days, departure: 14:15, Source: 01 Kandy - Colombo Panal-Even_extracted_tables_english new.pdf}]","[:Fare {fare: 250.0, route_id: C001}]"
Colombo,Kandy,14:15,18:15,250.0,"[:Schedule {arrival: 18:15, route_type: Normal Route, arrival_to_terminal: 14:00, Runing Days: Even Days, departure: 14:15, Source: 01 Kandy - Colombo Panal-Even_extracted_tables_english new.pdf}]","[:Fare {fare: 250.0, route_id: C001}]"
Colombo,Kandy,14:30,17:30,250.0,"[:Schedule {arrival: 17:30, route_type: Express Route, arrival_to_terminal: 14:15, Runing Days: Even Days, departure: 14:30, Source: 01 Kandy - Colombo Panal-Even_extracted_tables_english new.pdf}]","[:Fare {fare: 250.0, route_id: C001}]"
Colombo,Kandy,14:30,17:30,250.0,"[:Schedule {arrival: 17:30, route_type: Express Route, arrival_to_terminal: 14:15, Runing Days: Even Days, departure: 14:30, Source: 01 Kandy - Colombo Panal-Even_extracted_tables_english new.pdf}]","[:Fare {fare: 250.0, route_id: C001}]"
Colombo,Kandy,14:45,18:45,250.0,"[:Schedule {arrival: 18:45, route_type: Normal Route, arrival_to_terminal: 14:30, Runing Days: Even Days, departure: 14:45, Source: 01 Kandy - Colombo Panal-Even_extracted_tables_english new.pdf}]","[:Fare {fare: 250.0, route_id: C001}]"
Colombo,Kandy,14:45,18:45,250.0,"[:Schedule {arrival: 18:45, route_type: Normal Route, arrival_to_terminal: 14:30, Runing Days: Even Days, departure: 14:45, Source: 01 Kandy - Colombo Panal-Even_extracted_tables_english new.pdf}]","[:Fare {fare: 250.0, route_id: C001}]"
Colombo,Kandy,15:05,18:05,250.0,"[:Schedule {arrival: 18:05, route_type: Express Route, arrival_to_terminal: 14:45, Runing Days: Even Days, departure: 15:05, Source: 01 Kandy - Colombo Panal-Even_extracted_tables_english new.pdf}]","[:Fare {fare: 250.0, route_id: C001}]"
Colombo,Kandy,15:05,18:05,250.0,"[:Schedule {arrival: 18:05, route_type: Express Route, arrival_to_terminal: 14:45, Runing Days: Even Days, departure: 15:05, Source: 01 Kandy - Colombo Panal-Even_extracted_tables_english new.pdf}]","[:Fare {fare: 250.0, route_id: C001}]"
Colombo,Kandy,15:25,19:25,250.0,"[:Schedule {arrival: 19:25, route_type: Normal Route, arrival_to_terminal: 15:05, Runing Days: Even Days, departure: 15:25, Source: 01 Kandy - Colombo Panal-Even_extracted_tables_english new.pdf}]","[:Fare {fare: 250.0, route_id: C001}]"
Colombo,Kandy,15:25,19:25,250.0,"[:Schedule {arrival: 19:25, route_type: Normal Route, arrival_to_terminal: 15:05, Runing Days: Even Days, departure: 15:25, Source: 01 Kandy - Colombo Panal-Even_extracted_tables_english new.pdf}]","[:Fare {fare: 250.0, route_id: C001}]"
Colombo,Kandy,15:45,18:45,250.0,"[:Schedule {arrival: 18:45, route_type: Express Route, arrival_to_terminal: 15:25, Runing Days: Even Days, departure: 15:45, Source: 01 Kandy - Colombo Panal-Even_extracted_tables_english new.pdf}]","[:Fare {fare: 250.0, route_id: C001}]"
Colombo,Kandy,15:45,18:45,250.0,"[:Schedule {arrival: 18:45, route_type: Express Route, arrival_to_terminal: 15:25, Runing Days: Even Days, departure: 15:45, Source: 01 Kandy - Colombo Panal-Even_extracted_tables_english new.pdf}]","[:Fare {fare: 250.0, route_id: C001}]"
Colombo,Kandy,16:05,20:05,250.0,"[:Schedule {arrival: 20:05, route_type: Normal Route, arrival_to_terminal: 15:45, Runing Days: Even Days, departure: 16:05, Source: 01 Kandy - Colombo Panal-Even_extracted_tables_english new.pdf}]","[:Fare {fare: 250.0, route_id: C001}]"
Colombo,Kandy,16:05,20:05,250.0,"[:Schedule {arrival: 20:05, route_type: Normal Route, arrival_to_terminal: 15:45, Runing Days: Even Days, departure: 16:05, Source: 01 Kandy - Colombo Panal-Even_extracted_tables_english new.pdf}]","[:Fare {fare: 250.0, route_id: C001}]"
Colombo,Kandy,16:20,19:20,250.0,"[:Schedule {arrival: 19:20, route_type: Express Route, arrival_to_terminal: 16:05, Runing Days: Even Days, departure: 16:20, Source: 01 Kandy - Colombo Panal-Even_extracted_tables_english new.pdf}]","[:Fare {fare: 250.0, route_id: C001}]"
Colombo,Kandy,16:20,19:20,250.0,"[:Schedule {arrival: 19:20, route_type: Express Route, arrival_to_terminal: 16:05, Runing Days: Even Days, departure: 16:20, Source: 01 Kandy - Colombo Panal-Even_extracted_tables_english new.pdf}]","[:Fare {fare: 250.0, route_id: C001}]"
Colombo,Kandy,16:35,20:35,250.0,"[:Schedule {arrival: 20:35, route_type: Normal Route, arrival_to_terminal: 16:20, Runing Days: Even Days, departure: 16:35, Source: 01 Kandy - Colombo Panal-Even_extracted_tables_english new.pdf}]","[:Fare {fare: 250.0, route_id: C001}]"
Colombo,Kandy,16:35,20:35,250.0,"[:Schedule {arrival: 20:35, route_type: Normal Route, arrival_to_terminal: 16:20, Runing Days: Even Days, departure: 16:35, Source: 01 Kandy - Colombo Panal-Even_extracted_tables_english new.pdf}]","[:Fare {fare: 250.0, route_id: C001}]"
Colombo,Kandy,16:50,19:50,250.0,"[:Schedule {arrival: 19:50, route_type: Express Route, arrival_to_terminal: 16:35, Runing Days: Even Days, departure: 16:50, Source: 01 Kandy - Colombo Panal-Even_extracted_tables_english new.pdf}]","[:Fare {fare: 250.0, route_id: C001}]"
Colombo,Kandy,16:50,19:50,250.0,"[:Schedule {arrival: 19:50, route_type: Express Route, arrival_to_terminal: 16:35, Runing Days: Even Days, departure: 16:50, Source: 01 Kandy - Colombo Panal-Even_extracted_tables_english new.pdf}]","[:Fare {fare: 250.0, route_id: C001}]"
Colombo,Kandy,17:05,21:05,250.0,"[:Schedule {arrival: 21:05, route_type: Normal Route, arrival_to_terminal: 16:50, Runing Days: Even Days, departure: 17:05, Source: 01 Kandy - Colombo Panal-Even_extracted_tables_english new.pdf}]","[:Fare {fare: 250.0, route_id: C001}]"
Colombo,Kandy,17:05,21:05,250.0,"[:Schedule {arrival: 21:05, route_type: Normal Route, arrival_to_terminal: 16:50, Runing Days: Even Days, departure: 17:05, Source: 01 Kandy - Colombo Panal-Even_extracted_tables_english new.pdf}]","[:Fare {fare: 250.0, route_id: C001}]"
Colombo,Kandy,17:20,20:20,250.0,"[:Schedule {arrival: 20:20, route_type: Express Route, arrival_to_terminal: 17:05, Runing Days: Even Days, departure: 17:20, Source: 01 Kandy - Colombo Panal-Even_extracted_tables_english new.pdf}]","[:Fare {fare: 250.0, route_id: C001}]"
Colombo,Kandy,17:20,20:20,250.0,"[:Schedule {arrival: 20:20, route_type: Express Route, arrival_to_terminal: 17:05, Runing Days: Even Days, departure: 17:20, Source: 01 Kandy - Colombo Panal-Even_extracted_tables_english new.pdf}]","[:Fare {fare: 250.0, route_id: C001}]"
Colombo,Kandy,17:35,21:35,250.0,"[:Schedule {arrival: 21:35, route_type: Normal Route, arrival_to_terminal: 17:20, Runing Days: Even Days, departure: 17:35, Source: 01 Kandy - Colombo Panal-Even_extracted_tables_english new.pdf}]","[:Fare {fare: 250.0, route_id: C001}]"
Colombo,Kandy,17:35,21:35,250.0,"[:Schedule {arrival: 21:35, route_type: Normal Route, arrival_to_terminal: 17:20, Runing Days: Even Days, departure: 17:35, Source: 01 Kandy - Colombo Panal-Even_extracted_tables_english new.pdf}]","[:Fare {fare: 250.0, route_id: C001}]"
Colombo,Kandy,17:50,20:50,250.0,"[:Schedule {arrival: 20:50, route_type: Express Route, arrival_to_terminal: 17:35, Runing Days: Even Days, departure: 17:50, Source: 01 Kandy - Colombo Panal-Even_extracted_tables_english new.pdf}]","[:Fare {fare: 250.0, route_id: C001}]"
Colombo,Kandy,17:50,20:50,250.0,"[:Schedule {arrival: 20:50, route_type: Express Route, arrival_to_terminal: 17:35, Runing Days: Even Days, departure: 17:50, Source: 01 Kandy - Colombo Panal-Even_extracted_tables_english new.pdf}]","[:Fare {fare: 250.0, route_id: C001}]"
Colombo,Kandy,18:05,22:05,250.0,"[:Schedule {arrival: 22:05, route_type: Normal Route, arrival_to_terminal: 17:50, Runing Days: Even Days, departure: 18:05, Source: 01 Kandy - Colombo Panal-Even_extracted_tables_english new.pdf}]","[:Fare {fare: 250.0, route_id: C001}]"
Colombo,Kandy,18:05,22:05,250.0,"[:Schedule {arrival: 22:05, route_type: Normal Route, arrival_to_terminal: 17:50, Runing Days: Even Days, departure: 18:05, Source: 01 Kandy - Colombo Panal-Even_extracted_tables_english new.pdf}]","[:Fare {fare: 250.0, route_id: C001}]"
Colombo,Kandy,18:20,21:20,250.0,"[:Schedule {arrival: 21:20, route_type: Express Route, arrival_to_terminal: 18:05, Runing Days: Even Days, departure: 18:20, Source: 01 Kandy - Colombo Panal-Even_extracted_tables_english new.pdf}]","[:Fare {fare: 250.0, route_id: C001}]"
Colombo,Kandy,18:20,21:20,250.0,"[:Schedule {arrival: 21:20, route_type: Express Route, arrival_to_terminal: 18:05, Runing Days: Even Days, departure: 18:20, Source: 01 Kandy - Colombo Panal-Even_extracted_tables_english new.pdf}]","[:Fare {fare: 250.0, route_id: C001}]"
Colombo,Kandy,18:35,22:35,250.0,"[:Schedule {arrival: 22:35, route_type: Normal Route, arrival_to_terminal: 18:20, Runing Days: Even Days, departure: 18:35, Source: 01 Kandy - Colombo Panal-Even_extracted_tables_english new.pdf}]","[:Fare {fare: 250.0, route_id: C001}]"
Colombo,Kandy,18:35,22:35,250.0,"[:Schedule {arrival: 22:35, route_type: Normal Route, arrival_to_terminal: 18:20, Runing Days: Even Days, departure: 18:35, Source: 01 Kandy - Colombo Panal-Even_extracted_tables_english new.pdf}]","[:Fare {fare: 250.0, route_id: C001}]"
Colombo,Kandy,18:55,21:55,250.0,"[:Schedule {arrival: 21:55, route_type: Express Route, arrival_to_terminal: 18:35, Runing Days: Even Days, departure: 18:55, Source: 01 Kandy - Colombo Panal-Even_extracted_tables_english new.pdf}]","[:Fare {fare: 250.0, route_id: C001}]"
Colombo,Kandy,18:55,21:55,250.0,"[:Schedule {arrival: 21:55, route_type: Express Route, arrival_to_terminal: 18:35, Runing Days: Even Days, departure: 18:55, Source: 01 Kandy - Colombo Panal-Even_extracted_tables_english new.pdf}]","[:Fare {fare: 250.0, route_id: C001}]"
Colombo,Kandy,19:15,23:15,250.0,"[:Schedule {arrival: 23:15, route_type: Normal Route, arrival_to_terminal: 18:55, Runing Days: Even Days, departure: 19:15, Source: 01 Kandy - Colombo Panal-Even_extracted_tables_english new.pdf}]","[:Fare {fare: 250.0, route_id: C001}]"
Colombo,Kandy,19:15,23:15,250.0,"[:Schedule {arrival: 23:15, route_type: Normal Route, arrival_to_terminal: 18:55, Runing Days: Even Days, departure: 19:15, Source: 01 Kandy - Colombo Panal-Even_extracted_tables_english new.pdf}]","[:Fare {fare: 250.0, route_id: C001}]"
Colombo,Kandy,19:35,22:35,250.0,"[:Schedule {arrival: 22:35, route_type: Express Route, arrival_to_terminal: 19:15, Runing Days: Even Days, departure: 19:35, Source: 01 Kandy - Colombo Panal-Even_extracted_tables_english new.pdf}]","[:Fare {fare: 250.0, route_id: C001}]"
Colombo,Kandy,19:35,22:35,250.0,"[:Schedule {arrival: 22:35, route_type: Express Route, arrival_to_terminal: 19:15, Runing Days: Even Days, departure: 19:35, Source: 01 Kandy - Colombo Panal-Even_extracted_tables_english new.pdf}]","[:Fare {fare: 250.0, route_id: C001}]"
Colombo,Kandy,19:55,23:55,250.0,"[:Schedule {arrival: 23:55, route_type: Normal Route, arrival_to_terminal: 19:35, Runing Days: Even Days, departure: 19:55, Source: 01 Kandy - Colombo Panal-Even_extracted_tables_english new.pdf}]","[:Fare {fare: 250.0, route_id: C001}]"
Colombo,Kandy,19:55,23:55,250.0,"[:Schedule {arrival: 23:55, route_type: Normal Route, arrival_to_terminal: 19:35, Runing Days: Even Days, departure: 19:55, Source: 01 Kandy - Colombo Panal-Even_extracted_tables_english new.pdf}]","[:Fare {fare: 250.0, route_id: C001}]"
Colombo,Kandy,20:15,23:15,250.0,"[:Schedule {arrival: 23:15, route_type: Express Route, arrival_to_terminal: 19:55, Runing Days: Even Days, departure: 20:15, Source: 01 Kandy - Colombo Panal-Even_extracted_tables_english new.pdf}]","[:Fare {fare: 250.0, route_id: C001}]"
Colombo,Kandy,20:15,23:15,250.0,"[:Schedule {arrival: 23:15, route_type: Express Route, arrival_to_terminal: 19:55, Runing Days: Even Days, departure: 20:15, Source: 01 Kandy - Colombo Panal-Even_extracted_tables_english new.pdf}]","[:Fare {fare: 250.0, route_id: C001}]"
Colombo,Kandy,20:35,0:35,250.0,"[:Schedule {arrival: 0:35, route_type: Normal Route, arrival_to_terminal: 20:15, Runing Days: Even Days, departure: 20:35, Source: 01 Kandy - Colombo Panal-Even_extracted_tables_english new.pdf}]","[:Fare {fare: 250.0, route_id: C001}]"
Colombo,Kandy,20:35,0:35,250.0,"[:Schedule {arrival: 0:35, route_type: Normal Route, arrival_to_terminal: 20:15, Runing Days: Even Days, departure: 20:35, Source: 01 Kandy - Colombo Panal-Even_extracted_tables_english new.pdf}]","[:Fare {fare: 250.0, route_id: C001}]"
Colombo,Kandy,21:20,0:20,250.0,"[:Schedule {arrival: 0:20, route_type: Express Route, arrival_to_terminal: 20:35, Runing Days: Even Days, departure: 21:20, Source: 01 Kandy - Colombo Panal-Even_extracted_tables_english new.pdf}]","[:Fare {fare: 250.0, route_id: C001}]"
Colombo,Kandy,21:20,0:20,250.0,"[:Schedule {arrival: 0:20, route_type: Express Route, arrival_to_terminal: 20:35, Runing Days: Even Days, departure: 21:20, Source: 01 Kandy - Colombo Panal-Even_extracted_tables_english new.pdf}]","[:Fare {fare: 250.0, route_id: C001}]"
Colombo,Kandy,22:05,2:05,250.0,"[:Schedule {arrival: 2:05, route_type: Normal Route, arrival_to_terminal: 21:20, Runing Days: Even Days, departure: 22:05, Source: 01 Kandy - Colombo Panal-Even_extracted_tables_english new.pdf}]","[:Fare {fare: 250.0, route_id: C001}]"
Colombo,Kandy,22:05,2:05,250.0,"[:Schedule {arrival: 2:05, route_type: Normal Route, arrival_to_terminal: 21:20, Runing Days: Even Days, departure: 22:05, Source: 01 Kandy - Colombo Panal-Even_extracted_tables_english new.pdf}]","[:Fare {fare: 250.0, route_id: C001}]"
Colombo,Kandy,23:00,2:00,250.0,"[:Schedule {arrival: 2:00, route_type: Express Route, arrival_to_terminal: 22:05, Runing Days: Even Days, departure: 23:00, Source: 01 Kandy - Colombo Panal-Even_extracted_tables_english new.pdf}]","[:Fare {fare: 250.0, route_id: C001}]"
Colombo,Kandy,23:00,2:00,250.0,"[:Schedule {arrival: 2:00, route_type: Express Route, arrival_to_terminal: 22:05, Runing Days: Even Days, departure: 23:00, Source: 01 Kandy - Colombo Panal-Even_extracted_tables_english new.pdf}]","[:Fare {fare: 250.0, route_id: C001}]"
Colombo,Kandy,0:15,3:50,250.0,"[:Schedule {arrival: 3:50, route_no: 38-1, route_type: Normal, departure: 0:15, Source: 22-8, 38 Colombo - Ampara, Mahiyanganaya, Bibila 4.pdf}]","[:Fare {fare: 250.0, route_id: C001}]"
Colombo,Kandy,0:15,3:50,250.0,"[:Schedule {arrival: 3:50, route_no: 38-1, route_type: Normal, departure: 0:15, Source: 22-8, 38 Colombo - Ampara, Mahiyanganaya, Bibila 4.pdf}]","[:Fare {fare: 250.0, route_id: C001}]"
Colombo,Kandy,2:45,6:20,250.0,"[:Schedule {arrival: 6:20, route_no: 38-1, route_type: Normal, departure: 2:45, Source: 22-8, 38 Colombo - Ampara, Mahiyanganaya, Bibila 4.pdf}]","[:Fare {fare: 250.0, route_id: C001}]"
Colombo,Kandy,2:45,6:20,250.0,"[:Schedule {arrival: 6:20, route_no: 38-1, route_type: Normal, departure: 2:45, Source: 22-8, 38 Colombo - Ampara, Mahiyanganaya, Bibila 4.pdf}]","[:Fare {fare: 250.0, route_id: C001}]"
Colombo,Kandy,8:00,11:35,250.0,"[:Schedule {arrival: 11:35, route_no: 38-1, route_type: Normal, departure: 8:00, Source: 22-8, 38 Colombo - Ampara, Mahiyanganaya, Bibila 4.pdf}]","[:Fare {fare: 250.0, route_id: C001}]"
Colombo,Kandy,8:00,11:35,250.0,"[:Schedule {arrival: 11:35, route_no: 38-1, route_type: Normal, departure: 8:00, Source: 22-8, 38 Colombo - Ampara, Mahiyanganaya, Bibila 4.pdf}]","[:Fare {fare: 250.0, route_id: C001}]"
Colombo,Kandy,14:45,18:20,250.0,"[:Schedule {arrival: 18:20, route_no: 38-1, route_type: Normal, departure: 14:45, Source: 22-8, 38 Colombo - Ampara, Mahiyanganaya, Bibila 4.pdf}]","[:Fare {fare: 250.0, route_id: C001}]"
Colombo,Kandy,14:45,18:20,250.0,"[:Schedule {arrival: 18:20, route_no: 38-1, route_type: Normal, departure: 14:45, Source: 22-8, 38 Colombo - Ampara, Mahiyanganaya, Bibila 4.pdf}]","[:Fare {fare: 250.0, route_id: C001}]"
Colombo,Kandy,16:45,20:20,250.0,"[:Schedule {arrival: 20:20, route_no: 38-1, route_type: Normal, departure: 16:45, Source: 22-8, 38 Colombo - Ampara, Mahiyanganaya, Bibila 4.pdf}]","[:Fare {fare: 250.0, route_id: C001}]"
Colombo,Kandy,16:45,20:20,250.0,"[:Schedule {arrival: 20:20, route_no: 38-1, route_type: Normal, departure: 16:45, Source: 22-8, 38 Colombo - Ampara, Mahiyanganaya, Bibila 4.pdf}]","[:Fare {fare: 250.0, route_id: C001}]"
Colombo,Kandy,19:45,23:20,250.0,"[:Schedule {arrival: 23:20, route_no: 38-1, route_type: Normal, departure: 19:45, Source: 22-8, 38 Colombo - Ampara, Mahiyanganaya, Bibila 4.pdf}]","[:Fare {fare: 250.0, route_id: C001}]"
Colombo,Kandy,19:45,23:20,250.0,"[:Schedule {arrival: 23:20, route_no: 38-1, route_type: Normal, departure: 19:45, Source: 22-8, 38 Colombo - Ampara, Mahiyanganaya, Bibila 4.pdf}]","[:Fare {fare: 250.0, route_id: C001}]"
Colombo,Kandy,23:30,3:05,250.0,"[:Schedule {arrival: 3:05, route_no: 38-1, route_type: Normal, departure: 23:30, Source: 22-8, 38 Colombo - Ampara, Mahiyanganaya, Bibila 4.pdf}]","[:Fare {fare: 250.0, route_id: C001}]"
Colombo,Kandy,23:30,3:05,250.0,"[:Schedule {arrival: 3:05, route_no: 38-1, route_type: Normal, departure: 23:30, Source: 22-8, 38 Colombo - Ampara, Mahiyanganaya, Bibila 4.pdf}]","[:Fare {fare: 250.0, route_id: C001}]"
Colombo,Kandy,6:00,9:30,250.0,"[:Schedule {service_type: Luxury, arrival: 9:30, route_no: 22-7, route_type: Normal, departure: 6:00, Source: 22-8, 38 Colombo - Ampara, Mahiyanganaya, Bibila 6.pdf}]","[:Fare {fare: 250.0, route_id: C001}]"
Colombo,Kandy,6:00,9:30,250.0,"[:Schedule {service_type: Luxury, arrival: 9:30, route_no: 22-7, route_type: Normal, departure: 6:00, Source: 22-8, 38 Colombo - Ampara, Mahiyanganaya, Bibila 6.pdf}]","[:Fare {fare: 250.0, route_id: C001}]"
Colombo,Kandy,20:00,23:05,250.0,"[:Schedule {service_type: Luxury, arrival: 23:05, route_no: 22-7, route_type: Normal, departure: 20:00, Source: 22-8, 38 Colombo - Ampara, Mahiyanganaya, Bibila 6.pdf}]","[:Fare {fare: 250.0, route_id: C001}]"
Colombo,Kandy,20:00,23:05,250.0,"[:Schedule {service_type: Luxury, arrival: 23:05, route_no: 22-7, route_type: Normal, departure: 20:00, Source: 22-8, 38 Colombo - Ampara, Mahiyanganaya, Bibila 6.pdf}]","[:Fare {fare: 250.0, route_id: C001}]"
Colombo,Kandy,20:00,23:05,250.0,"[:Schedule {service_type: Luxury, arrival: 23:05, route_no: 22-7, route_type: Normal, departure: 20:00, Source: 22-8, 38 Colombo - Ampara, Mahiyanganaya, Bibila 6.pdf}]","[:Fare {fare: 250.0, route_id: C001}]"
Colombo,Kandy,20:00,23:05,250.0,"[:Schedule {service_type: Luxury, arrival: 23:05, route_no: 22-7, route_type: Normal, departure: 20:00, Source: 22-8, 38 Colombo - Ampara, Mahiyanganaya, Bibila 6.pdf}]","[:Fare {fare: 250.0, route_id: C001}]"
Colombo,Kandy,20:10,23:15,250.0,"[:Schedule {service_type: Luxury, arrival: 23:15, route_no: 22-7, route_type: Normal, departure: 20:10, Source: 22-8, 38 Colombo - Ampara, Mahiyanganaya, Bibila 6.pdf}]","[:Fare {fare: 250.0, route_id: C001}]"
Colombo,Kandy,20:10,23:15,250.0,"[:Schedule {service_type: Luxury, arrival: 23:15, route_no: 22-7, route_type: Normal, departure: 20:10, Source: 22-8, 38 Colombo - Ampara, Mahiyanganaya, Bibila 6.pdf}]","[:Fare {fare: 250.0, route_id: C001}]"
Colombo,Kandy,20:10,23:15,250.0,"[:Schedule {service_type: Luxury, arrival: 23:15, route_no: 22-7, route_type: Normal, departure: 20:10, Source: 22-8, 38 Colombo - Ampara, Mahiyanganaya, Bibila 6.pdf}]","[:Fare {fare: 250.0, route_id: C001}]"
Colombo,Kandy,20:10,23:15,250.0,"[:Schedule {service_type: Luxury, arrival: 23:15, route_no: 22-7, route_type: Normal, departure: 20:10, Source: 22-8, 38 Colombo - Ampara, Mahiyanganaya, Bibila 6.pdf}]","[:Fare {fare: 250.0, route_id: C001}]"
Colombo,Kandy,20:20,23:25,250.0,"[:Schedule {service_type: Luxury, arrival: 23:25, route_no: 22-7, route_type: Normal, departure: 20:20, Source: 22-8, 38 Colombo - Ampara, Mahiyanganaya, Bibila 6.pdf}]","[:Fare {fare: 250.0, route_id: C001}]"
Colombo,Kandy,20:20,23:25,250.0,"[:Schedule {service_type: Luxury, arrival: 23:25, route_no: 22-7, route_type: Normal, departure: 20:20, Source: 22-8, 38 Colombo - Ampara, Mahiyanganaya, Bibila 6.pdf}]","[:Fare {fare: 250.0, route_id: C001}]"
Colombo,Kandy,20:20,23:25,250.0,"[:Schedule {service_type: Luxury, arrival: 23:25, route_no: 22-7, route_type: Normal, departure: 20:20, Source: 22-8, 38 Colombo - Ampara, Mahiyanganaya, Bibila 6.pdf}]","[:Fare {fare: 250.0, route_id: C001}]"
Colombo,Kandy,20:20,23:25,250.0,"[:Schedule {service_type: Luxury, arrival: 23:25, route_no: 22-7, route_type: Normal, departure: 20:20, Source: 22-8, 38 Colombo - Ampara, Mahiyanganaya, Bibila 6.pdf}]","[:Fare {fare: 250.0, route_id: C001}]"
Colombo,Kandy,20:30,23:35,250.0,"[:Schedule {service_type: Luxury, arrival: 23:35, route_no: 22-7, route_type: Normal, departure: 20:30, Source: 22-8, 38 Colombo - Ampara, Mahiyanganaya, Bibila 6.pdf}]","[:Fare {fare: 250.0, route_id: C001}]"
Colombo,Kandy,20:30,23:35,250.0,"[:Schedule {service_type: Luxury, arrival: 23:35, route_no: 22-7, route_type: Normal, departure: 20:30, Source: 22-8, 38 Colombo - Ampara, Mahiyanganaya, Bibila 6.pdf}]","[:Fare {fare: 250.0, route_id: C001}]"
Colombo,Kandy,20:30,23:35,250.0,"[:Schedule {service_type: Luxury, arrival: 23:35, route_no: 22-7, route_type: Normal, departure: 20:30, Source: 22-8, 38 Colombo - Ampara, Mahiyanganaya, Bibila 6.pdf}]","[:Fare {fare: 250.0, route_id: C001}]"
Colombo,Kandy,20:30,23:35,250.0,"[:Schedule {service_type: Luxury, arrival: 23:35, route_no: 22-7, route_type: Normal, departure: 20:30, Source: 22-8, 38 Colombo - Ampara, Mahiyanganaya, Bibila 6.pdf}]","[:Fare {fare: 250.0, route_id: C001}]"
Colombo,Kandy,20:40,23:45,250.0,"[:Schedule {service_type: Luxury, arrival: 23:45, route_no: 22-7, route_type: Normal, departure: 20:40, Source: 22-8, 38 Colombo - Ampara, Mahiyanganaya, Bibila 6.pdf}]","[:Fare {fare: 250.0, route_id: C001}]"
Colombo,Kandy,20:40,23:45,250.0,"[:Schedule {service_type: Luxury, arrival: 23:45, route_no: 22-7, route_type: Normal, departure: 20:40, Source: 22-8, 38 Colombo - Ampara, Mahiyanganaya, Bibila 6.pdf}]","[:Fare {fare: 250.0, route_id: C001}]"
Colombo,Kandy,20:50,23:55,250.0,"[:Schedule {service_type: Luxury, arrival: 23:55, route_no: 22-7, route_type: Normal, departure: 20:50, Source: 22-8, 38 Colombo - Ampara, Mahiyanganaya, Bibila 6.pdf}]","[:Fare {fare: 250.0, route_id: C001}]"
Colombo,Kandy,20:50,23:55,250.0,"[:Schedule {service_type: Luxury, arrival: 23:55, route_no: 22-7, route_type: Normal, departure: 20:50, Source: 22-8, 38 Colombo - Ampara, Mahiyanganaya, Bibila 6.pdf}]","[:Fare {fare: 250.0, route_id: C001}]"
Colombo,Kandy,20:50,23:55,250.0,"[:Schedule {service_type: Luxury, arrival: 23:55, route_no: 22-7, route_type: Normal, departure: 20:50, Source: 22-8, 38 Colombo - Ampara, Mahiyanganaya, Bibila 6.pdf}]","[:Fare {fare: 250.0, route_id: C001}]"
Colombo,Kandy,20:50,23:55,250.0,"[:Schedule {service_type: Luxury, arrival: 23:55, route_no: 22-7, route_type: Normal, departure: 20:50, Source: 22-8, 38 Colombo - Ampara, Mahiyanganaya, Bibila 6.pdf}]","[:Fare {fare: 250.0, route_id: C001}]"
Colombo,Kandy,21:00,0:05,250.0,"[:Schedule {service_type: Luxury, arrival: 0:05, route_no: 22-7, route_type: Normal, departure: 21:00, Source: 22-8, 38 Colombo - Ampara, Mahiyanganaya, Bibila 6.pdf}]","[:Fare {fare: 250.0, route_id: C001}]"
Colombo,Kandy,21:00,0:05,250.0,"[:Schedule {service_type: Luxury, arrival: 0:05, route_no: 22-7, route_type: Normal, departure: 21:00, Source: 22-8, 38 Colombo - Ampara, Mahiyanganaya, Bibila 6.pdf}]","[:Fare {fare: 250.0, route_id: C001}]"
Colombo,Kandy,21:00,0:05,250.0,"[:Schedule {service_type: Luxury, arrival: 0:05, route_no: 22-7, route_type: Normal, departure: 21:00, Source: 22-8, 38 Colombo - Ampara, Mahiyanganaya, Bibila 6.pdf}]","[:Fare {fare: 250.0, route_id: C001}]"
Colombo,Kandy,21:00,0:05,250.0,"[:Schedule {service_type: Luxury, arrival: 0:05, route_no: 22-7, route_type: Normal, departure: 21:00, Source: 22-8, 38 Colombo - Ampara, Mahiyanganaya, Bibila 6.pdf}]","[:Fare {fare: 250.0, route_id: C001}]"
Colombo,Kandy,21:10,0:15,250.0,"[:Schedule {service_type: Luxury, arrival: 0:15, route_no: 22-7, route_type: Normal, departure: 21:10, Source: 22-8, 38 Colombo - Ampara, Mahiyanganaya, Bibila 6.pdf}]","[:Fare {fare: 250.0, route_id: C001}]"
Colombo,Kandy,21:10,0:15,250.0,"[:Schedule {service_type: Luxury, arrival: 0:15, route_no: 22-7, route_type: Normal, departure: 21:10, Source: 22-8, 38 Colombo - Ampara, Mahiyanganaya, Bibila 6.pdf}]","[:Fare {fare: 250.0, route_id: C001}]"
Colombo,Kandy,21:10,0:15,250.0,"[:Schedule {service_type: Luxury, arrival: 0:15, route_no: 22-7, route_type: Normal, departure: 21:10, Source: 22-8, 38 Colombo - Ampara, Mahiyanganaya, Bibila 6.pdf}]","[:Fare {fare: 250.0, route_id: C001}]"
Colombo,Kandy,21:10,0:15,250.0,"[:Schedule {service_type: Luxury, arrival: 0:15, route_no: 22-7, route_type: Normal, departure: 21:10, Source: 22-8, 38 Colombo - Ampara, Mahiyanganaya, Bibila 6.pdf}]","[:Fare {fare: 250.0, route_id: C001}]"
Colombo,Kandy,21:20,0:25,250.0,"[:Schedule {service_type: Luxury, arrival: 0:25, route_no: 22-7, route_type: Normal, departure: 21:20, Source: 22-8, 38 Colombo - Ampara, Mahiyanganaya, Bibila 6.pdf}]","[:Fare {fare: 250.0, route_id: C001}]"
Colombo,Kandy,21:20,0:25,250.0,"[:Schedule {service_type: Luxury, arrival: 0:25, route_no: 22-7, route_type: Normal, departure: 21:20, Source: 22-8, 38 Colombo - Ampara, Mahiyanganaya, Bibila 6.pdf}]","[:Fare {fare: 250.0, route_id: C001}]"
Colombo,Kandy,21:30,0:35,250.0,"[:Schedule {service_type: Luxury, arrival: 0:35, route_no: 22-7, route_type: Normal, departure: 21:30, Source: 22-8, 38 Colombo - Ampara, Mahiyanganaya, Bibila 6.pdf}]","[:Fare {fare: 250.0, route_id: C001}]"
Colombo,Kandy,21:30,0:35,250.0,"[:Schedule {service_type: Luxury, arrival: 0:35, route_no: 22-7, route_type: Normal, departure: 21:30, Source: 22-8, 38 Colombo - Ampara, Mahiyanganaya, Bibila 6.pdf}]","[:Fare {fare: 250.0, route_id: C001}]"
Colombo,Kandy,21:30,0:35,250.0,"[:Schedule {service_type: Luxury, arrival: 0:35, route_no: 22-7, route_type: Normal, departure: 21:30, Source: 22-8, 38 Colombo - Ampara, Mahiyanganaya, Bibila 6.pdf}]","[:Fare {fare: 250.0, route_id: C001}]"
Colombo,Kandy,21:30,0:35,250.0,"[:Schedule {service_type: Luxury, arrival: 0:35, route_no: 22-7, route_type: Normal, departure: 21:30, Source: 22-8, 38 Colombo - Ampara, Mahiyanganaya, Bibila 6.pdf}]","[:Fare {fare: 250.0, route_id: C001}]"
Colombo,Kandy,21:40,0:45,250.0,"[:Schedule {service_type: Luxury, arrival: 0:45, route_no: 22-7, route_type: Normal, departure: 21:40, Source: 22-8, 38 Colombo - Ampara, Mahiyanganaya, Bibila 6.pdf}]","[:Fare {fare: 250.0, route_id: C001}]"
Colombo,Kandy,21:40,0:45,250.0,"[:Schedule {service_type: Luxury, arrival: 0:45, route_no: 22-7, route_type: Normal, departure: 21:40, Source: 22-8, 38 Colombo - Ampara, Mahiyanganaya, Bibila 6.pdf}]","[:Fare {fare: 250.0, route_id: C001}]"
Colombo,Kandy,21:40,0:45,250.0,"[:Schedule {service_type: Luxury, arrival: 0:45, route_no: 22-7, route_type: Normal, departure: 21:40, Source: 22-8, 38 Colombo - Ampara, Mahiyanganaya, Bibila 6.pdf}]","[:Fare {fare: 250.0, route_id: C001}]"
Colombo,Kandy,21:40,0:45,250.0,"[:Schedule {service_type: Luxury, arrival: 0:45, route_no: 22-7, route_type: Normal, departure: 21:40, Source: 22-8, 38 Colombo - Ampara, Mahiyanganaya, Bibila 6.pdf}]","[:Fare {fare: 250.0, route_id: C001}]"
Colombo,Kandy,2:00,5:15,250.0,"[:Schedule {service_type: Semi-Luxury, arrival: 5:15, route_no: 21-6, route_type: normal, departure: 2:00, Source: 22-8, 38 Colombo - Ampara, Mahiyanganaya, Bibila 12.pdf}]","[:Fare {fare: 250.0, route_id: C001}]"
Colombo,Kandy,2:00,5:15,250.0,"[:Schedule {service_type: Semi-Luxury, arrival: 5:15, route_no: 21-6, route_type: normal, departure: 2:00, Source: 22-8, 38 Colombo - Ampara, Mahiyanganaya, Bibila 12.pdf}]","[:Fare {fare: 250.0, route_id: C001}]"
Colombo,Kandy,0:45,4:05,250.0,"[:Schedule {arrival: 4:05, route_no: 38-4, route_type: normal, departure: 0:45, Source: 22-8, 38 Colombo - Ampara, Mahiyanganaya, Bibila 14.pdf}]","[:Fare {fare: 250.0, route_id: C001}]"
Colombo,Kandy,0:45,4:05,250.0,"[:Schedule {arrival: 4:05, route_no: 38-4, route_type: normal, departure: 0:45, Source: 22-8, 38 Colombo - Ampara, Mahiyanganaya, Bibila 14.pdf}]","[:Fare {fare: 250.0, route_id: C001}]"
Colombo,Kandy,12:30,15:50,250.0,"[:Schedule {arrival: 15:50, route_no: 22-8, route_type: normal, departure: 12:30, Source: 22-8, 38 Colombo - Ampara, Mahiyanganaya, Bibila 16.pdf}]","[:Fare {fare: 250.0, route_id: C001}]"
Colombo,Kandy,12:30,15:50,250.0,"[:Schedule {arrival: 15:50, route_no: 22-8, route_type: normal, departure: 12:30, Source: 22-8, 38 Colombo - Ampara, Mahiyanganaya, Bibila 16.pdf}]","[:Fare {fare: 250.0, route_id: C001}]"
Colombo,Kandy,18:45,22:05,250.0,"[:Schedule {arrival: 22:05, route_no: 22-8, route_type: normal, departure: 18:45, Source: 22-8, 38 Colombo - Ampara, Mahiyanganaya, Bibila 16.pdf}]","[:Fare {fare: 250.0, route_id: C001}]"
Colombo,Kandy,18:45,22:05,250.0,"[:Schedule {arrival: 22:05, route_no: 22-8, route_type: normal, departure: 18:45, Source: 22-8, 38 Colombo - Ampara, Mahiyanganaya, Bibila 16.pdf}]","[:Fare {fare: 250.0, route_id: C001}]"
Colombo,Kandy,19:20,22:40,250.0,"[:Schedule {arrival: 22:40, route_no: 22-8, route_type: normal, departure: 19:20, Source: 22-8, 38 Colombo - Ampara, Mahiyanganaya, Bibila 16.pdf}]","[:Fare {fare: 250.0, route_id: C001}]"
Colombo,Kandy,19:20,22:40,250.0,"[:Schedule {arrival: 22:40, route_no: 22-8, route_type: normal, departure: 19:20, Source: 22-8, 38 Colombo - Ampara, Mahiyanganaya, Bibila 16.pdf}]","[:Fare {fare: 250.0, route_id: C001}]"
Colombo,Kandy,20:45,0:05,250.0,"[:Schedule {arrival: 0:05, route_no: 22-8, route_type: normal, departure: 20:45, Source: 22-8, 38 Colombo - Ampara, Mahiyanganaya, Bibila 16.pdf}]","[:Fare {fare: 250.0, route_id: C001}]"
Colombo,Kandy,20:45,0:05,250.0,"[:Schedule {arrival: 0:05, route_no: 22-8, route_type: normal, departure: 20:45, Source: 22-8, 38 Colombo - Ampara, Mahiyanganaya, Bibila 16.pdf}]","[:Fare {fare: 250.0, route_id: C001}]"
Colombo,Kandy,22:45,2:05,250.0,"[:Schedule {arrival: 2:05, route_no: 22-8, route_type: normal, departure: 22:45, Source: 22-8, 38 Colombo - Ampara, Mahiyanganaya, Bibila 16.pdf}]","[:Fare {fare: 250.0, route_id: C001}]"
Colombo,Kandy,22:45,2:05,250.0,"[:Schedule {arrival: 2:05, route_no: 22-8, route_type: normal, departure: 22:45, Source: 22-8, 38 Colombo - Ampara, Mahiyanganaya, Bibila 16.pdf}]","[:Fare {fare: 250.0, route_id: C001}]"
Colombo,Kandy,23:00,2:20,250.0,"[:Schedule {arrival: 2:20, route_no: 22-8, route_type: normal, departure: 23:00, Source: 22-8, 38 Colombo - Ampara, Mahiyanganaya, Bibila 16.pdf}]","[:Fare {fare: 250.0, route_id: C001}]"
Colombo,Kandy,23:00,2:20,250.0,"[:Schedule {arrival: 2:20, route_no: 22-8, route_type: normal, departure: 23:00, Source: 22-8, 38 Colombo - Ampara, Mahiyanganaya, Bibila 16.pdf}]","[:Fare {fare: 250.0, route_id: C001}]"
Colombo,Kandy,11:00,14:30,250.0,"[:Schedule {service_type: Semi-Luxury, arrival: 14:30, route_no: 38, route_type: normal, departure: 11:00, Source: 22-8, 38 Colombo - Ampara, Mahiyanganaya, Bibila 18.pdf}]","[:Fare {fare: 250.0, route_id: C001}]"
Colombo,Kandy,11:00,14:30,250.0,"[:Schedule {service_type: Semi-Luxury, arrival: 14:30, route_no: 38, route_type: normal, departure: 11:00, Source: 22-8, 38 Colombo - Ampara, Mahiyanganaya, Bibila 18.pdf}]","[:Fare {fare: 250.0, route_id: C001}]"
Colombo,Kandy,21:45,1:15,250.0,"[:Schedule {service_type: Semi-Luxury, arrival: 1:15, route_no: 38, route_type: normal, departure: 21:45, Source: 22-8, 38 Colombo - Ampara, Mahiyanganaya, Bibila 18.pdf}]","[:Fare {fare: 250.0, route_id: C001}]"
Colombo,Kandy,21:45,1:15,250.0,"[:Schedule {service_type: Semi-Luxury, arrival: 1:15, route_no: 38, route_type: normal, departure: 21:45, Source: 22-8, 38 Colombo - Ampara, Mahiyanganaya, Bibila 18.pdf}]","[:Fare {fare: 250.0, route_id: C001}]"
Colombo,Kandy,23:45,3:15,250.0,"[:Schedule {arrival: 3:15, route_no: 38, route_type: normal, departure: 23:45, Source: 22-8, 38 Colombo - Ampara, Mahiyanganaya, Bibila 21.pdf}]","[:Fare {fare: 250.0, route_id: C001}]"
Colombo,Kandy,23:45,3:15,250.0,"[:Schedule {arrival: 3:15, route_no: 38, route_type: normal, departure: 23:45, Source: 22-8, 38 Colombo - Ampara, Mahiyanganaya, Bibila 21.pdf}]","[:Fare {fare: 250.0, route_id: C001}]"
Colombo,Kandy,6.20,9:50,250.0,"[:Schedule {arrival: 9:50, route_no: 38, route_type: normal, departure: 6.20, Source: 22-8, 38 Colombo - Ampara, Mahiyanganaya, Bibila 21.pdf}]","[:Fare {fare: 250.0, route_id: C001}]"
Colombo,Kandy,6.20,9:50,250.0,"[:Schedule {arrival: 9:50, route_no: 38, route_type: normal, departure: 6.20, Source: 22-8, 38 Colombo - Ampara, Mahiyanganaya, Bibila 21.pdf}]","[:Fare {fare: 250.0, route_id: C001}]"
Colombo,Kandy,7:00,10:30,250.0,"[:Schedule {arrival: 10:30, route_no: 38, route_type: normal, departure: 7:00, Source: 22-8, 38 Colombo - Ampara, Mahiyanganaya, Bibila 21.pdf}]","[:Fare {fare: 250.0, route_id: C001}]"
Colombo,Kandy,7:00,10:30,250.0,"[:Schedule {arrival: 10:30, route_no: 38, route_type: normal, departure: 7:00, Source: 22-8, 38 Colombo - Ampara, Mahiyanganaya, Bibila 21.pdf}]","[:Fare {fare: 250.0, route_id: C001}]"
Colombo,Kandy,,10:35,250.0,"[:Schedule {arrival: 10:35, route_no: 38, route_type: normal, departure: , Source: 22-8, 38 Colombo - Ampara, Mahiyanganaya, Bibila 21.pdf}]","[:Fare {fare: 250.0, route_id: C001}]"
Colombo,Kandy,,10:35,250.0,"[:Schedule {arrival: 10:35, route_no: 38, route_type: normal, departure: , Source: 22-8, 38 Colombo - Ampara, Mahiyanganaya, Bibila 21.pdf}]","[:Fare {fare: 250.0, route_id: C001}]"
Colombo,Kandy,7:30,11:00,250.0,"[:Schedule {arrival: 11:00, route_no: 38, route_type: normal, departure: 7:30, Source: 22-8, 38 Colombo - Ampara, Mahiyanganaya, Bibila 21.pdf}]","[:Fare {fare: 250.0, route_id: C001}]"
Colombo,Kandy,7:30,11:00,250.0,"[:Schedule {arrival: 11:00, route_no: 38, route_type: normal, departure: 7:30, Source: 22-8, 38 Colombo - Ampara, Mahiyanganaya, Bibila 21.pdf}]","[:Fare {fare: 250.0, route_id: C001}]"
Colombo,Kandy,,11:20,250.0,"[:Schedule {arrival: 11:20, route_no: 38, route_type: normal, departure: , Source: 22-8, 38 Colombo - Ampara, Mahiyanganaya, Bibila 21.pdf}]","[:Fare {fare: 250.0, route_id: C001}]"
Colombo,Kandy,,11:20,250.0,"[:Schedule {arrival: 11:20, route_no: 38, route_type: normal, departure: , Source: 22-8, 38 Colombo - Ampara, Mahiyanganaya, Bibila 21.pdf}]","[:Fare {fare: 250.0, route_id: C001}]"
Colombo,Kandy,10:00,13:30,250.0,"[:Schedule {arrival: 13:30, route_no: 38, route_type: normal, departure: 10:00, Source: 22-8, 38 Colombo - Ampara, Mahiyanganaya, Bibila 21.pdf}]","[:Fare {fare: 250.0, route_id: C001}]"
Colombo,Kandy,10:00,13:30,250.0,"[:Schedule {arrival: 13:30, route_no: 38, route_type: normal, departure: 10:00, Source: 22-8, 38 Colombo - Ampara, Mahiyanganaya, Bibila 21.pdf}]","[:Fare {fare: 250.0, route_id: C001}]"
Colombo,Kandy,12:00,15:30,250.0,"[:Schedule {arrival: 15:30, route_no: 38, route_type: normal, departure: 12:00, Source: 22-8, 38 Colombo - Ampara, Mahiyanganaya, Bibila 21.pdf}]","[:Fare {fare: 250.0, route_id: C001}]"
Colombo,Kandy,12:00,15:30,250.0,"[:Schedule {arrival: 15:30, route_no: 38, route_type: normal, departure: 12:00, Source: 22-8, 38 Colombo - Ampara, Mahiyanganaya, Bibila 21.pdf}]","[:Fare {fare: 250.0, route_id: C001}]"
Colombo,Kandy,13:45,17:15,250.0,"[:Schedule {arrival: 17:15, route_no: 38, route_type: normal, departure: 13:45, Source: 22-8, 38 Colombo - Ampara, Mahiyanganaya, Bibila 21.pdf}]","[:Fare {fare: 250.0, route_id: C001}]"
Colombo,Kandy,13:45,17:15,250.0,"[:Schedule {arrival: 17:15, route_no: 38, route_type: normal, departure: 13:45, Source: 22-8, 38 Colombo - Ampara, Mahiyanganaya, Bibila 21.pdf}]","[:Fare {fare: 250.0, route_id: C001}]"
Colombo,Kandy,15:45,19:15,250.0,"[:Schedule {arrival: 19:15, route_no: 38, route_type: normal, departure: 15:45, Source: 22-8, 38 Colombo - Ampara, Mahiyanganaya, Bibila 21.pdf}]","[:Fare {fare: 250.0, route_id: C001}]"
Colombo,Kandy,15:45,19:15,250.0,"[:Schedule {arrival: 19:15, route_no: 38, route_type: normal, departure: 15:45, Source: 22-8, 38 Colombo - Ampara, Mahiyanganaya, Bibila 21.pdf}]","[:Fare {fare: 250.0, route_id: C001}]"
Colombo,Kandy,17:45,21:15,250.0,"[:Schedule {arrival: 21:15, route_no: 38, route_type: normal, departure: 17:45, Source: 22-8, 38 Colombo - Ampara, Mahiyanganaya, Bibila 21.pdf}]","[:Fare {fare: 250.0, route_id: C001}]"
Colombo,Kandy,17:45,21:15,250.0,"[:Schedule {arrival: 21:15, route_no: 38, route_type: normal, departure: 17:45, Source: 22-8, 38 Colombo - Ampara, Mahiyanganaya, Bibila 21.pdf}]","[:Fare {fare: 250.0, route_id: C001}]"
Colombo,Kandy,20:15,23:45,250.0,"[:Schedule {arrival: 23:45, route_no: 38, route_type: normal, departure: 20:15, Source: 22-8, 38 Colombo - Ampara, Mahiyanganaya, Bibila 21.pdf}]","[:Fare {fare: 250.0, route_id: C001}]"
Colombo,Kandy,20:15,23:45,250.0,"[:Schedule {arrival: 23:45, route_no: 38, route_type: normal, departure: 20:15, Source: 22-8, 38 Colombo - Ampara, Mahiyanganaya, Bibila 21.pdf}]","[:Fare {fare: 250.0, route_id: C001}]"
Colombo,Kandy,21:00,0:30,250.0,"[:Schedule {arrival: 0:30, route_no: 38, route_type: normal, departure: 21:00, Source: 22-8, 38 Colombo - Ampara, Mahiyanganaya, Bibila 21.pdf}]","[:Fare {fare: 250.0, route_id: C001}]"
Colombo,Kandy,21:00,0:30,250.0,"[:Schedule {arrival: 0:30, route_no: 38, route_type: normal, departure: 21:00, Source: 22-8, 38 Colombo - Ampara, Mahiyanganaya, Bibila 21.pdf}]","[:Fare {fare: 250.0, route_id: C001}]"
Colombo,Kandy,22:15,1:45,250.0,"[:Schedule {arrival: 1:45, route_no: 38, route_type: normal, departure: 22:15, Source: 22-8, 38 Colombo - Ampara, Mahiyanganaya, Bibila 21.pdf}]","[:Fare {fare: 250.0, route_id: C001}]"
Colombo,Kandy,22:15,1:45,250.0,"[:Schedule {arrival: 1:45, route_no: 38, route_type: normal, departure: 22:15, Source: 22-8, 38 Colombo - Ampara, Mahiyanganaya, Bibila 21.pdf}]","[:Fare {fare: 250.0, route_id: C001}]"
Colombo,Kandy,23:45,3:15,250.0,"[:Schedule {service_type: Normal, arrival: 3:15, route_no: 38, route_type: normal, departure: 23:45, Source: 22-8, 38 Colombo - Ampara, Mahiyanganaya, Bibila 23.pdf}]","[:Fare {fare: 250.0, route_id: C001}]"
Colombo,Kandy,23:45,3:15,250.0,"[:Schedule {service_type: Normal, arrival: 3:15, route_no: 38, route_type: normal, departure: 23:45, Source: 22-8, 38 Colombo - Ampara, Mahiyanganaya, Bibila 23.pdf}]","[:Fare {fare: 250.0, route_id: C001}]"
Colombo,Kandy,6.20,9:50,250.0,"[:Schedule {service_type: Normal, arrival: 9:50, route_no: 38, route_type: normal, departure: 6.20, Source: 22-8, 38 Colombo - Ampara, Mahiyanganaya, Bibila 23.pdf}]","[:Fare {fare: 250.0, route_id: C001}]"
Colombo,Kandy,6.20,9:50,250.0,"[:Schedule {service_type: Normal, arrival: 9:50, route_no: 38, route_type: normal, departure: 6.20, Source: 22-8, 38 Colombo - Ampara, Mahiyanganaya, Bibila 23.pdf}]","[:Fare {fare: 250.0, route_id: C001}]"
Colombo,Kandy,7:00,10:30,250.0,"[:Schedule {service_type: Normal, arrival: 10:30, route_no: 38, route_type: normal, departure: 7:00, Source: 22-8, 38 Colombo - Ampara, Mahiyanganaya, Bibila 23.pdf}]","[:Fare {fare: 250.0, route_id: C001}]"
Colombo,Kandy,7:00,10:30,250.0,"[:Schedule {service_type: Normal, arrival: 10:30, route_no: 38, route_type: normal, departure: 7:00, Source: 22-8, 38 Colombo - Ampara, Mahiyanganaya, Bibila 23.pdf}]","[:Fare {fare: 250.0, route_id: C001}]"
Colombo,Kandy,,10:35,250.0,"[:Schedule {service_type: Normal, arrival: 10:35, route_no: 38, route_type: normal, departure: , Source: 22-8, 38 Colombo - Ampara, Mahiyanganaya, Bibila 23.pdf}]","[:Fare {fare: 250.0, route_id: C001}]"
Colombo,Kandy,,10:35,250.0,"[:Schedule {service_type: Normal, arrival: 10:35, route_no: 38, route_type: normal, departure: , Source: 22-8, 38 Colombo - Ampara, Mahiyanganaya, Bibila 23.pdf}]","[:Fare {fare: 250.0, route_id: C001}]"
Colombo,Kandy,7:30,11:00,250.0,"[:Schedule {service_type: Normal, arrival: 11:00, route_no: 38, route_type: normal, departure: 7:30, Source: 22-8, 38 Colombo - Ampara, Mahiyanganaya, Bibila 23.pdf}]","[:Fare {fare: 250.0, route_id: C001}]"
Colombo,Kandy,7:30,11:00,250.0,"[:Schedule {service_type: Normal, arrival: 11:00, route_no: 38, route_type: normal, departure: 7:30, Source: 22-8, 38 Colombo - Ampara, Mahiyanganaya, Bibila 23.pdf}]","[:Fare {fare: 250.0, route_id: C001}]"
Colombo,Kandy,,11:20,250.0,"[:Schedule {service_type: Normal, arrival: 11:20, route_no: 38, route_type: normal, departure: , Source: 22-8, 38 Colombo - Ampara, Mahiyanganaya, Bibila 23.pdf}]","[:Fare {fare: 250.0, route_id: C001}]"
Colombo,Kandy,,11:20,250.0,"[:Schedule {service_type: Normal, arrival: 11:20, route_no: 38, route_type: normal, departure: , Source: 22-8, 38 Colombo - Ampara, Mahiyanganaya, Bibila 23.pdf}]","[:Fare {fare: 250.0, route_id: C001}]"
Colombo,Kandy,10:00,13:30,250.0,"[:Schedule {service_type: Semi-Luxury, arrival: 13:30, route_no: 38, route_type: normal, departure: 10:00, Source: 22-8, 38 Colombo - Ampara, Mahiyanganaya, Bibila 23.pdf}]","[:Fare {fare: 250.0, route_id: C001}]"
Colombo,Kandy,10:00,13:30,250.0,"[:Schedule {service_type: Semi-Luxury, arrival: 13:30, route_no: 38, route_type: normal, departure: 10:00, Source: 22-8, 38 Colombo - Ampara, Mahiyanganaya, Bibila 23.pdf}]","[:Fare {fare: 250.0, route_id: C001}]"
Colombo,Kandy,12:00,15:30,250.0,"[:Schedule {service_type: Normal, arrival: 15:30, route_no: 38, route_type: normal, departure: 12:00, Source: 22-8, 38 Colombo - Ampara, Mahiyanganaya, Bibila 23.pdf}]","[:Fare {fare: 250.0, route_id: C001}]"
Colombo,Kandy,12:00,15:30,250.0,"[:Schedule {service_type: Normal, arrival: 15:30, route_no: 38, route_type: normal, departure: 12:00, Source: 22-8, 38 Colombo - Ampara, Mahiyanganaya, Bibila 23.pdf}]","[:Fare {fare: 250.0, route_id: C001}]"
Colombo,Kandy,13:45,17:15,250.0,"[:Schedule {service_type: Semi-Luxury, arrival: 17:15, route_no: 38, route_type: normal, departure: 13:45, Source: 22-8, 38 Colombo - Ampara, Mahiyanganaya, Bibila 23.pdf}]","[:Fare {fare: 250.0, route_id: C001}]"
Colombo,Kandy,13:45,17:15,250.0,"[:Schedule {service_type: Semi-Luxury, arrival: 17:15, route_no: 38, route_type: normal, departure: 13:45, Source: 22-8, 38 Colombo - Ampara, Mahiyanganaya, Bibila 23.pdf}]","[:Fare {fare: 250.0, route_id: C001}]"
Colombo,Kandy,15:45,19:15,250.0,"[:Schedule {service_type: Semi-Luxury, arrival: 19:15, route_no: 38, route_type: normal, departure: 15:45, Source: 22-8, 38 Colombo - Ampara, Mahiyanganaya, Bibila 23.pdf}]","[:Fare {fare: 250.0, route_id: C001}]"
Colombo,Kandy,15:45,19:15,250.0,"[:Schedule {service_type: Semi-Luxury, arrival: 19:15, route_no: 38, route_type: normal, departure: 15:45, Source: 22-8, 38 Colombo - Ampara, Mahiyanganaya, Bibila 23.pdf}]","[:Fare {fare: 250.0, route_id: C001}]"
Colombo,Kandy,17:45,21:15,250.0,"[:Schedule {service_type: Normal, arrival: 21:15, route_no: 38, route_type: normal, departure: 17:45, Source: 22-8, 38 Colombo - Ampara, Mahiyanganaya, Bibila 23.pdf}]","[:Fare {fare: 250.0, route_id: C001}]"
Colombo,Kandy,17:45,21:15,250.0,"[:Schedule {service_type: Normal, arrival: 21:15, route_no: 38, route_type: normal, departure: 17:45, Source: 22-8, 38 Colombo - Ampara, Mahiyanganaya, Bibila 23.pdf}]","[:Fare {fare: 250.0, route_id: C001}]"
Colombo,Kandy,20:15,23:45,250.0,"[:Schedule {service_type: Normal, arrival: 23:45, route_no: 38, route_type: normal, departure: 20:15, Source: 22-8, 38 Colombo - Ampara, Mahiyanganaya, Bibila 23.pdf}]","[:Fare {fare: 250.0, route_id: C001}]"
Colombo,Kandy,20:15,23:45,250.0,"[:Schedule {service_type: Normal, arrival: 23:45, route_no: 38, route_type: normal, departure: 20:15, Source: 22-8, 38 Colombo - Ampara, Mahiyanganaya, Bibila 23.pdf}]","[:Fare {fare: 250.0, route_id: C001}]"
Colombo,Kandy,21:00,0:30,250.0,"[:Schedule {service_type: Normal, arrival: 0:30, route_no: 38, route_type: normal, departure: 21:00, Source: 22-8, 38 Colombo - Ampara, Mahiyanganaya, Bibila 23.pdf}]","[:Fare {fare: 250.0, route_id: C001}]"
Colombo,Kandy,21:00,0:30,250.0,"[:Schedule {service_type: Normal, arrival: 0:30, route_no: 38, route_type: normal, departure: 21:00, Source: 22-8, 38 Colombo - Ampara, Mahiyanganaya, Bibila 23.pdf}]","[:Fare {fare: 250.0, route_id: C001}]"
Colombo,Kandy,22:15,1:45,250.0,"[:Schedule {service_type: Normal, arrival: 1:45, route_no: 38, route_type: normal, departure: 22:15, Source: 22-8, 38 Colombo - Ampara, Mahiyanganaya, Bibila 23.pdf}]","[:Fare {fare: 250.0, route_id: C001}]"
Colombo,Kandy,22:15,1:45,250.0,"[:Schedule {service_type: Normal, arrival: 1:45, route_no: 38, route_type: normal, departure: 22:15, Source: 22-8, 38 Colombo - Ampara, Mahiyanganaya, Bibila 23.pdf}]","[:Fare {fare: 250.0, route_id: C001}]"
Colombo,Kandy,7:20,10:40,250.0,"[:Schedule {service_type: Semi-Luxury, arrival: 10:40, route_no: 22-7, route_type: normal, departure: 7:20, Source: 22-8, 38 Colombo - Ampara, Mahiyanganaya, Bibila 25.pdf}]","[:Fare {fare: 250.0, route_id: C001}]"
Colombo,Kandy,7:20,10:40,250.0,"[:Schedule {service_type: Semi-Luxury, arrival: 10:40, route_no: 22-7, route_type: normal, departure: 7:20, Source: 22-8, 38 Colombo - Ampara, Mahiyanganaya, Bibila 25.pdf}]","[:Fare {fare: 250.0, route_id: C001}]"